Drug_A,Drug_B,Cell_Line,Score,Label
2907,5311,A427,-9.913540803,0
2907,5311,CAOV3,32.89813653,1
2907,5311,LNCAP,-23.05236163,0
2907,5311,T47D,36.96806046,1
2907,5311,UWB1289,-4.604383128,0
2907,5311,VCAP,30.69582424,1
2907,5311,ZR751,33.64181551,1
2907,5394,A427,-4.56088079,0
2907,5394,CAOV3,-51.85738786,0
2907,5394,COLO320DM,-4.644369821,0
2907,5394,DLD1,-1.720242364,0
2907,5394,EFM192B,-5.333431839,0
2907,5394,HT29,-3.243736628,0
2907,5394,KPL1,-28.1622482,0
2907,5394,LOVO,-0.019538333,0
2907,5394,MDAMB436,-4.157453798,0
2907,5394,NCIH1650,-27.4583989,0
2907,5394,NCIH2122,-0.678274129,0
2907,5394,NCIH23,-7.478013592,0
2907,5394,OVCAR3,-10.42570876,0
2907,5394,SKOV3,-8.112207789,0
2907,5394,SW837,-37.77038905,0
2907,5394,T47D,-47.74951594,0
2907,5394,UWB1289,-6.443272985,0
2907,5394,VCAP,-7.789094289,0
2907,176870,A2058,-2.477100927,0
2907,176870,A2780,-0.009972219,0
2907,176870,A375,-4.231048403,0
2907,176870,CAOV3,-4.087085419,0
2907,176870,COLO320DM,-1.275546217,0
2907,176870,ES2,-4.66448783,0
2907,176870,HCT116,-3.70702275,0
2907,176870,HT144,-13.57168234,0
2907,176870,KPL1,-6.373246302,0
2907,176870,LNCAP,-29.89584273,0
2907,176870,LOVO,-3.072280744,0
2907,176870,MDAMB436,-5.410505674,0
2907,176870,MSTO,-11.81036447,0
2907,176870,NCIH1650,-7.649029445,0
2907,176870,NCIH23,-7.063968146,0
2907,176870,NCIH460,-8.72290383,0
2907,176870,OV90,-13.23937296,0
2907,176870,OVCAR3,-6.420695627,0
2907,176870,PA1,-0.045547222,0
2907,176870,RKO,-11.2879549,0
2907,176870,RPMI7951,-3.809283242,0
2907,176870,SKMEL30,-3.91554806,0
2907,176870,SW620,-11.92897578,0
2907,176870,SW837,-1.434718608,0
2907,176870,UACC62,-5.741127918,0
2907,208908,A2058,-2.779763458,0
2907,208908,A2780,-2.598652612,0
2907,208908,A375,-10.04213779,0
2907,208908,A427,-21.25150723,0
2907,208908,DLD1,-0.895732613,0
2907,208908,EFM192B,-4.696790911,0
2907,208908,ES2,-5.342947201,0
2907,208908,HCT116,-2.09761671,0
2907,208908,HT144,-12.54923127,0
2907,208908,KPL1,-7.465815843,0
2907,208908,LNCAP,-13.39055466,0
2907,208908,LOVO,-9.032689811,0
2907,208908,MSTO,-14.86962351,0
2907,208908,NCIH1650,-7.741116515,0
2907,208908,NCIH2122,-2.958369909,0
2907,208908,NCIH23,-2.369833365,0
2907,208908,NCIH460,-17.63280257,0
2907,208908,NCIH520,-0.515284269,0
2907,208908,OCUBM,-0.210308654,0
2907,208908,OV90,-12.78199443,0
2907,208908,PA1,-10.03576114,0
2907,208908,RKO,-8.700844881,0
2907,208908,RPMI7951,-9.272506953,0
2907,208908,SKMEL30,-12.4487957,0
2907,208908,SKMES1,-2.029502112,0
2907,208908,SKOV3,-3.813600599,0
2907,208908,SW620,-9.981856193,0
2907,208908,T47D,-5.980442242,0
2907,208908,UACC62,-16.42072751,0
2907,208908,UWB1289BRCA1,-2.097413551,0
2907,208908,VCAP,-4.82792384,0
2907,216239,KPL1,-0.771353371,0
2907,216239,LNCAP,-65.35527541,0
2907,216239,LOVO,-3.301070463,0
2907,216239,MSTO,-10.82105449,0
2907,216239,OVCAR3,-10.72593316,0
2907,216239,RPMI7951,-0.163227251,0
2907,216239,SW837,-0.966645188,0
2907,216239,T47D,-0.357384795,0
2907,216239,UACC62,-13.19055662,0
2907,216239,ZR751,-15.28187565,0
2907,216453,ES2,-0.24475622,0
2907,216453,HT144,-0.365139075,0
2907,216453,KPL1,-12.25271445,0
2907,216453,LOVO,-3.479588123,0
2907,216453,NCIH1650,-1.60077257,0
2907,216453,NCIH460,-1.217739434,0
2907,216453,OVCAR3,-34.66471219,0
2907,216453,T47D,-14.96860537,0
2907,216453,UWB1289BRCA1,-3.77102016,0
2907,216453,ZR751,-8.968554546,0
2907,387447,A2780,-11.26735375,0
2907,387447,A427,-8.502772728,0
2907,387447,CAOV3,-36.65413992,0
2907,387447,HT29,-16.67612259,0
2907,387447,KPL1,-15.40532685,0
2907,387447,MDAMB436,-0.619310964,0
2907,387447,NCIH1650,-14.47544863,0
2907,387447,NCIH520,-17.71924757,0
2907,387447,OV90,-1.897133837,0
2907,387447,OVCAR3,-25.17853705,0
2907,387447,SKMES1,-10.2518384,0
2907,387447,SKOV3,-2.662322654,0
2907,387447,T47D,-23.08859768,0
2907,387447,UACC62,-9.525027695,0
2907,387447,UWB1289,-17.38594039,0
2907,387447,UWB1289BRCA1,-16.03806129,0
2907,387447,VCAP,-1.054029239,0
2907,3062316,A375,-7.039252513,0
2907,3062316,ES2,-5.659802415,0
2907,3062316,HCT116,-28.00152206,0
2907,3062316,HT144,-53.79648119,0
2907,3062316,KPL1,-4.988167769,0
2907,3062316,LNCAP,-27.42883623,0
2907,3062316,MSTO,-16.99645444,0
2907,3062316,NCIH2122,-48.37729556,0
2907,3062316,NCIH460,-3.312764954,0
2907,3062316,OV90,-3.19591068,0
2907,3062316,OVCAR3,50.72841599,1
2907,3062316,SKMEL30,-24.34554135,0
2907,3062316,SKOV3,-5.820910392,0
2907,3062316,T47D,-15.33862999,0
2907,3062316,UACC62,-3.680153221,0
2907,3062316,UWB1289,-1.568277509,0
2907,3062316,ZR751,-16.76462773,0
2907,5288382,A2780,-9.965537092,0
2907,5288382,A375,-8.590118003,0
2907,5288382,A427,-2.184700402,0
2907,5288382,CAOV3,-6.541062748,0
2907,5288382,DLD1,-2.460812475,0
2907,5288382,ES2,-12.92243489,0
2907,5288382,HT144,-11.28078492,0
2907,5288382,MSTO,-19.45589953,0
2907,5288382,NCIH23,-1.437948727,0
2907,5288382,OV90,-5.78020129,0
2907,5288382,OVCAR3,-5.304145066,0
2907,5288382,PA1,-10.43984161,0
2907,5288382,RKO,-2.133530745,0
2907,5288382,RPMI7951,-6.309509387,0
2907,5288382,SKMEL30,-10.78081908,0
2907,5288382,SW620,-6.434764928,0
2907,5288382,SW837,-3.718968384,0
2907,5288382,T47D,-25.05944518,0
2907,5288382,UACC62,-13.0158698,0
2907,5288382,UWB1289,-8.10376924,0
2907,5288382,ZR751,-6.707725763,0
2907,5329102,HT144,-0.235016091,0
2907,5329102,LNCAP,-14.56500887,0
2907,5329102,RPMI7951,-2.108767604,0
2907,5329102,SW837,-1.079094363,0
2907,5329102,ZR751,-0.33504268,0
2907,9826528,A2058,-1.843010941,0
2907,9826528,A2780,-8.138271946,0
2907,9826528,A375,-2.150443052,0
2907,9826528,A427,-9.961044534,0
2907,9826528,CAOV3,31.65245495,1
2907,9826528,DLD1,-2.818802283,0
2907,9826528,EFM192B,-2.568152457,0
2907,9826528,ES2,-2.941958467,0
2907,9826528,HT144,-7.782678188,0
2907,9826528,LOVO,-3.885033928,0
2907,9826528,MDAMB436,-5.376208327,0
2907,9826528,MSTO,-14.17603986,0
2907,9826528,NCIH1650,-4.553468606,0
2907,9826528,NCIH460,-3.465709085,0
2907,9826528,OCUBM,-6.316488557,0
2907,9826528,OV90,-12.2633658,0
2907,9826528,PA1,-5.88626363,0
2907,9826528,RKO,-0.263209169,0
2907,9826528,RPMI7951,-6.574925791,0
2907,9826528,SKMEL30,-3.572047578,0
2907,9826528,SKMES1,-9.715853787,0
2907,9826528,SW620,-4.081865322,0
2907,9826528,SW837,-0.182049361,0
2907,9826528,T47D,-54.33920079,0
2907,9826528,UACC62,-9.330093025,0
2907,11520894,EFM192B,56.14483561,1
2907,11520894,KPL1,45.36507029,1
2907,11520894,LNCAP,-39.61912652,0
2907,11520894,OCUBM,42.78787674,1
2907,11520894,SKMEL30,34.48879438,1
2907,11520894,SW837,-2.190133483,0
2907,11520894,UWB1289,-9.673768534,0
2907,11960529,A427,-11.63887968,0
2907,11960529,ES2,-7.765952714,0
2907,11960529,KPL1,-10.6320112,0
2907,11960529,LNCAP,-13.96198475,0
2907,11960529,LOVO,-4.952741064,0
2907,11960529,NCIH1650,-3.985984683,0
2907,11960529,RPMI7951,-7.016517482,0
2907,11960529,SW837,-15.42055822,0
2907,11960529,T47D,-4.08859713,0
2907,11960529,UWB1289,-6.52771367,0
2907,11960529,UWB1289BRCA1,-8.40497407,0
2907,11960529,ZR751,-32.21629252,0
2907,11977753,LNCAP,67.79077683,1
2907,11977753,T47D,100.4024954,1
2907,11977753,UWB1289,32.06369794,1
2907,16224745,A427,-6.499720942,0
2907,16224745,CAOV3,-2.213013335,0
2907,16224745,HT29,-0.822583458,0
2907,16224745,KPL1,-18.7208177,0
2907,16224745,MDAMB436,-2.876242428,0
2907,16224745,MSTO,-17.29457907,0
2907,16224745,NCIH1650,-10.65970238,0
2907,16224745,NCIH2122,-10.50085667,0
2907,16224745,NCIH23,-8.207760148,0
2907,16224745,OVCAR3,-0.683654859,0
2907,16224745,SKMES1,-2.461228342,0
2907,16224745,SW837,-21.49748875,0
2907,16224745,T47D,-4.31321507,0
2907,16224745,UWB1289,-7.84170195,0
2907,16224745,UWB1289BRCA1,-7.709930473,0
2907,24748204,A2780,-3.013528255,0
2907,24748204,LNCAP,-44.89482989,0
2907,24748204,LOVO,-7.056699596,0
2907,24748204,NCIH460,-5.895400138,0
2907,24748204,SW837,-0.863652702,0
2907,24748204,UWB1289,-11.10468402,0
2907,24856436,EFM192B,-1.634016434,0
2907,24856436,LNCAP,-41.47720935,0
2907,24856436,LOVO,-4.0399195,0
2907,24856436,NCIH23,-2.384871794,0
2907,24856436,OV90,-2.76096107,0
2907,24856436,T47D,-8.212706736,0
2907,24856436,UWB1289,67.63674093,1
2907,24958200,A375,-1.328121222,0
2907,24958200,A427,-10.7346263,0
2907,24958200,EFM192B,-0.371497883,0
2907,24958200,ES2,-6.950321057,0
2907,24958200,HT144,-0.399138895,0
2907,24958200,LNCAP,-66.13421817,0
2907,24958200,LOVO,-13.74195139,0
2907,24958200,MSTO,-6.419720062,0
2907,24958200,NCIH23,-1.774150127,0
2907,24958200,NCIH460,-1.091727406,0
2907,24958200,PA1,-0.827278151,0
2907,24958200,RPMI7951,-0.093818486,0
2907,24958200,SKMEL30,-0.280705457,0
2907,24958200,SW837,-17.67207508,0
2907,24958200,T47D,-24.21855613,0
2907,24958200,UACC62,-13.88910739,0
2907,24964624,ES2,-0.63112687,0
2907,24964624,HT29,-0.319208457,0
2907,24964624,LNCAP,-115.3140291,0
2907,24964624,LOVO,-11.15448584,0
2907,24964624,T47D,37.41936164,1
2907,24964624,UWB1289,-8.701963258,0
2907,46926350,A2780,-3.247479641,0
2907,46926350,CAOV3,-17.60390771,0
2907,46926350,KPL1,-12.26423344,0
2907,46926350,LNCAP,56.67788114,1
2907,46926350,MDAMB436,-0.898396822,0
2907,46926350,NCIH23,-3.64729825,0
2907,46926350,OV90,-1.209368773,0
2907,46926350,PA1,-0.647160199,0
2907,46926350,SW837,-11.81288946,0
2907,46926350,UWB1289,-8.435198709,0
2907,46926350,UWB1289BRCA1,-7.624091135,0
3385,5311,A2058,-5.508119589,0
3385,5311,A2780,-3.848401273,0
3385,5311,A427,-31.94692955,0
3385,5311,CAOV3,-3.518537503,0
3385,5311,ES2,-1.689816761,0
3385,5311,HCT116,-8.735905545,0
3385,5311,HT144,-4.394725666,0
3385,5311,HT29,-1.42768389,0
3385,5311,KPL1,-4.343384834,0
3385,5311,LOVO,-8.398048463,0
3385,5311,NCIH23,-15.10567636,0
3385,5311,NCIH520,-7.702952771,0
3385,5311,OCUBM,-7.803497534,0
3385,5311,OV90,-0.210268239,0
3385,5311,PA1,-2.24688051,0
3385,5311,RPMI7951,-0.240638175,0
3385,5311,SKMEL30,-4.880397628,0
3385,5311,SW620,-17.22800516,0
3385,5311,SW837,-3.532158377,0
3385,5311,UWB1289,-0.548894112,0
3385,5311,ZR751,-20.67751276,0
3385,5394,A2780,-0.604352835,0
3385,5394,A375,-15.98333594,0
3385,5394,CAOV3,-35.66063407,0
3385,5394,DLD1,-4.753422053,0
3385,5394,EFM192B,-39.7171613,0
3385,5394,HCT116,-15.66309184,0
3385,5394,HT144,-24.286518,0
3385,5394,HT29,-13.17812058,0
3385,5394,KPL1,-32.03551474,0
3385,5394,LNCAP,-16.14608633,0
3385,5394,LOVO,-17.96614029,0
3385,5394,MSTO,-8.452318032,0
3385,5394,NCIH1650,-16.13611503,0
3385,5394,NCIH2122,-4.976433836,0
3385,5394,NCIH23,-22.41858189,0
3385,5394,NCIH460,-23.41105381,0
3385,5394,OCUBM,-15.12140115,0
3385,5394,OV90,-8.734577697,0
3385,5394,RKO,-9.323430376,0
3385,5394,SKMEL30,-55.9657771,0
3385,5394,SKOV3,-4.021491118,0
3385,5394,SW837,-44.6178968,0
3385,5394,T47D,-31.48916586,0
3385,5394,UACC62,-11.96862443,0
3385,5394,VCAP,-2.729516379,0
3385,5394,ZR751,-51.98862044,0
3385,176870,CAOV3,-7.951635169,0
3385,176870,KPL1,-3.015273458,0
3385,176870,LNCAP,-6.984395195,0
3385,176870,MSTO,-45.89376066,0
3385,176870,OV90,-11.04004585,0
3385,176870,T47D,-3.049710368,0
3385,208908,A427,-4.179454254,0
3385,208908,CAOV3,-6.77752803,0
3385,208908,KPL1,-9.537311313,0
3385,208908,LNCAP,-16.37649722,0
3385,208908,MSTO,-55.47026432,0
3385,208908,NCIH23,-8.734799525,0
3385,208908,NCIH460,-2.035012581,0
3385,208908,NCIH520,-7.263521908,0
3385,208908,OV90,-9.295070254,0
3385,208908,SW620,-2.41819166,0
3385,216239,CAOV3,-16.67220342,0
3385,216239,EFM192B,-9.022149207,0
3385,216239,HCT116,-1.955025391,0
3385,216239,HT29,-3.551610833,0
3385,216239,KPL1,-5.046283575,0
3385,216239,LNCAP,-13.39034615,0
3385,216239,LOVO,-13.81534377,0
3385,216239,MDAMB436,-4.304317076,0
3385,216239,MSTO,-13.50351384,0
3385,216239,NCIH1650,-2.500149835,0
3385,216239,NCIH2122,-3.768823231,0
3385,216239,NCIH23,-1.286810998,0
3385,216239,NCIH460,-0.895637539,0
3385,216239,OVCAR3,-18.31547421,0
3385,216239,RPMI7951,-5.041472651,0
3385,216239,SW837,-8.60896251,0
3385,216239,T47D,-4.531377558,0
3385,216239,ZR751,-11.36179266,0
3385,216453,CAOV3,-11.24456132,0
3385,216453,NCIH460,-0.561759117,0
3385,216453,SKMEL30,-57.88453337,0
3385,216453,SW837,-4.457131373,0
3385,387447,A2058,-5.239878448,0
3385,387447,A2780,-18.59912622,0
3385,387447,A375,-2.405334783,0
3385,387447,A427,-7.87670815,0
3385,387447,CAOV3,-35.27304184,0
3385,387447,COLO320DM,-10.97044616,0
3385,387447,EFM192B,-8.35611103,0
3385,387447,ES2,-16.13012533,0
3385,387447,HCT116,-4.51926945,0
3385,387447,HT144,-14.56978258,0
3385,387447,HT29,-15.95161347,0
3385,387447,KPL1,-2.997532726,0
3385,387447,LNCAP,-1.855232481,0
3385,387447,LOVO,-6.175982009,0
3385,387447,MDAMB436,-2.025565761,0
3385,387447,MSTO,52.48518972,1
3385,387447,NCIH1650,-15.77870569,0
3385,387447,NCIH2122,-16.69626568,0
3385,387447,NCIH23,-9.190964586,0
3385,387447,NCIH460,-18.99813026,0
3385,387447,NCIH520,-24.06755091,0
3385,387447,OCUBM,-7.508624839,0
3385,387447,OV90,-9.586166869,0
3385,387447,OVCAR3,-9.895036466,0
3385,387447,PA1,-20.70616808,0
3385,387447,RPMI7951,-10.47941439,0
3385,387447,SKMEL30,-172.8887021,0
3385,387447,SKMES1,-11.64272985,0
3385,387447,SKOV3,-4.604893623,0
3385,387447,SW620,-1.907966818,0
3385,387447,SW837,-1.3618595,0
3385,387447,UACC62,-17.84185108,0
3385,387447,UWB1289,-15.03075018,0
3385,387447,UWB1289BRCA1,-2.819780355,0
3385,387447,VCAP,-7.053510631,0
3385,387447,ZR751,-17.45137527,0
3385,3062316,A2058,31.12564418,1
3385,3062316,A2780,50.60366026,1
3385,3062316,HCT116,-7.819271786,0
3385,3062316,HT144,-22.97327812,0
3385,3062316,NCIH2122,-31.1947196,0
3385,3062316,NCIH520,42.73505144,1
3385,3062316,OCUBM,-6.043503552,0
3385,3062316,OVCAR3,57.03314711,1
3385,3062316,PA1,33.90828352,1
3385,3062316,SKMEL30,-4.618694814,0
3385,3062316,SW620,30.44463084,1
3385,5288382,CAOV3,-12.98670671,0
3385,5288382,ES2,-5.25702499,0
3385,5288382,HT29,-3.946071269,0
3385,5288382,LOVO,-6.353136659,0
3385,5288382,NCIH1650,-6.752269383,0
3385,5288382,NCIH2122,-2.692734853,0
3385,5288382,NCIH23,-9.33481084,0
3385,5288382,NCIH460,-2.446804514,0
3385,5288382,OCUBM,-0.938924849,0
3385,5288382,OVCAR3,-8.840446825,0
3385,5288382,PA1,-1.794612188,0
3385,5288382,RPMI7951,-8.084247184,0
3385,5288382,SKMEL30,-80.63896867,0
3385,5288382,SKOV3,-9.188164195,0
3385,5288382,SW620,-2.851271236,0
3385,5288382,SW837,-10.01418099,0
3385,5288382,T47D,30.67999441,1
3385,5288382,UACC62,-1.345401011,0
3385,5288382,UWB1289,-6.752981256,0
3385,5288382,UWB1289BRCA1,-7.747059794,0
3385,5288382,ZR751,-15.00928456,0
3385,5329102,EFM192B,-3.19593666,0
3385,5329102,LNCAP,-6.200837303,0
3385,5329102,MSTO,-19.19337264,0
3385,5329102,RPMI7951,-1.343261089,0
3385,5329102,SW837,-4.901836837,0
3385,9826528,A375,-1.792872312,0
3385,9826528,CAOV3,-1.127802619,0
3385,9826528,EFM192B,-3.034894245,0
3385,9826528,KPL1,-6.345032217,0
3385,9826528,LOVO,-6.245195086,0
3385,9826528,NCIH520,-1.142915464,0
3385,9826528,OV90,-6.566990006,0
3385,9826528,SKMEL30,-144.4016546,0
3385,9826528,SKMES1,-5.424553399,0
3385,9826528,T47D,46.99657957,1
3385,9826528,UACC62,-3.443232407,0
3385,9826528,ZR751,-7.018474235,0
3385,11520894,A2058,32.33623166,1
3385,11520894,MSTO,-34.43024988,0
3385,11520894,PA1,41.30121414,1
3385,11960529,A375,-1.198505438,0
3385,11960529,CAOV3,-5.139971221,0
3385,11960529,EFM192B,-5.089852856,0
3385,11960529,HT144,-3.701354746,0
3385,11960529,LOVO,-8.979213946,0
3385,11960529,MSTO,-1.793073865,0
3385,11960529,NCIH1650,-5.996370297,0
3385,11960529,NCIH23,-5.042652306,0
3385,11960529,NCIH460,-6.611947917,0
3385,11960529,OV90,-10.06884761,0
3385,11960529,RKO,-2.677587786,0
3385,11960529,RPMI7951,-2.17322193,0
3385,11960529,SKMEL30,-36.45922958,0
3385,11960529,SKMES1,-0.086424579,0
3385,11960529,SW837,-14.52310863,0
3385,11960529,UACC62,-1.583963783,0
3385,11960529,ZR751,-8.675317044,0
3385,11977753,LNCAP,55.29129934,1
3385,11977753,MSTO,-8.321116212,0
3385,11977753,SKMEL30,-73.13840165,0
3385,11977753,T47D,106.0071924,1
3385,16224745,A427,37.92676259,1
3385,16224745,CAOV3,57.10355598,1
3385,16224745,ES2,-10.66233849,0
3385,16224745,KPL1,-1.208769645,0
3385,16224745,MDAMB436,43.35485062,1
3385,16224745,MSTO,-28.69135036,0
3385,16224745,OCUBM,58.84964574,1
3385,16224745,SKMEL30,-81.44128366,0
3385,16224745,SW837,-20.52658286,0
3385,16224745,UWB1289,-7.730167746,0
3385,16224745,UWB1289BRCA1,-11.15156386,0
3385,16224745,ZR751,-0.408307311,0
3385,24748204,CAOV3,-13.04134069,0
3385,24748204,EFM192B,-0.31414384,0
3385,24748204,LNCAP,-20.6434715,0
3385,24748204,MSTO,-34.44593587,0
3385,24748204,NCIH1650,-0.65998377,0
3385,24748204,NCIH2122,-1.788640257,0
3385,24748204,NCIH23,-2.774618677,0
3385,24748204,NCIH460,-5.659480778,0
3385,24748204,RKO,-2.418031889,0
3385,24748204,SKMES1,-2.969522572,0
3385,24748204,SW837,-3.194708892,0
3385,24856436,HT29,-2.712205241,0
3385,24856436,KPL1,-2.061161349,0
3385,24856436,LOVO,-4.001507328,0
3385,24856436,MSTO,-32.99061919,0
3385,24856436,NCIH23,-7.115899185,0
3385,24856436,OCUBM,33.59292588,1
3385,24856436,OV90,-3.193651947,0
3385,24856436,SKMES1,33.3532584,1
3385,24856436,UWB1289,70.15816882,1
3385,24856436,VCAP,-0.998327533,0
3385,24958200,A375,-2.191356891,0
3385,24958200,CAOV3,-3.746010144,0
3385,24958200,EFM192B,-6.781376309,0
3385,24958200,ES2,-4.081486949,0
3385,24958200,HT144,-2.572706421,0
3385,24958200,KPL1,-3.723996971,0
3385,24958200,LNCAP,-24.4814919,0
3385,24958200,LOVO,-14.5737162,0
3385,24958200,MSTO,-54.84820211,0
3385,24958200,NCIH1650,-9.248017329,0
3385,24958200,NCIH23,-10.52634233,0
3385,24958200,NCIH460,-2.86047703,0
3385,24958200,OV90,-11.5759633,0
3385,24958200,OVCAR3,-1.837636378,0
3385,24958200,RKO,-0.321869637,0
3385,24958200,SKOV3,-0.060945557,0
3385,24958200,SW837,-12.72451513,0
3385,24958200,T47D,-9.881815829,0
3385,24964624,CAOV3,41.06914178,1
3385,24964624,EFM192B,-2.225501932,0
3385,24964624,MSTO,-35.31198822,0
3385,46926350,A2780,-8.161128639,0
3385,46926350,A375,-5.415934201,0
3385,46926350,A427,-7.747473682,0
3385,46926350,CAOV3,-14.34742589,0
3385,46926350,DLD1,-3.641267266,0
3385,46926350,HT144,-3.477422217,0
3385,46926350,HT29,-2.539408744,0
3385,46926350,LNCAP,-0.848044466,0
3385,46926350,LOVO,-11.87695993,0
3385,46926350,NCIH1650,-2.113223506,0
3385,46926350,NCIH23,-9.5337023,0
3385,46926350,NCIH460,-7.420980558,0
3385,46926350,NCIH520,-4.321048546,0
3385,46926350,OV90,-5.935579062,0
3385,46926350,PA1,-5.732865144,0
3385,46926350,RPMI7951,-5.68699024,0
3385,46926350,SKMEL30,-96.61714003,0
3385,46926350,SKMES1,-3.140341301,0
3385,46926350,SKOV3,-13.89910152,0
3385,46926350,SW620,-4.568071398,0
3385,46926350,SW837,-19.57332293,0
3385,46926350,T47D,-2.721986339,0
3385,46926350,UWB1289,-0.233190592,0
3385,46926350,ZR751,-13.58239014,0
4091,5311,A427,-17.14739769,0
4091,5311,ES2,-4.667402747,0
4091,5311,HT144,-2.70673511,0
4091,5311,MSTO,-1.894103893,0
4091,5311,NCIH23,-5.788244081,0
4091,5311,NCIH460,-4.584454212,0
4091,5311,OCUBM,-15.82768311,0
4091,5311,T47D,55.63110511,1
4091,5311,UACC62,-1.488001614,0
4091,5311,UWB1289BRCA1,-0.909311544,0
4091,5311,ZR751,-17.72204566,0
4091,5394,A2780,-5.308425827,0
4091,5394,A375,-3.794762052,0
4091,5394,A427,-5.560474322,0
4091,5394,CAOV3,-89.92810381,0
4091,5394,DLD1,-4.416578923,0
4091,5394,EFM192B,-30.51532048,0
4091,5394,ES2,-2.179727699,0
4091,5394,HCT116,-5.325345132,0
4091,5394,HT144,-10.42096896,0
4091,5394,HT29,-1.393987201,0
4091,5394,KPL1,-20.66547168,0
4091,5394,LNCAP,-4.155337634,0
4091,5394,LOVO,-5.98966918,0
4091,5394,MDAMB436,-2.016427238,0
4091,5394,MSTO,-5.18881613,0
4091,5394,NCIH1650,-9.075224068,0
4091,5394,NCIH2122,-3.057758777,0
4091,5394,NCIH23,-7.064671021,0
4091,5394,NCIH460,-9.901977541,0
4091,5394,NCIH520,-1.731889326,0
4091,5394,OCUBM,-19.31542727,0
4091,5394,OV90,-2.289828856,0
4091,5394,OVCAR3,-10.2103003,0
4091,5394,SKOV3,-14.10132845,0
4091,5394,SW620,-0.723835669,0
4091,5394,SW837,-15.55652416,0
4091,5394,T47D,-2.049060818,0
4091,5394,UACC62,-5.562166809,0
4091,5394,VCAP,-11.69491228,0
4091,5394,ZR751,-71.78942558,0
4091,176870,A427,-2.061649324,0
4091,176870,CAOV3,-11.10387958,0
4091,176870,COLO320DM,-2.21932275,0
4091,176870,ES2,-7.611044372,0
4091,176870,HCT116,-1.254756126,0
4091,176870,HT144,-3.472860371,0
4091,176870,HT29,-2.76787743,0
4091,176870,MSTO,43.26890492,1
4091,176870,NCIH1650,-12.14055499,0
4091,176870,NCIH23,-10.73994038,0
4091,176870,NCIH460,-4.398577101,0
4091,176870,NCIH520,-5.796278489,0
4091,176870,OV90,-9.942621259,0
4091,176870,OVCAR3,-14.02587326,0
4091,176870,RKO,-12.16139013,0
4091,176870,SKMEL30,-6.196866448,0
4091,176870,SW620,-7.55506408,0
4091,208908,A2780,-2.174460877,0
4091,208908,A375,-5.629217862,0
4091,208908,A427,-13.57408823,0
4091,208908,ES2,-8.444400298,0
4091,208908,HT144,-2.1272973,0
4091,208908,NCIH1650,-9.445499442,0
4091,208908,NCIH23,-8.834417466,0
4091,208908,NCIH460,-7.018429352,0
4091,208908,NCIH520,-7.110797906,0
4091,208908,OCUBM,-1.576386903,0
4091,208908,OV90,-13.89722716,0
4091,208908,RKO,-3.25865034,0
4091,208908,SKMEL30,-4.166109685,0
4091,208908,SW620,-6.512916584,0
4091,208908,VCAP,-4.993489262,0
4091,216239,CAOV3,-2.978858743,0
4091,216239,KPL1,-1.787536289,0
4091,216239,LOVO,-3.263749395,0
4091,216239,MSTO,-9.13985884,0
4091,216239,OVCAR3,-5.966610796,0
4091,216239,ZR751,-18.50403421,0
4091,216453,COLO320DM,-0.644858848,0
4091,216453,HCT116,-4.483189505,0
4091,216453,HT144,-0.547147688,0
4091,216453,KPL1,-11.38830342,0
4091,216453,MSTO,-9.647341975,0
4091,216453,NCIH1650,-4.928431303,0
4091,216453,OVCAR3,-6.848212054,0
4091,216453,RKO,-6.404031388,0
4091,216453,ZR751,-10.09594877,0
4091,387447,A2058,-20.46692309,0
4091,387447,A2780,-16.41071723,0
4091,387447,A427,-16.53144705,0
4091,387447,CAOV3,-8.027102483,0
4091,387447,COLO320DM,-32.63817694,0
4091,387447,EFM192B,-6.762729163,0
4091,387447,HCT116,-3.264920089,0
4091,387447,HT144,-7.950118811,0
4091,387447,HT29,-18.44897928,0
4091,387447,KPL1,-31.53664838,0
4091,387447,LNCAP,-8.489993289,0
4091,387447,LOVO,-3.955374776,0
4091,387447,MDAMB436,-4.641525683,0
4091,387447,MSTO,51.00137402,1
4091,387447,NCIH1650,-31.13257721,0
4091,387447,NCIH23,-7.733340214,0
4091,387447,NCIH460,-4.784684489,0
4091,387447,NCIH520,-17.21462959,0
4091,387447,OCUBM,-16.08642191,0
4091,387447,OV90,-4.328188897,0
4091,387447,OVCAR3,-1.181561816,0
4091,387447,RKO,-19.69298483,0
4091,387447,RPMI7951,-6.232074096,0
4091,387447,SKMEL30,-8.589077393,0
4091,387447,SKMES1,-8.973387286,0
4091,387447,SKOV3,-14.75381792,0
4091,387447,SW620,-5.089268095,0
4091,387447,SW837,-4.479404653,0
4091,387447,T47D,-8.762215376,0
4091,387447,UACC62,-9.218056733,0
4091,387447,UWB1289,-14.89923887,0
4091,387447,UWB1289BRCA1,-5.038072777,0
4091,387447,VCAP,-18.12776366,0
4091,387447,ZR751,-21.04432716,0
4091,3062316,A375,-5.260885506,0
4091,3062316,CAOV3,-0.673257562,0
4091,3062316,ES2,-8.047696111,0
4091,3062316,HCT116,-31.91073337,0
4091,3062316,HT144,-38.9127885,0
4091,3062316,MSTO,98.80382093,1
4091,3062316,NCIH2122,-65.77770455,0
4091,3062316,NCIH23,-7.933967421,0
4091,3062316,OCUBM,-1.18934201,0
4091,3062316,OV90,-3.987900895,0
4091,3062316,OVCAR3,48.87975472,1
4091,3062316,SKMEL30,-24.72586416,0
4091,3062316,SKMES1,-1.160666563,0
4091,3062316,SKOV3,-7.652046791,0
4091,3062316,UACC62,-0.704147366,0
4091,3062316,ZR751,-11.34910278,0
4091,5288382,A2780,-11.48486153,0
4091,5288382,A375,-3.00240968,0
4091,5288382,CAOV3,-13.89930511,0
4091,5288382,COLO320DM,-3.700843975,0
4091,5288382,EFM192B,-6.718756537,0
4091,5288382,ES2,-14.91922498,0
4091,5288382,HCT116,-0.566734268,0
4091,5288382,HT144,-13.93989251,0
4091,5288382,HT29,-10.55194736,0
4091,5288382,KPL1,-12.12358589,0
4091,5288382,LOVO,-14.01295594,0
4091,5288382,MSTO,-1.274178944,0
4091,5288382,NCIH1650,-8.876418764,0
4091,5288382,NCIH2122,-11.34394095,0
4091,5288382,NCIH23,-14.94304843,0
4091,5288382,NCIH460,-5.124719072,0
4091,5288382,NCIH520,-4.356456828,0
4091,5288382,OCUBM,-36.35982194,0
4091,5288382,OV90,-16.80050416,0
4091,5288382,OVCAR3,-10.03022529,0
4091,5288382,RKO,-10.92224151,0
4091,5288382,RPMI7951,-18.33544803,0
4091,5288382,SKMEL30,-4.324910107,0
4091,5288382,SKOV3,-15.06588144,0
4091,5288382,SW620,-12.73848547,0
4091,5288382,SW837,-13.00865844,0
4091,5288382,T47D,-8.033921487,0
4091,5288382,UACC62,-12.09323954,0
4091,5288382,UWB1289,-12.27541868,0
4091,5288382,UWB1289BRCA1,-5.263276078,0
4091,5288382,VCAP,-15.40444384,0
4091,5288382,ZR751,-19.42750635,0
4091,5329102,HT144,-0.323460627,0
4091,5329102,LNCAP,-0.048804222,0
4091,5329102,NCIH460,-0.078163244,0
4091,5329102,RPMI7951,-3.598395656,0
4091,5329102,SW837,-7.606401486,0
4091,5329102,ZR751,-9.124291476,0
4091,9826528,A2780,-5.092944811,0
4091,9826528,A427,-4.997991791,0
4091,9826528,COLO320DM,-2.559217403,0
4091,9826528,EFM192B,-15.3472795,0
4091,9826528,ES2,-7.096244645,0
4091,9826528,HCT116,-8.546474146,0
4091,9826528,HT144,-3.810899035,0
4091,9826528,HT29,-9.460397991,0
4091,9826528,KPL1,-16.73572752,0
4091,9826528,LOVO,-15.73853283,0
4091,9826528,MDAMB436,-8.098221454,0
4091,9826528,MSTO,-1.719219585,0
4091,9826528,NCIH1650,-6.640139543,0
4091,9826528,NCIH2122,-1.929988422,0
4091,9826528,NCIH23,-12.91235215,0
4091,9826528,NCIH460,-5.74061525,0
4091,9826528,NCIH520,-0.741471779,0
4091,9826528,OCUBM,-19.05390672,0
4091,9826528,OV90,-9.623807868,0
4091,9826528,RKO,-11.4270221,0
4091,9826528,RPMI7951,-9.780385632,0
4091,9826528,SKMES1,-4.716387194,0
4091,9826528,SKOV3,-7.435316858,0
4091,9826528,SW620,-7.726737329,0
4091,9826528,SW837,-16.38505489,0
4091,9826528,UACC62,-8.753620671,0
4091,9826528,UWB1289BRCA1,-0.210013898,0
4091,9826528,VCAP,-11.27055053,0
4091,9826528,ZR751,-17.79385017,0
4091,11520894,EFM192B,46.25636535,1
4091,11520894,MSTO,-2.560362393,0
4091,11520894,PA1,-1.835149928,0
4091,11520894,SW837,-1.790586286,0
4091,11520894,T47D,54.12675087,1
4091,11520894,UWB1289BRCA1,-1.39587407,0
4091,11960529,A2780,-0.383516642,0
4091,11960529,A375,-9.09284686,0
4091,11960529,A427,-11.71911643,0
4091,11960529,COLO320DM,-1.655001354,0
4091,11960529,DLD1,-2.18121588,0
4091,11960529,ES2,-11.1880301,0
4091,11960529,HCT116,-0.455075086,0
4091,11960529,HT144,-7.006615078,0
4091,11960529,HT29,-2.851690445,0
4091,11960529,KPL1,-11.52682193,0
4091,11960529,LOVO,-5.391053691,0
4091,11960529,NCIH1650,-7.394707868,0
4091,11960529,NCIH2122,-5.356283129,0
4091,11960529,NCIH23,-3.198115412,0
4091,11960529,NCIH460,-3.316902805,0
4091,11960529,NCIH520,-2.912708287,0
4091,11960529,OCUBM,-0.10495244,0
4091,11960529,RKO,-4.94638389,0
4091,11960529,RPMI7951,-10.68107062,0
4091,11960529,SKMEL30,-3.061546335,0
4091,11960529,SKOV3,-1.536473725,0
4091,11960529,SW620,-3.009638086,0
4091,11960529,SW837,-24.12093675,0
4091,11960529,T47D,-24.07164482,0
4091,11960529,UACC62,-8.285234297,0
4091,11960529,UWB1289BRCA1,-1.563089166,0
4091,11960529,VCAP,-11.9249777,0
4091,11960529,ZR751,-16.56767209,0
4091,11977753,CAOV3,36.42485052,1
4091,11977753,LNCAP,72.74054899,1
4091,11977753,MSTO,-0.166196784,0
4091,11977753,RKO,-0.105193149,0
4091,11977753,T47D,111.9594401,1
4091,11977753,UWB1289,36.43787853,1
4091,16224745,A375,-1.416816574,0
4091,16224745,A427,-9.757976102,0
4091,16224745,ES2,-7.427459935,0
4091,16224745,HCT116,-0.009923036,0
4091,16224745,HT29,-1.374302375,0
4091,16224745,KPL1,-11.63073861,0
4091,16224745,LNCAP,-2.496555726,0
4091,16224745,MSTO,-38.45653539,0
4091,16224745,NCIH2122,-9.791245033,0
4091,16224745,NCIH460,-11.64385468,0
4091,16224745,NCIH520,-6.449294058,0
4091,16224745,PA1,-2.00679372,0
4091,16224745,RPMI7951,-2.391736684,0
4091,16224745,SKMES1,-0.741066877,0
4091,16224745,SW837,-10.64272595,0
4091,16224745,UACC62,-3.804206068,0
4091,16224745,UWB1289,-5.480801174,0
4091,16224745,UWB1289BRCA1,-9.363500181,0
4091,16224745,ZR751,-37.64633317,0
4091,24748204,A427,-3.789173351,0
4091,24748204,CAOV3,-10.53436937,0
4091,24748204,EFM192B,-2.737297126,0
4091,24748204,ES2,-0.298554462,0
4091,24748204,HCT116,-0.517199083,0
4091,24748204,HT144,-1.675605829,0
4091,24748204,KPL1,-4.345311394,0
4091,24748204,LOVO,-8.19848652,0
4091,24748204,MSTO,-2.618820865,0
4091,24748204,NCIH460,-9.35414409,0
4091,24748204,NCIH520,-1.070494053,0
4091,24748204,OVCAR3,-9.998166854,0
4091,24748204,T47D,31.27231388,1
4091,24748204,ZR751,-11.51327879,0
4091,24856436,CAOV3,-3.354603131,0
4091,24856436,COLO320DM,-0.981455852,0
4091,24856436,EFM192B,-9.763160514,0
4091,24856436,LOVO,-0.805492522,0
4091,24856436,NCIH2122,-0.810159539,0
4091,24856436,NCIH460,-3.743122749,0
4091,24856436,UWB1289,72.23243261,1
4091,24856436,UWB1289BRCA1,-0.612265719,0
4091,24856436,ZR751,-17.07499512,0
4091,24958200,A427,-3.725787883,0
4091,24958200,CAOV3,-6.66277481,0
4091,24958200,ES2,-0.877713823,0
4091,24958200,LNCAP,-2.614351917,0
4091,24958200,LOVO,-7.318763761,0
4091,24958200,MSTO,-5.34437383,0
4091,24958200,NCIH23,-1.660529461,0
4091,24958200,NCIH520,-0.737404087,0
4091,24958200,OV90,-0.975292145,0
4091,24958200,SW837,-14.77788579,0
4091,24958200,UACC62,-11.73977474,0
4091,24958200,UWB1289BRCA1,-2.697132839,0
4091,24958200,ZR751,-7.351932586,0
4091,24964624,CAOV3,-8.359527045,0
4091,24964624,EFM192B,-6.072997805,0
4091,24964624,HT29,-0.452404129,0
4091,24964624,LOVO,-4.86589149,0
4091,24964624,NCIH1650,-1.629714889,0
4091,24964624,NCIH2122,-2.172673414,0
4091,24964624,NCIH23,-1.218947703,0
4091,24964624,NCIH460,-12.90863978,0
4091,24964624,OVCAR3,-4.980723189,0
4091,24964624,SKMEL30,-6.278899064,0
4091,24964624,SKMES1,-0.232327954,0
4091,24964624,SW837,-7.802051956,0
4091,24964624,T47D,51.18416682,1
4091,24964624,UACC62,-3.481630051,0
4091,24964624,UWB1289BRCA1,-7.79869139,0
4091,24964624,ZR751,-7.107517098,0
4091,46926350,A2780,-1.682572401,0
4091,46926350,CAOV3,-13.18277329,0
4091,46926350,ES2,-7.5952409,0
4091,46926350,HCT116,-5.771405325,0
4091,46926350,HT144,-7.736143241,0
4091,46926350,HT29,-3.808151565,0
4091,46926350,KPL1,-6.380700658,0
4091,46926350,LOVO,-4.712548121,0
4091,46926350,NCIH460,-1.639304296,0
4091,46926350,NCIH520,-4.55364859,0
4091,46926350,OCUBM,-9.829902657,0
4091,46926350,OV90,-14.51763757,0
4091,46926350,PA1,-3.47029925,0
4091,46926350,SW837,-6.679906176,0
4091,46926350,T47D,-6.443326753,0
4091,46926350,UACC62,-12.57454143,0
4091,46926350,UWB1289,-0.64389925,0
4091,46926350,UWB1289BRCA1,-4.869107715,0
4091,46926350,ZR751,-16.45559122,0
5311,5394,A427,-9.067057,0
5311,5394,CAOV3,-5.586464398,0
5311,5394,ES2,30.76330289,1
5311,5394,HCT116,-5.951822715,0
5311,5394,KPL1,-8.289813957,0
5311,5394,LNCAP,50.72094312,1
5311,5394,MSTO,31.18208682,1
5311,5394,NCIH1650,-8.969450934,0
5311,5394,NCIH2122,-2.365049635,0
5311,5394,NCIH23,-24.59726946,0
5311,5394,OCUBM,-7.867212411,0
5311,5394,SKMES1,31.40521002,1
5311,5394,UWB1289BRCA1,-2.246555232,0
5311,5394,ZR751,-9.474624791,0
5311,60700,HCT116,-6.478407822,0
5311,60700,LNCAP,-135.363072,0
5311,60700,NCIH1650,-8.786850695,0
5311,60700,NCIH23,-1.034920474,0
5311,60700,NCIH460,-10.91565088,0
5311,60700,OCUBM,-2.472170078,0
5311,60700,OVCAR3,-1.053790801,0
5311,60700,PA1,-8.139632509,0
5311,60700,SKMEL30,-0.999305207,0
5311,60750,A2058,-9.44646267,0
5311,60750,A375,-4.181895384,0
5311,60750,A427,-21.05938689,0
5311,60750,CAOV3,-10.2134141,0
5311,60750,EFM192B,-5.159177122,0
5311,60750,HCT116,-19.24983144,0
5311,60750,HT29,-5.005857868,0
5311,60750,LNCAP,-66.71886143,0
5311,60750,NCIH1650,-22.28575843,0
5311,60750,NCIH460,-11.95518404,0
5311,60750,OCUBM,-14.59829233,0
5311,60750,OVCAR3,-6.942813591,0
5311,60750,PA1,-6.727420265,0
5311,60750,RKO,-11.46667309,0
5311,60750,SKMES1,-9.425993134,0
5311,60750,SKOV3,-4.165150808,0
5311,60750,SW620,-12.22349839,0
5311,60750,UACC62,-1.888858944,0
5311,104842,A2058,-10.4587941,0
5311,104842,A427,-18.60291882,0
5311,104842,CAOV3,-3.328120754,0
5311,104842,HCT116,-5.840654221,0
5311,104842,LNCAP,32.86179122,1
5311,104842,LOVO,-3.950777377,0
5311,104842,MDAMB436,-3.088087368,0
5311,104842,MSTO,57.50199885,1
5311,104842,NCIH23,-14.83803037,0
5311,104842,NCIH520,-3.324421857,0
5311,104842,OCUBM,-5.477160928,0
5311,104842,PA1,-15.60815211,0
5311,104842,SKMEL30,-3.417755393,0
5311,104842,SW620,-17.2115523,0
5311,176870,COLO320DM,39.03138283,1
5311,176870,HCT116,-0.628600535,0
5311,176870,LNCAP,44.00477646,1
5311,176870,MSTO,55.44928873,1
5311,176870,NCIH2122,30.73178066,1
5311,176870,NCIH23,-17.01664381,0
5311,176870,SW620,-10.65550588,0
5311,176870,SW837,37.62920783,1
5311,176870,VCAP,69.68689858,1
5311,208908,A2058,-11.55125653,0
5311,208908,A427,-48.03141936,0
5311,208908,CAOV3,39.76915505,1
5311,208908,MSTO,58.97625807,1
5311,208908,NCIH23,-15.53314237,0
5311,208908,NCIH460,-2.133873724,0
5311,208908,NCIH520,-9.297446882,0
5311,208908,T47D,-21.4936689,0
5311,208908,UACC62,30.91690633,1
5311,208908,VCAP,38.79002832,1
5311,216239,A2058,-5.582687009,0
5311,216239,A2780,-8.574749698,0
5311,216239,A427,-8.003764443,0
5311,216239,COLO320DM,-5.884751252,0
5311,216239,EFM192B,-6.898153537,0
5311,216239,ES2,-6.896772834,0
5311,216239,HT144,-8.564026616,0
5311,216239,HT29,-10.42626297,0
5311,216239,KPL1,-5.159422536,0
5311,216239,LNCAP,-3.172312438,0
5311,216239,LOVO,-18.07968202,0
5311,216239,MDAMB436,-3.807807713,0
5311,216239,MSTO,-3.859836423,0
5311,216239,NCIH2122,-6.261779768,0
5311,216239,NCIH23,-13.92343731,0
5311,216239,NCIH520,-0.707777889,0
5311,216239,OCUBM,-5.94891998,0
5311,216239,OV90,-0.279894014,0
5311,216239,OVCAR3,-13.10440865,0
5311,216239,PA1,-5.790126103,0
5311,216239,RPMI7951,-14.2526387,0
5311,216239,SKMEL30,-0.886914749,0
5311,216239,SKOV3,-1.765825452,0
5311,216239,SW620,-13.26297526,0
5311,216239,SW837,-4.327009751,0
5311,216239,UACC62,-8.929806811,0
5311,216239,VCAP,-6.252657443,0
5311,216239,ZR751,-34.19167302,0
5311,387447,A2780,-20.8774682,0
5311,387447,A427,-46.20067419,0
5311,387447,CAOV3,-16.1556018,0
5311,387447,COLO320DM,-17.25076955,0
5311,387447,HCT116,-3.824903086,0
5311,387447,HT29,-1.059995497,0
5311,387447,LOVO,-0.472811029,0
5311,387447,MSTO,74.16789711,1
5311,387447,NCIH1650,-14.9686878,0
5311,387447,NCIH23,-19.28257639,0
5311,387447,NCIH520,-18.64505918,0
5311,387447,OCUBM,-11.73951388,0
5311,387447,OVCAR3,-15.57339315,0
5311,387447,PA1,-15.73952839,0
5311,387447,RPMI7951,-1.188735,0
5311,387447,SKMEL30,-2.498125277,0
5311,387447,SKOV3,30.8835092,1
5311,387447,UACC62,-1.495836508,0
5311,387447,UWB1289,-24.13899884,0
5311,387447,UWB1289BRCA1,-0.08400315,0
5311,3062316,A2058,48.60433162,1
5311,3062316,A375,-11.30830162,0
5311,3062316,A427,-3.64280889,0
5311,3062316,EFM192B,49.72976273,1
5311,3062316,HT144,33.79447822,1
5311,3062316,LNCAP,43.65732804,1
5311,3062316,MSTO,103.9661222,1
5311,3062316,NCIH1650,30.89131084,1
5311,3062316,NCIH2122,-40.21973146,0
5311,3062316,NCIH23,-2.167924311,0
5311,3062316,OCUBM,-8.460771889,0
5311,3062316,OVCAR3,46.33547623,1
5311,3062316,SKMES1,-5.704437736,0
5311,3062316,SKOV3,-3.461029499,0
5311,3062316,SW837,30.50129889,1
5311,3062316,UWB1289,-4.293770897,0
5311,5288382,A2058,-6.835504808,0
5311,5288382,A2780,-22.46508824,0
5311,5288382,A375,-33.85550091,0
5311,5288382,A427,-39.78138921,0
5311,5288382,EFM192B,-13.80098862,0
5311,5288382,HCT116,-15.94115582,0
5311,5288382,HT144,-23.88728481,0
5311,5288382,HT29,-3.157043827,0
5311,5288382,LNCAP,39.88891584,1
5311,5288382,LOVO,-7.712031573,0
5311,5288382,NCIH1650,-18.86420507,0
5311,5288382,NCIH2122,-14.34758418,0
5311,5288382,NCIH23,-47.95872443,0
5311,5288382,NCIH460,-43.28710749,0
5311,5288382,NCIH520,-13.992675,0
5311,5288382,OCUBM,-12.99752828,0
5311,5288382,OV90,-5.855379145,0
5311,5288382,OVCAR3,-13.22817219,0
5311,5288382,RKO,-12.00373634,0
5311,5288382,RPMI7951,-18.77077469,0
5311,5288382,SKMEL30,-10.25733493,0
5311,5288382,SKMES1,-28.6774809,0
5311,5288382,SKOV3,-3.746093736,0
5311,5288382,SW620,-35.29735533,0
5311,5288382,SW837,-9.904677004,0
5311,5288382,T47D,-1.006320257,0
5311,5288382,UACC62,-31.26054794,0
5311,5288382,UWB1289,-5.684022097,0
5311,5288382,UWB1289BRCA1,-11.58254217,0
5311,5288382,ZR751,-22.21608303,0
5311,5329102,A2058,-8.966085352,0
5311,5329102,A2780,-7.622511758,0
5311,5329102,A427,-25.06988639,0
5311,5329102,COLO320DM,-2.352510392,0
5311,5329102,EFM192B,-6.25620828,0
5311,5329102,HT144,-10.84233331,0
5311,5329102,HT29,-0.536953482,0
5311,5329102,LNCAP,-11.66352115,0
5311,5329102,MSTO,-25.14552857,0
5311,5329102,NCIH1650,-6.88100755,0
5311,5329102,NCIH23,-16.71952386,0
5311,5329102,NCIH460,-1.204786513,0
5311,5329102,NCIH520,-4.280959085,0
5311,5329102,OCUBM,-5.343150497,0
5311,5329102,PA1,-7.74008825,0
5311,5329102,RKO,-4.420136286,0
5311,5329102,RPMI7951,-11.93879823,0
5311,5329102,SKMEL30,-7.285718785,0
5311,5329102,SKMES1,-4.08567634,0
5311,5329102,SKOV3,-4.376951677,0
5311,5329102,SW620,-12.80503568,0
5311,5329102,SW837,-13.42316359,0
5311,5329102,UACC62,-1.990677506,0
5311,5329102,ZR751,-10.47545237,0
5311,9826528,A2058,-3.872152862,0
5311,9826528,A375,-33.42692146,0
5311,9826528,A427,-54.42185185,0
5311,9826528,ES2,33.46549866,1
5311,9826528,HT144,-30.72342614,0
5311,9826528,KPL1,-4.202404439,0
5311,9826528,LNCAP,71.11494646,1
5311,9826528,MSTO,-18.06007862,0
5311,9826528,NCIH1650,-1.039256911,0
5311,9826528,NCIH23,-31.27099686,0
5311,9826528,NCIH460,-12.10081511,0
5311,9826528,NCIH520,-4.982150844,0
5311,9826528,RPMI7951,-7.752942585,0
5311,9826528,SKMEL30,-0.700302705,0
5311,9826528,SKMES1,-24.35969977,0
5311,9826528,SW620,-28.41260331,0
5311,9826528,UACC62,-20.84398535,0
5311,9826528,UWB1289,30.40407233,1
5311,9887053,A2058,-7.533671842,0
5311,9887053,A2780,-10.8309789,0
5311,9887053,A375,-10.12639396,0
5311,9887053,A427,-5.466695182,0
5311,9887053,DLD1,-0.533227993,0
5311,9887053,EFM192B,-4.483640451,0
5311,9887053,ES2,-4.278504501,0
5311,9887053,HCT116,-5.73553789,0
5311,9887053,HT144,-6.992484524,0
5311,9887053,LOVO,-10.08155517,0
5311,9887053,MSTO,35.44855141,1
5311,9887053,NCIH23,-28.82838698,0
5311,9887053,NCIH460,-16.53726671,0
5311,9887053,NCIH520,-9.845186574,0
5311,9887053,OCUBM,-1.919654179,0
5311,9887053,PA1,-14.19301844,0
5311,9887053,RKO,-14.07692868,0
5311,9887053,RPMI7951,-7.383179205,0
5311,9887053,SKMEL30,-11.67107046,0
5311,9887053,SW620,-17.36748656,0
5311,9887053,UACC62,-1.466569185,0
5311,9887053,ZR751,-12.43479926,0
5311,11520894,A2780,41.26674154,1
5311,11520894,CAOV3,48.36857672,1
5311,11520894,EFM192B,33.23479629,1
5311,11520894,KPL1,40.62336004,1
5311,11520894,NCIH520,-0.844489472,0
5311,11520894,OCUBM,-7.420847126,0
5311,11520894,RKO,37.79751124,1
5311,11520894,SKMEL30,32.18298321,1
5311,11520894,SKOV3,35.55778545,1
5311,11520894,ZR751,-2.916191015,0
5311,11960529,A427,-58.52327953,0
5311,11960529,LNCAP,49.33693535,1
5311,11960529,MSTO,55.19369824,1
5311,11960529,NCIH1650,-3.536353014,0
5311,11960529,NCIH460,-0.987659904,0
5311,11960529,OCUBM,-0.666964708,0
5311,11960529,RKO,-0.819536397,0
5311,11960529,SKMEL30,-0.198842912,0
5311,11977753,A427,-38.27421098,0
5311,11977753,CAOV3,42.93750716,1
5311,11977753,LNCAP,96.70016552,1
5311,11977753,MSTO,55.52670442,1
5311,11977753,NCIH23,-3.603399049,0
5311,11977753,OCUBM,-2.165707983,0
5311,11977753,SW620,-4.460737605,0
5311,11977753,T47D,109.7250532,1
5311,16224745,A2058,42.03597643,1
5311,16224745,A375,43.78931082,1
5311,16224745,A427,-1.369450158,0
5311,16224745,KPL1,-4.197399711,0
5311,16224745,LNCAP,33.64030053,1
5311,16224745,MSTO,35.32093285,1
5311,16224745,NCIH1650,-0.771172874,0
5311,16224745,NCIH460,-6.599346687,0
5311,16224745,OV90,-1.721886734,0
5311,16224745,OVCAR3,-3.103242429,0
5311,16224745,SKOV3,36.87808006,1
5311,16224745,SW837,-2.866008088,0
5311,16224745,T47D,-27.7271977,0
5311,16224745,UWB1289BRCA1,-17.08562781,0
5311,16224745,ZR751,-30.21666905,0
5311,24748204,A2058,-16.92915593,0
5311,24748204,A427,-12.01522355,0
5311,24748204,LOVO,-0.518854633,0
5311,24748204,MDAMB436,-0.899321821,0
5311,24748204,MSTO,43.00794399,1
5311,24748204,NCIH23,-14.38157583,0
5311,24748204,NCIH460,-15.54919411,0
5311,24748204,OCUBM,-3.241909884,0
5311,24748204,PA1,-8.408909849,0
5311,24748204,SKMES1,-5.721841502,0
5311,24748204,SW620,-0.403799069,0
5311,24748204,T47D,36.60827466,1
5311,24748204,UACC62,-2.529379309,0
5311,24748204,UWB1289,-1.535110219,0
5311,24748204,ZR751,-13.05323927,0
5311,24856436,A2058,-5.765572483,0
5311,24856436,A427,-15.37435912,0
5311,24856436,HT144,-0.485421848,0
5311,24856436,HT29,-3.079778484,0
5311,24856436,NCIH2122,-0.608148386,0
5311,24856436,NCIH460,-0.264424747,0
5311,24856436,NCIH520,-0.836890494,0
5311,24856436,OV90,-5.03395913,0
5311,24856436,PA1,-0.490322808,0
5311,24856436,RKO,-1.73536706,0
5311,24856436,SKMEL30,-12.61182896,0
5311,24856436,SW620,-5.037714387,0
5311,24856436,UWB1289,84.40288906,1
5311,24856436,VCAP,-4.124492345,0
5311,24856436,ZR751,-20.67853655,0
5311,24958200,A427,-15.73278728,0
5311,24958200,CAOV3,-10.70195784,0
5311,24958200,DLD1,-2.386540467,0
5311,24958200,ES2,-2.681572807,0
5311,24958200,HCT116,-4.32829978,0
5311,24958200,KPL1,-1.874672854,0
5311,24958200,LOVO,-3.640807019,0
5311,24958200,MSTO,45.73885959,1
5311,24958200,NCIH23,-16.74983057,0
5311,24958200,NCIH520,-3.062591179,0
5311,24958200,OCUBM,-3.809199229,0
5311,24958200,OV90,-2.851401595,0
5311,24958200,PA1,-2.123627888,0
5311,24958200,RKO,-2.855516498,0
5311,24958200,SKMEL30,-8.675467673,0
5311,24958200,SW620,-9.56198937,0
5311,24958200,T47D,-3.309461068,0
5311,24964624,A427,-6.51128168,0
5311,24964624,CAOV3,79.60129946,1
5311,24964624,EFM192B,-3.020027651,0
5311,24964624,HT29,41.43345757,1
5311,24964624,KPL1,51.95679319,1
5311,24964624,LNCAP,37.39952512,1
5311,24964624,MSTO,79.58112895,1
5311,24964624,NCIH2122,35.07321458,1
5311,24964624,NCIH23,-8.468499201,0
5311,24964624,OCUBM,-6.875645641,0
5311,24964624,SKMES1,37.12837727,1
5311,24964624,SKOV3,36.21659429,1
5311,24964624,SW837,33.87434419,1
5311,24964624,UWB1289,40.87892648,1
5311,24964624,UWB1289BRCA1,41.05975813,1
5311,24964624,VCAP,38.09436999,1
5311,24964624,ZR751,-3.081888211,0
5311,46926350,A2058,-41.29260527,0
5311,46926350,A2780,-15.48486861,0
5311,46926350,A375,-30.03761176,0
5311,46926350,A427,-26.08596699,0
5311,46926350,CAOV3,-19.56075806,0
5311,46926350,COLO320DM,-4.936564629,0
5311,46926350,DLD1,-15.68544427,0
5311,46926350,EFM192B,-21.46107594,0
5311,46926350,ES2,-23.69202945,0
5311,46926350,HCT116,-42.05044227,0
5311,46926350,HT144,-21.20289089,0
5311,46926350,HT29,-21.7445099,0
5311,46926350,KPL1,-20.57409878,0
5311,46926350,LOVO,-25.94683162,0
5311,46926350,MDAMB436,-10.68634975,0
5311,46926350,NCIH1650,-28.82098265,0
5311,46926350,NCIH2122,-16.3635549,0
5311,46926350,NCIH23,-34.89534561,0
5311,46926350,NCIH460,-18.78959083,0
5311,46926350,NCIH520,-28.05693916,0
5311,46926350,OCUBM,-23.58688399,0
5311,46926350,OV90,-38.79285362,0
5311,46926350,OVCAR3,-15.54610515,0
5311,46926350,PA1,-14.3725925,0
5311,46926350,RPMI7951,-15.94181129,0
5311,46926350,SKMEL30,-16.32880177,0
5311,46926350,SKMES1,-10.22208938,0
5311,46926350,SKOV3,-28.47376925,0
5311,46926350,SW620,-39.95066263,0
5311,46926350,SW837,-22.22398006,0
5311,46926350,T47D,-16.99583301,0
5311,46926350,UACC62,-26.71088213,0
5311,46926350,UWB1289,-22.43819372,0
5311,46926350,UWB1289BRCA1,-37.85972936,0
5311,46926350,VCAP,-23.37276881,0
5311,46926350,ZR751,-43.2531627,0
5394,60700,KPL1,-8.372166016,0
5394,60700,LNCAP,-130.8320847,0
5394,60700,LOVO,-7.742677237,0
5394,60700,NCIH1650,-7.104534365,0
5394,60700,NCIH460,-15.65452065,0
5394,60700,OCUBM,-6.289164687,0
5394,60700,PA1,-3.608267057,0
5394,60700,SKOV3,-14.20781623,0
5394,60700,SW837,-12.06393634,0
5394,60700,UWB1289,-4.591597564,0
5394,60700,ZR751,-29.68251629,0
5394,104842,A375,-5.001993598,0
5394,104842,CAOV3,-38.35767411,0
5394,104842,DLD1,-14.23179807,0
5394,104842,EFM192B,-36.39302292,0
5394,104842,HCT116,-9.556941325,0
5394,104842,HT144,-35.9449781,0
5394,104842,HT29,-7.888423637,0
5394,104842,KPL1,-17.39078427,0
5394,104842,LOVO,-29.84824188,0
5394,104842,MDAMB436,-2.572013398,0
5394,104842,MSTO,-2.317765271,0
5394,104842,NCIH1650,-33.43385696,0
5394,104842,NCIH2122,-13.72631485,0
5394,104842,NCIH23,-19.76704375,0
5394,104842,NCIH460,-14.7813804,0
5394,104842,NCIH520,-8.991422975,0
5394,104842,OCUBM,-8.244926843,0
5394,104842,OV90,-19.00683575,0
5394,104842,RKO,-12.0477968,0
5394,104842,RPMI7951,-4.027660591,0
5394,104842,SKOV3,-22.21048262,0
5394,104842,SW837,-37.07104306,0
5394,104842,T47D,-81.09317162,0
5394,104842,UACC62,-5.235666195,0
5394,104842,VCAP,-12.43379703,0
5394,104842,ZR751,-64.47985647,0
5394,176870,A2780,30.84922294,1
5394,176870,A427,33.22563812,1
5394,176870,CAOV3,-36.26072775,0
5394,176870,COLO320DM,33.56337096,1
5394,176870,EFM192B,-18.33340599,0
5394,176870,HT144,-5.285456097,0
5394,176870,HT29,-0.926017295,0
5394,176870,LOVO,-9.579302695,0
5394,176870,MDAMB436,-3.483638675,0
5394,176870,MSTO,-49.23518266,0
5394,176870,NCIH1650,-31.23251346,0
5394,176870,NCIH23,-8.72888978,0
5394,176870,OCUBM,-25.87480178,0
5394,176870,OV90,-0.248809472,0
5394,176870,OVCAR3,-26.01622561,0
5394,176870,PA1,-2.91182479,0
5394,176870,RKO,-14.28199136,0
5394,176870,SKOV3,-6.865648901,0
5394,176870,T47D,-25.75609877,0
5394,176870,ZR751,-53.82800028,0
5394,208908,A427,-4.005522915,0
5394,208908,EFM192B,-2.354513833,0
5394,208908,ES2,-3.540800504,0
5394,208908,KPL1,-11.1993314,0
5394,208908,NCIH1650,-25.78010708,0
5394,208908,NCIH460,-1.916119502,0
5394,208908,OCUBM,-11.94945636,0
5394,208908,RKO,-7.366399549,0
5394,208908,SKOV3,-12.14107808,0
5394,208908,SW837,-3.779459274,0
5394,208908,T47D,-87.2150434,0
5394,208908,UWB1289BRCA1,32.87884584,1
5394,208908,VCAP,-6.400947724,0
5394,208908,ZR751,-40.74352858,0
5394,216239,A2058,-1.019573635,0
5394,216239,CAOV3,-4.690960861,0
5394,216239,EFM192B,-4.214872973,0
5394,216239,HT29,-3.1063573,0
5394,216239,LNCAP,-11.4422593,0
5394,216239,LOVO,-7.361379537,0
5394,216239,MSTO,-11.09112855,0
5394,216239,NCIH1650,-5.475247986,0
5394,216239,NCIH2122,-2.439074493,0
5394,216239,NCIH23,-0.344795528,0
5394,216239,OVCAR3,-11.49236987,0
5394,216239,RPMI7951,-2.725051066,0
5394,216239,ZR751,-34.87701752,0
5394,387447,A2780,-10.80164188,0
5394,387447,A427,-6.870473081,0
5394,387447,CAOV3,-18.34832366,0
5394,387447,COLO320DM,-7.357834341,0
5394,387447,EFM192B,-30.19302841,0
5394,387447,ES2,-20.09520393,0
5394,387447,HT144,-22.514284,0
5394,387447,HT29,-22.55139135,0
5394,387447,KPL1,-26.27031618,0
5394,387447,LNCAP,-1.728936438,0
5394,387447,MDAMB436,-2.687553158,0
5394,387447,MSTO,64.22626125,1
5394,387447,NCIH1650,-30.05710857,0
5394,387447,NCIH2122,-16.6757735,0
5394,387447,NCIH23,-26.3835498,0
5394,387447,NCIH460,-24.53825984,0
5394,387447,NCIH520,-22.67214272,0
5394,387447,OCUBM,-5.068276725,0
5394,387447,OV90,-6.853055939,0
5394,387447,OVCAR3,-18.88944112,0
5394,387447,PA1,-9.682147776,0
5394,387447,RKO,-26.60910397,0
5394,387447,RPMI7951,-5.605381458,0
5394,387447,SKMEL30,-0.950885452,0
5394,387447,SKMES1,-9.256435731,0
5394,387447,SKOV3,-16.05876186,0
5394,387447,SW620,-2.141414854,0
5394,387447,SW837,-15.05217958,0
5394,387447,T47D,-20.79693742,0
5394,387447,UACC62,-18.67739174,0
5394,387447,UWB1289,-10.40717536,0
5394,387447,VCAP,-12.5438155,0
5394,387447,ZR751,-2.016282334,0
5394,3062316,A2058,35.83133859,1
5394,3062316,A2780,43.36531695,1
5394,3062316,A375,-1.917616474,0
5394,3062316,A427,75.39054034,1
5394,3062316,CAOV3,-29.54940801,0
5394,3062316,COLO320DM,-8.112309327,0
5394,3062316,ES2,-0.095831292,0
5394,3062316,HCT116,-38.05504082,0
5394,3062316,HT144,-70.06275839,0
5394,3062316,HT29,-19.48677409,0
5394,3062316,KPL1,-15.55018341,0
5394,3062316,MDAMB436,-5.329564299,0
5394,3062316,MSTO,98.75639633,1
5394,3062316,NCIH2122,-93.75462962,0
5394,3062316,NCIH23,-9.342896723,0
5394,3062316,OCUBM,-12.53563704,0
5394,3062316,OVCAR3,45.87917399,1
5394,3062316,RKO,-31.06141838,0
5394,3062316,RPMI7951,30.90064766,1
5394,3062316,SKMEL30,-19.64802654,0
5394,3062316,SKMES1,-3.716320827,0
5394,3062316,SKOV3,-9.783202295,0
5394,3062316,SW620,42.14149915,1
5394,3062316,SW837,-3.781051013,0
5394,3062316,T47D,-48.83282624,0
5394,3062316,UACC62,-10.45237754,0
5394,3062316,UWB1289,-3.07061203,0
5394,3062316,VCAP,-51.49425284,0
5394,3062316,ZR751,-88.10193126,0
5394,5288382,A2058,42.11185035,1
5394,5288382,A2780,-9.405366321,0
5394,5288382,A375,-6.32770356,0
5394,5288382,A427,34.08669248,1
5394,5288382,CAOV3,-11.61551746,0
5394,5288382,COLO320DM,-2.448103508,0
5394,5288382,EFM192B,-14.36055011,0
5394,5288382,ES2,-3.040881406,0
5394,5288382,HT144,-16.7660734,0
5394,5288382,HT29,-9.803305819,0
5394,5288382,KPL1,-34.11838441,0
5394,5288382,LOVO,-3.986723154,0
5394,5288382,MSTO,-16.08640456,0
5394,5288382,NCIH1650,-32.42260795,0
5394,5288382,NCIH2122,-16.66110668,0
5394,5288382,NCIH23,-25.69200386,0
5394,5288382,NCIH460,-15.34747403,0
5394,5288382,NCIH520,-10.28606148,0
5394,5288382,OCUBM,-13.88953866,0
5394,5288382,OV90,-8.208756963,0
5394,5288382,OVCAR3,-9.428126028,0
5394,5288382,PA1,-9.850579561,0
5394,5288382,RKO,-32.85212692,0
5394,5288382,RPMI7951,-7.403200339,0
5394,5288382,SKOV3,-28.68585428,0
5394,5288382,SW620,-2.32094613,0
5394,5288382,SW837,-26.19824485,0
5394,5288382,T47D,-35.90471742,0
5394,5288382,UACC62,-18.90422789,0
5394,5288382,UWB1289,-7.140733588,0
5394,5288382,UWB1289BRCA1,-10.64449108,0
5394,5288382,VCAP,-40.59807165,0
5394,5288382,ZR751,-39.65495694,0
5394,9826528,A2058,37.10782277,1
5394,9826528,A375,-0.477552323,0
5394,9826528,A427,43.19257115,1
5394,9826528,CAOV3,-16.86903332,0
5394,9826528,COLO320DM,-2.985855482,0
5394,9826528,EFM192B,-45.77880245,0
5394,9826528,ES2,46.51055745,1
5394,9826528,HCT116,-12.89104904,0
5394,9826528,HT144,-2.301766287,0
5394,9826528,HT29,-11.54813233,0
5394,9826528,KPL1,-17.7324356,0
5394,9826528,LNCAP,-5.516176003,0
5394,9826528,LOVO,-6.771502583,0
5394,9826528,MSTO,-3.00072896,0
5394,9826528,NCIH1650,-23.91874311,0
5394,9826528,NCIH2122,-1.603763805,0
5394,9826528,NCIH23,-19.21524146,0
5394,9826528,SKMES1,-15.06437597,0
5394,9826528,SKOV3,-18.88124937,0
5394,9826528,SW837,-5.99569534,0
5394,9826528,T47D,-13.59839648,0
5394,9826528,UACC62,-10.37817968,0
5394,9826528,VCAP,-31.43592561,0
5394,9826528,ZR751,-36.25157619,0
5394,9887053,A2058,-0.074702485,0
5394,9887053,A2780,-22.91617992,0
5394,9887053,A375,-3.576678469,0
5394,9887053,A427,-0.59311151,0
5394,9887053,CAOV3,-76.56862703,0
5394,9887053,DLD1,-10.60067865,0
5394,9887053,EFM192B,-10.27981043,0
5394,9887053,ES2,-10.3039747,0
5394,9887053,HT144,-24.34969002,0
5394,9887053,HT29,-17.08929247,0
5394,9887053,LNCAP,-14.06947272,0
5394,9887053,LOVO,-34.21970381,0
5394,9887053,MDAMB436,-20.74977203,0
5394,9887053,MSTO,-35.6369866,0
5394,9887053,NCIH1650,-27.56026059,0
5394,9887053,NCIH2122,-4.840328705,0
5394,9887053,NCIH23,-37.33057271,0
5394,9887053,NCIH460,-32.83767414,0
5394,9887053,NCIH520,-8.755629817,0
5394,9887053,OV90,-11.45324928,0
5394,9887053,OVCAR3,-25.59162775,0
5394,9887053,PA1,-27.2446519,0
5394,9887053,RPMI7951,-15.24252986,0
5394,9887053,SKMES1,-6.613654735,0
5394,9887053,SKOV3,-22.40607853,0
5394,9887053,SW620,-0.625147553,0
5394,9887053,SW837,-23.1506391,0
5394,9887053,UACC62,-15.60619216,0
5394,9887053,UWB1289,-8.149713403,0
5394,9887053,UWB1289BRCA1,-22.81828272,0
5394,9887053,VCAP,-23.16656545,0
5394,9887053,ZR751,-58.8760438,0
5394,11520894,A2780,38.2407195,1
5394,11520894,A427,38.89985303,1
5394,11520894,CAOV3,-36.49745473,0
5394,11520894,EFM192B,59.33113286,1
5394,11520894,ES2,34.24466715,1
5394,11520894,HT144,-1.282412626,0
5394,11520894,KPL1,66.07571301,1
5394,11520894,LNCAP,33.00333461,1
5394,11520894,MSTO,67.69333172,1
5394,11520894,NCIH1650,-7.116034368,0
5394,11520894,NCIH23,-0.709098847,0
5394,11520894,OCUBM,39.21886356,1
5394,11520894,RKO,31.38914651,1
5394,11520894,RPMI7951,35.84369536,1
5394,11520894,SKMEL30,50.21066429,1
5394,11520894,SKMES1,41.62534471,1
5394,11520894,SW837,-15.19755964,0
5394,11520894,UWB1289,36.48405215,1
5394,11520894,UWB1289BRCA1,35.04323274,1
5394,11960529,A2058,41.18812185,1
5394,11960529,A2780,54.41816094,1
5394,11960529,A375,30.29916003,1
5394,11960529,DLD1,-0.089774458,0
5394,11960529,HT144,-1.515180802,0
5394,11960529,LNCAP,37.16690416,1
5394,11960529,MDAMB436,42.31099657,1
5394,11960529,MSTO,52.39294276,1
5394,11960529,NCIH1650,-31.11345697,0
5394,11960529,OCUBM,64.50570371,1
5394,11960529,OVCAR3,31.18018303,1
5394,11960529,PA1,43.06352049,1
5394,11960529,RKO,-17.732365,0
5394,11960529,SKOV3,-8.654044671,0
5394,11960529,SW837,-12.75101612,0
5394,11960529,VCAP,-32.87918239,0
5394,11960529,ZR751,-48.17928606,0
5394,11977753,A427,51.58449359,1
5394,11977753,CAOV3,37.92546499,1
5394,11977753,COLO320DM,34.75499386,1
5394,11977753,ES2,32.65065026,1
5394,11977753,LNCAP,97.13551468,1
5394,11977753,MSTO,45.02924651,1
5394,11977753,RKO,-11.9422058,0
5394,11977753,SKMEL30,44.49785815,1
5394,11977753,SKMES1,45.57471861,1
5394,11977753,T47D,125.5331215,1
5394,11977753,UWB1289,39.38293256,1
5394,11977753,UWB1289BRCA1,41.39320229,1
5394,16224745,A2058,128.3217061,1
5394,16224745,A427,91.0608138,1
5394,16224745,COLO320DM,50.72645032,1
5394,16224745,DLD1,-3.53470621,0
5394,16224745,HCT116,-1.41157817,0
5394,16224745,HT29,-9.358660859,0
5394,16224745,KPL1,-17.33442044,0
5394,16224745,NCIH1650,-6.271613791,0
5394,16224745,NCIH2122,-19.66458168,0
5394,16224745,NCIH23,-78.8906303,0
5394,16224745,NCIH460,-9.21820716,0
5394,16224745,SKMEL30,64.66499193,1
5394,16224745,SKMES1,-4.302925531,0
5394,16224745,SW620,36.64531737,1
5394,16224745,SW837,-35.30482667,0
5394,16224745,T47D,-35.27358527,0
5394,16224745,UWB1289,-9.867050735,0
5394,16224745,UWB1289BRCA1,-7.803476464,0
5394,16224745,ZR751,-50.1731666,0
5394,24748204,A2058,-7.44008441,0
5394,24748204,A2780,-2.500158424,0
5394,24748204,A427,30.88720182,1
5394,24748204,CAOV3,-23.28256579,0
5394,24748204,COLO320DM,-51.81872052,0
5394,24748204,EFM192B,-17.15345812,0
5394,24748204,ES2,-10.27720836,0
5394,24748204,HT144,-9.094887918,0
5394,24748204,KPL1,-29.7191092,0
5394,24748204,LNCAP,-77.0883024,0
5394,24748204,MSTO,-11.18681902,0
5394,24748204,NCIH1650,-12.61377547,0
5394,24748204,NCIH2122,-9.133041361,0
5394,24748204,NCIH460,-19.03012912,0
5394,24748204,NCIH520,-14.93798129,0
5394,24748204,OV90,-2.135051756,0
5394,24748204,OVCAR3,-10.29602018,0
5394,24748204,SKMES1,-4.263224373,0
5394,24748204,T47D,-12.12996289,0
5394,24748204,UACC62,-2.89239501,0
5394,24748204,VCAP,-8.770771435,0
5394,24748204,ZR751,-62.02604411,0
5394,24856436,A2058,38.79701735,1
5394,24856436,A427,49.3801093,1
5394,24856436,EFM192B,-29.46794243,0
5394,24856436,ES2,-0.106121306,0
5394,24856436,LNCAP,-3.760867345,0
5394,24856436,MSTO,30.4450859,1
5394,24856436,SKMEL30,36.70677336,1
5394,24856436,SKMES1,30.41800861,1
5394,24856436,T47D,-25.59398837,0
5394,24856436,UWB1289,105.5375668,1
5394,24856436,ZR751,-58.15455341,0
5394,24958200,A2058,42.24158471,1
5394,24958200,A2780,71.43443667,1
5394,24958200,A375,81.08679403,1
5394,24958200,A427,45.58244304,1
5394,24958200,CAOV3,88.22178634,1
5394,24958200,DLD1,30.33516707,1
5394,24958200,EFM192B,113.5116276,1
5394,24958200,HCT116,59.64264907,1
5394,24958200,HT29,57.94629868,1
5394,24958200,KPL1,-9.808937825,0
5394,24958200,LNCAP,35.82527467,1
5394,24958200,LOVO,59.9768413,1
5394,24958200,MDAMB436,51.06938447,1
5394,24958200,MSTO,81.29174808,1
5394,24958200,NCIH1650,34.61146716,1
5394,24958200,NCIH2122,42.78597917,1
5394,24958200,NCIH23,33.24360918,1
5394,24958200,NCIH460,74.82248693,1
5394,24958200,NCIH520,36.82330697,1
5394,24958200,OCUBM,95.46833672,1
5394,24958200,OV90,61.59442847,1
5394,24958200,PA1,91.32209581,1
5394,24958200,RKO,53.11336107,1
5394,24958200,RPMI7951,53.04393869,1
5394,24958200,SKMEL30,36.25245563,1
5394,24958200,SKMES1,74.27296817,1
5394,24958200,SKOV3,58.35177786,1
5394,24958200,SW620,30.89739471,1
5394,24958200,T47D,44.99315653,1
5394,24958200,UACC62,46.8582166,1
5394,24958200,UWB1289,63.50356702,1
5394,24958200,UWB1289BRCA1,41.86161177,1
5394,24958200,VCAP,57.97914751,1
5394,24964624,A427,30.45352386,1
5394,24964624,EFM192B,-17.15157624,0
5394,24964624,ES2,-6.685772456,0
5394,24964624,HCT116,-1.588479205,0
5394,24964624,MSTO,31.07363225,1
5394,24964624,NCIH1650,-34.48292861,0
5394,24964624,NCIH2122,-5.931558085,0
5394,24964624,NCIH23,-9.301232868,0
5394,24964624,NCIH520,-3.184065487,0
5394,24964624,OCUBM,-14.00824155,0
5394,24964624,OVCAR3,-14.38326211,0
5394,24964624,SW837,-5.948580952,0
5394,24964624,T47D,-31.49347594,0
5394,24964624,VCAP,-10.89354601,0
5394,46926350,A375,-4.030124674,0
5394,46926350,CAOV3,-16.69389736,0
5394,46926350,EFM192B,-3.36103913,0
5394,46926350,HCT116,-6.372956623,0
5394,46926350,HT144,-112.8985594,0
5394,46926350,HT29,-8.582762091,0
5394,46926350,KPL1,-11.21521436,0
5394,46926350,LNCAP,-47.84756929,0
5394,46926350,LOVO,-11.89639077,0
5394,46926350,MSTO,-43.69350464,0
5394,46926350,NCIH1650,-5.229591048,0
5394,46926350,NCIH2122,-2.266335485,0
5394,46926350,NCIH23,-6.16634452,0
5394,46926350,NCIH460,-4.512655862,0
5394,46926350,NCIH520,-8.632649681,0
5394,46926350,OV90,-3.638674863,0
5394,46926350,PA1,-8.61172842,0
5394,46926350,SKOV3,-8.715545558,0
5394,46926350,SW837,-85.3988769,0
5394,46926350,T47D,-21.73465024,0
5394,46926350,ZR751,-44.06052265,0
5743,5311,A2058,-12.44071418,0
5743,5311,A427,-30.79409748,0
5743,5311,EFM192B,-7.05842228,0
5743,5311,ES2,-3.740107406,0
5743,5311,HT144,-7.229792766,0
5743,5311,MSTO,-22.60756124,0
5743,5311,OVCAR3,41.20402814,1
5743,5311,RPMI7951,-11.631194,0
5743,5311,T47D,-2.057246501,0
5743,5394,A2058,-31.45511286,0
5743,5394,A2780,-3.039626923,0
5743,5394,A375,-1.594895611,0
5743,5394,A427,-7.172314225,0
5743,5394,CAOV3,-54.6542334,0
5743,5394,DLD1,-5.856689957,0
5743,5394,EFM192B,-27.17988297,0
5743,5394,ES2,-19.42313437,0
5743,5394,HT144,-32.55071014,0
5743,5394,HT29,-9.884685519,0
5743,5394,KPL1,-6.504553313,0
5743,5394,LOVO,-11.96595315,0
5743,5394,MDAMB436,-2.337208031,0
5743,5394,MSTO,-19.78372912,0
5743,5394,NCIH1650,-24.82578864,0
5743,5394,NCIH2122,-4.297961695,0
5743,5394,NCIH23,-0.810553212,0
5743,5394,NCIH520,-7.709811996,0
5743,5394,OV90,-9.60318881,0
5743,5394,OVCAR3,-30.08644355,0
5743,5394,RPMI7951,-33.55568593,0
5743,5394,SKMES1,-3.533629844,0
5743,5394,SKOV3,-6.291192084,0
5743,5394,SW620,-1.471738873,0
5743,5394,SW837,-23.68500711,0
5743,5394,T47D,-66.16676967,0
5743,5394,UWB1289,-5.060239711,0
5743,5394,VCAP,-21.69886716,0
5743,5394,ZR751,-61.95623519,0
5743,176870,A2058,-18.8279417,0
5743,176870,A2780,-4.100159134,0
5743,176870,A375,-1.770837185,0
5743,176870,A427,-6.810845523,0
5743,176870,CAOV3,42.95743104,1
5743,176870,EFM192B,-27.89324657,0
5743,176870,ES2,-19.21052691,0
5743,176870,HCT116,-4.746029021,0
5743,176870,HT144,-21.42706708,0
5743,176870,LNCAP,-21.66137716,0
5743,176870,MDAMB436,-7.729784474,0
5743,176870,MSTO,-61.22461729,0
5743,176870,NCIH1650,33.09442231,1
5743,176870,NCIH2122,52.71829456,1
5743,176870,NCIH23,-1.824167112,0
5743,176870,NCIH460,-8.783913929,0
5743,176870,NCIH520,-0.161442762,0
5743,176870,OV90,-14.43662286,0
5743,176870,RKO,-12.1036628,0
5743,176870,RPMI7951,-32.28269213,0
5743,176870,SKMEL30,-2.881767161,0
5743,176870,SKOV3,37.67902288,1
5743,176870,SW620,-7.473678042,0
5743,176870,T47D,-22.50252279,0
5743,176870,UACC62,-6.919186741,0
5743,176870,VCAP,-14.64932466,0
5743,208908,A2058,-16.23708253,0
5743,208908,A375,-5.107578959,0
5743,208908,A427,-10.15445248,0
5743,208908,CAOV3,50.78208204,1
5743,208908,EFM192B,-43.35886805,0
5743,208908,ES2,-22.31396343,0
5743,208908,HCT116,-1.598041764,0
5743,208908,HT144,-18.76719077,0
5743,208908,LNCAP,-15.41494289,0
5743,208908,MDAMB436,-9.543124494,0
5743,208908,MSTO,-17.54874488,0
5743,208908,NCIH2122,32.69391907,1
5743,208908,NCIH460,-16.75533239,0
5743,208908,OCUBM,-6.986724743,0
5743,208908,OV90,-17.45420697,0
5743,208908,PA1,-0.379600996,0
5743,208908,RKO,-10.0183544,0
5743,208908,RPMI7951,-42.24253708,0
5743,208908,SKMEL30,-4.610490963,0
5743,208908,SKOV3,42.19924568,1
5743,208908,SW620,-4.669340809,0
5743,208908,T47D,-44.21924557,0
5743,208908,UACC62,-6.612425733,0
5743,208908,VCAP,-29.52280562,0
5743,208908,ZR751,34.22696236,1
5743,216239,A2780,-0.570314801,0
5743,216239,HT144,-0.354756852,0
5743,216239,LNCAP,-3.477500911,0
5743,216239,MSTO,-13.2551634,0
5743,216239,RPMI7951,-0.696006645,0
5743,216239,VCAP,-10.39016133,0
5743,216239,ZR751,-17.40228488,0
5743,216453,A2058,-5.018351905,0
5743,216453,CAOV3,31.48016929,1
5743,216453,EFM192B,-15.00884406,0
5743,216453,ES2,-10.77576852,0
5743,216453,HCT116,-2.128320098,0
5743,216453,HT144,-3.950201902,0
5743,216453,LOVO,-1.557649196,0
5743,216453,MSTO,-0.239069088,0
5743,216453,NCIH1650,-3.227519295,0
5743,216453,NCIH2122,-1.347140264,0
5743,216453,OVCAR3,-6.186451352,0
5743,216453,RPMI7951,-13.37758621,0
5743,216453,T47D,-42.16076203,0
5743,387447,A2058,-1.876554642,0
5743,387447,A2780,-13.5476308,0
5743,387447,CAOV3,-13.44802296,0
5743,387447,EFM192B,-20.88341058,0
5743,387447,ES2,-0.766384146,0
5743,387447,HT144,-13.16198248,0
5743,387447,HT29,-15.19792114,0
5743,387447,MDAMB436,-0.823028432,0
5743,387447,MSTO,66.7194975,1
5743,387447,NCIH1650,-15.48085067,0
5743,387447,NCIH23,-2.321992868,0
5743,387447,NCIH520,-20.51845669,0
5743,387447,OV90,-9.782986039,0
5743,387447,OVCAR3,-11.83141434,0
5743,387447,RPMI7951,-19.65311033,0
5743,387447,SKMES1,-11.43480359,0
5743,387447,SW837,-2.015924693,0
5743,387447,T47D,-9.157277118,0
5743,387447,UACC62,-7.679437184,0
5743,387447,UWB1289,-7.77274861,0
5743,387447,UWB1289BRCA1,-3.868089838,0
5743,387447,VCAP,-0.61240083,0
5743,3062316,A2058,-0.17873576,0
5743,3062316,A375,38.48330291,1
5743,3062316,CAOV3,52.08151088,1
5743,3062316,EFM192B,-5.28929159,0
5743,3062316,ES2,-27.43501134,0
5743,3062316,HCT116,-46.19424113,0
5743,3062316,HT144,-35.98115982,0
5743,3062316,KPL1,49.29822811,1
5743,3062316,LNCAP,-22.02475092,0
5743,3062316,LOVO,61.01399927,1
5743,3062316,MDAMB436,-5.903960627,0
5743,3062316,MSTO,41.68602521,1
5743,3062316,NCIH2122,60.52033784,1
5743,3062316,NCIH460,-13.60867096,0
5743,3062316,OV90,-14.00130496,0
5743,3062316,OVCAR3,47.95041131,1
5743,3062316,RPMI7951,-23.30165857,0
5743,3062316,SKMEL30,-15.5409231,0
5743,3062316,SKMES1,59.07601127,1
5743,3062316,SKOV3,32.5124521,1
5743,3062316,T47D,-56.4086851,0
5743,3062316,UACC62,-2.482450866,0
5743,3062316,VCAP,-24.49171442,0
5743,5288382,A2058,-0.401830321,0
5743,5288382,A2780,-5.672406019,0
5743,5288382,CAOV3,-8.423246122,0
5743,5288382,EFM192B,-10.47490608,0
5743,5288382,ES2,-10.66512029,0
5743,5288382,HT144,-8.684713995,0
5743,5288382,HT29,-6.712498727,0
5743,5288382,LNCAP,34.27257918,1
5743,5288382,NCIH2122,-6.274372321,0
5743,5288382,NCIH23,-9.378163033,0
5743,5288382,NCIH520,-6.572743304,0
5743,5288382,OV90,-22.2375828,0
5743,5288382,RPMI7951,-18.16506912,0
5743,5288382,SKOV3,-8.349969985,0
5743,5288382,SW620,-8.09245655,0
5743,5288382,SW837,-8.372438633,0
5743,5288382,T47D,-30.07927989,0
5743,5288382,UACC62,-1.401382359,0
5743,5288382,UWB1289,-1.767023225,0
5743,5288382,UWB1289BRCA1,-2.284564688,0
5743,5288382,ZR751,-17.59747838,0
5743,5329102,LNCAP,-8.064556846,0
5743,5329102,RPMI7951,-6.838311808,0
5743,5329102,SKMES1,33.92197951,1
5743,5329102,SW837,-1.857958757,0
5743,9826528,A427,-23.39560713,0
5743,9826528,CAOV3,59.63789655,1
5743,9826528,EFM192B,-19.04993111,0
5743,9826528,ES2,-8.663284236,0
5743,9826528,HCT116,-1.325976502,0
5743,9826528,HT29,-2.036523693,0
5743,9826528,KPL1,-0.781636871,0
5743,9826528,MDAMB436,-2.2913516,0
5743,9826528,NCIH2122,82.2543752,1
5743,9826528,NCIH23,-8.836728154,0
5743,9826528,NCIH520,-0.874797194,0
5743,9826528,OV90,-52.64044787,0
5743,9826528,RPMI7951,-10.41491106,0
5743,9826528,SKMES1,37.97967314,1
5743,9826528,SKOV3,31.56462135,1
5743,9826528,SW620,-4.715032536,0
5743,9826528,SW837,-10.19803447,0
5743,9826528,T47D,-42.08692277,0
5743,9826528,VCAP,-2.077301759,0
5743,11520894,CAOV3,47.68029342,1
5743,11520894,ES2,-18.12398859,0
5743,11520894,KPL1,65.48904582,1
5743,11520894,LNCAP,-31.74550154,0
5743,11520894,LOVO,49.61409943,1
5743,11520894,MSTO,-2.812258447,0
5743,11520894,NCIH1650,36.7644027,1
5743,11520894,NCIH2122,59.36961882,1
5743,11520894,OCUBM,40.28173409,1
5743,11520894,SKMEL30,42.82580631,1
5743,11520894,SKMES1,37.09512397,1
5743,11520894,SKOV3,40.81561531,1
5743,11520894,T47D,-0.610011682,0
5743,11520894,VCAP,-0.351497006,0
5743,11520894,ZR751,37.89883913,1
5743,11960529,A2058,-14.70238461,0
5743,11960529,A375,-0.525281681,0
5743,11960529,A427,-10.60987778,0
5743,11960529,CAOV3,-0.872017414,0
5743,11960529,EFM192B,-14.52808903,0
5743,11960529,ES2,-17.42255208,0
5743,11960529,HT144,-8.983198097,0
5743,11960529,HT29,-1.02249677,0
5743,11960529,LNCAP,-10.63307702,0
5743,11960529,LOVO,-5.196459674,0
5743,11960529,MSTO,-11.78252869,0
5743,11960529,NCIH1650,-11.97457304,0
5743,11960529,NCIH2122,-3.775623773,0
5743,11960529,NCIH460,-9.809800415,0
5743,11960529,OV90,-11.38901128,0
5743,11960529,RKO,-1.010923651,0
5743,11960529,RPMI7951,-35.16985908,0
5743,11960529,SKOV3,-3.43317185,0
5743,11960529,SW837,-17.57839698,0
5743,11960529,T47D,-13.19120927,0
5743,11960529,UWB1289BRCA1,-0.588233511,0
5743,11960529,VCAP,-4.970995732,0
5743,11977753,CAOV3,45.77364067,1
5743,11977753,KPL1,41.31087461,1
5743,11977753,LNCAP,49.93035881,1
5743,11977753,NCIH2122,52.92983695,1
5743,11977753,SKMEL30,41.01777853,1
5743,11977753,SKMES1,42.89991029,1
5743,11977753,T47D,90.90923441,1
5743,11977753,UWB1289,32.44484706,1
5743,11977753,UWB1289BRCA1,30.25505778,1
5743,16224745,A2058,-6.365586469,0
5743,16224745,A2780,-2.868993345,0
5743,16224745,A427,-4.417879494,0
5743,16224745,CAOV3,38.3181441,1
5743,16224745,EFM192B,-5.78998411,0
5743,16224745,ES2,-4.554502625,0
5743,16224745,HCT116,-0.229101839,0
5743,16224745,KPL1,33.74183301,1
5743,16224745,MSTO,-7.435476495,0
5743,16224745,NCIH2122,-3.406257533,0
5743,16224745,NCIH23,-1.793103802,0
5743,16224745,NCIH520,-0.976975196,0
5743,16224745,OV90,-6.132510925,0
5743,16224745,RPMI7951,-41.99674606,0
5743,16224745,SKMEL30,-1.039761776,0
5743,16224745,SKMES1,-13.16365046,0
5743,16224745,SW837,-11.58083781,0
5743,16224745,T47D,-42.42649563,0
5743,16224745,UWB1289,-13.8622125,0
5743,16224745,UWB1289BRCA1,-10.03344429,0
5743,16224745,VCAP,-13.40271864,0
5743,24748204,A2058,-9.833466048,0
5743,24748204,A2780,-4.873651781,0
5743,24748204,A427,-2.870233571,0
5743,24748204,EFM192B,-11.38227987,0
5743,24748204,ES2,-8.356080369,0
5743,24748204,HCT116,-0.255641015,0
5743,24748204,HT144,-1.883291236,0
5743,24748204,KPL1,32.12419071,1
5743,24748204,LNCAP,-35.67229739,0
5743,24748204,MSTO,-4.832654643,0
5743,24748204,NCIH2122,-8.444863753,0
5743,24748204,NCIH460,-10.38303963,0
5743,24748204,NCIH520,-0.76149083,0
5743,24748204,RPMI7951,-27.21662823,0
5743,24748204,SKMES1,-11.57688694,0
5743,24748204,UWB1289,-2.333770767,0
5743,24748204,UWB1289BRCA1,-1.761246831,0
5743,24748204,VCAP,-7.812754366,0
5743,24856436,A2058,-6.037984715,0
5743,24856436,EFM192B,-17.13167367,0
5743,24856436,LNCAP,-10.93798802,0
5743,24856436,MSTO,-0.763774836,0
5743,24856436,OV90,-0.185920137,0
5743,24856436,RPMI7951,-13.62628863,0
5743,24856436,SW837,-3.044351341,0
5743,24856436,T47D,-16.57348017,0
5743,24856436,UWB1289,70.39001761,1
5743,24856436,VCAP,-7.326279195,0
5743,24958200,A2058,-17.63091432,0
5743,24958200,A375,-2.108774573,0
5743,24958200,A427,-4.947429724,0
5743,24958200,EFM192B,-15.8620175,0
5743,24958200,ES2,-21.32348237,0
5743,24958200,HT144,-9.904133114,0
5743,24958200,LNCAP,-24.70270587,0
5743,24958200,MDAMB436,-0.676893655,0
5743,24958200,MSTO,-14.31317304,0
5743,24958200,OCUBM,33.01901308,1
5743,24958200,OV90,-9.398590265,0
5743,24958200,OVCAR3,34.69193893,1
5743,24958200,RPMI7951,-22.8128765,0
5743,24958200,SW837,-7.892238683,0
5743,24958200,T47D,-42.43367586,0
5743,24958200,UACC62,-7.933259948,0
5743,24958200,UWB1289,-0.616766269,0
5743,24958200,UWB1289BRCA1,-3.249016509,0
5743,24958200,VCAP,-4.467140682,0
5743,24964624,A2058,-0.548121502,0
5743,24964624,CAOV3,64.46033017,1
5743,24964624,EFM192B,-54.79297143,0
5743,24964624,ES2,-18.4724161,0
5743,24964624,HT144,-2.466867229,0
5743,24964624,KPL1,57.01983589,1
5743,24964624,LNCAP,-4.104383957,0
5743,24964624,LOVO,38.20959773,1
5743,24964624,MSTO,-15.12834398,0
5743,24964624,NCIH1650,33.15240689,1
5743,24964624,NCIH2122,89.8233377,1
5743,24964624,RPMI7951,-7.044119569,0
5743,24964624,SKMES1,40.8180674,1
5743,24964624,SKOV3,42.31804943,1
5743,24964624,SW837,-2.99765819,0
5743,24964624,T47D,-10.05452424,0
5743,24964624,VCAP,-4.763497501,0
5743,46926350,A2058,-11.40825752,0
5743,46926350,A2780,-4.490859363,0
5743,46926350,EFM192B,-7.047880755,0
5743,46926350,HCT116,-2.540221847,0
5743,46926350,HT144,-12.69412769,0
5743,46926350,HT29,-2.217965739,0
5743,46926350,LNCAP,30.17025436,1
5743,46926350,MSTO,-18.21498851,0
5743,46926350,NCIH460,-0.273827264,0
5743,46926350,OV90,-10.15303299,0
5743,46926350,OVCAR3,-1.125938119,0
5743,46926350,RPMI7951,-7.566207883,0
5743,46926350,SKMEL30,-2.31001771,0
5743,46926350,SW837,-0.614499572,0
5743,46926350,T47D,-31.80455604,0
5743,46926350,UACC62,-1.72979,0
5743,46926350,UWB1289,-5.05097297,0
5743,46926350,UWB1289BRCA1,-5.632762032,0
5743,46926350,ZR751,-13.90086508,0
5746,5311,A427,-4.79932772,0
5746,5311,CAOV3,-1.668981448,0
5746,5311,DLD1,-14.00486986,0
5746,5311,HCT116,-8.78139394,0
5746,5311,LNCAP,31.86650313,1
5746,5311,MSTO,41.87827972,1
5746,5311,NCIH1650,-8.333526194,0
5746,5311,NCIH23,-4.938387488,0
5746,5311,OVCAR3,-2.436315453,0
5746,5311,PA1,-5.937872556,0
5746,5311,RKO,-7.951285401,0
5746,5311,SKMEL30,-7.540591296,0
5746,5311,SW620,-4.302006485,0
5746,5311,ZR751,-23.7886763,0
5746,5394,A2780,-1.337405418,0
5746,5394,A375,-5.364100052,0
5746,5394,CAOV3,-3.954336845,0
5746,5394,COLO320DM,-1.677142429,0
5746,5394,DLD1,-7.623981998,0
5746,5394,HCT116,-2.548466795,0
5746,5394,HT144,-11.46084702,0
5746,5394,KPL1,-29.95106943,0
5746,5394,MSTO,-0.48052217,0
5746,5394,NCIH1650,-15.47111846,0
5746,5394,NCIH2122,-7.895418433,0
5746,5394,NCIH23,-2.342069567,0
5746,5394,NCIH460,-8.879033772,0
5746,5394,OV90,-0.340071083,0
5746,5394,OVCAR3,-0.209103441,0
5746,5394,RKO,-1.725086885,0
5746,5394,SKMEL30,-3.107320222,0
5746,5394,SKOV3,-13.45134758,0
5746,5394,T47D,-62.58065467,0
5746,5394,UWB1289BRCA1,36.62043072,1
5746,5394,ZR751,-52.0442687,0
5746,176870,A2058,-78.5288674,0
5746,176870,A2780,-52.59879084,0
5746,176870,A375,-24.32251826,0
5746,176870,A427,-37.3487317,0
5746,176870,CAOV3,-56.60590491,0
5746,176870,COLO320DM,-11.63813569,0
5746,176870,DLD1,-21.7534837,0
5746,176870,EFM192B,-75.43920371,0
5746,176870,ES2,-52.79999023,0
5746,176870,HCT116,-54.50033817,0
5746,176870,HT144,-34.39006413,0
5746,176870,HT29,-43.96201473,0
5746,176870,KPL1,-12.29591518,0
5746,176870,LNCAP,-53.54699762,0
5746,176870,MDAMB436,-37.13348255,0
5746,176870,NCIH1650,-12.23288576,0
5746,176870,NCIH2122,-50.55830497,0
5746,176870,NCIH23,-64.09209522,0
5746,176870,NCIH460,-98.53912935,0
5746,176870,NCIH520,-47.74328918,0
5746,176870,OCUBM,-73.41170097,0
5746,176870,OV90,-90.45470525,0
5746,176870,PA1,-86.59485064,0
5746,176870,RKO,-51.5381621,0
5746,176870,RPMI7951,-99.14402835,0
5746,176870,SKMEL30,-41.43227339,0
5746,176870,SKMES1,-32.3972714,0
5746,176870,SKOV3,-35.31206066,0
5746,176870,SW620,-67.80902976,0
5746,176870,T47D,-10.70475206,0
5746,176870,UACC62,-10.58522231,0
5746,176870,UWB1289,-3.493392109,0
5746,176870,VCAP,-12.47091698,0
5746,208908,A427,-5.403680047,0
5746,208908,COLO320DM,-2.213579347,0
5746,208908,LNCAP,-9.256892664,0
5746,208908,LOVO,48.26045476,1
5746,208908,NCIH460,-1.045973915,0
5746,208908,SKMEL30,-2.250832405,0
5746,208908,SW837,49.32772706,1
5746,208908,UWB1289,-1.019052951,0
5746,208908,ZR751,34.78543948,1
5746,216239,A2058,-69.35425504,0
5746,216239,A2780,-23.48162529,0
5746,216239,A375,-12.136392,0
5746,216239,A427,-4.373392516,0
5746,216239,CAOV3,-95.38667523,0
5746,216239,COLO320DM,-5.992461864,0
5746,216239,DLD1,-5.950663131,0
5746,216239,EFM192B,-67.21959811,0
5746,216239,ES2,-23.4106165,0
5746,216239,HCT116,-21.18857377,0
5746,216239,HT144,-18.44594166,0
5746,216239,HT29,-23.64111369,0
5746,216239,KPL1,-3.067566715,0
5746,216239,LNCAP,-20.06788876,0
5746,216239,LOVO,-32.89159201,0
5746,216239,MDAMB436,-37.39537551,0
5746,216239,MSTO,-6.974929187,0
5746,216239,NCIH1650,-33.53794317,0
5746,216239,NCIH2122,-50.01036597,0
5746,216239,NCIH23,-45.6830587,0
5746,216239,NCIH460,-49.51047169,0
5746,216239,NCIH520,-17.03843149,0
5746,216239,OCUBM,-17.74467286,0
5746,216239,OV90,-32.83454366,0
5746,216239,OVCAR3,-46.67780584,0
5746,216239,PA1,-29.16621534,0
5746,216239,RKO,-19.06896226,0
5746,216239,RPMI7951,-74.99238376,0
5746,216239,SKMES1,-69.16319952,0
5746,216239,SKOV3,-39.1089171,0
5746,216239,SW620,-32.53595683,0
5746,216239,SW837,-28.64872424,0
5746,216239,T47D,-21.2040547,0
5746,216239,UACC62,-21.19114399,0
5746,216239,UWB1289,-8.768639909,0
5746,216239,VCAP,-30.37872468,0
5746,216239,ZR751,-43.84659931,0
5746,216453,A2058,-11.52444162,0
5746,216453,A2780,-5.115507196,0
5746,216453,A375,-8.497808463,0
5746,216453,A427,-3.643593227,0
5746,216453,CAOV3,-40.22747377,0
5746,216453,COLO320DM,-2.755262187,0
5746,216453,DLD1,-13.44441673,0
5746,216453,EFM192B,-45.99436575,0
5746,216453,ES2,-24.01843142,0
5746,216453,HCT116,-24.0016324,0
5746,216453,HT144,-11.08072489,0
5746,216453,KPL1,-7.174848479,0
5746,216453,LNCAP,-11.55651592,0
5746,216453,MDAMB436,-11.86682485,0
5746,216453,MSTO,-19.56791497,0
5746,216453,NCIH1650,-29.34373078,0
5746,216453,NCIH2122,-32.06226489,0
5746,216453,NCIH23,-19.23517194,0
5746,216453,NCIH460,-38.12134539,0
5746,216453,NCIH520,-12.22183245,0
5746,216453,OCUBM,-21.32785536,0
5746,216453,OV90,-27.26762195,0
5746,216453,OVCAR3,-46.5230227,0
5746,216453,PA1,-27.17271401,0
5746,216453,RKO,-16.99858605,0
5746,216453,RPMI7951,-23.67363743,0
5746,216453,SKMEL30,-9.822756113,0
5746,216453,SKMES1,-42.56098359,0
5746,216453,SKOV3,-35.90749547,0
5746,216453,SW620,-23.05445983,0
5746,216453,SW837,-23.86348025,0
5746,216453,T47D,-16.40802121,0
5746,216453,UACC62,-12.69561346,0
5746,216453,UWB1289,-0.676332773,0
5746,216453,VCAP,-4.59010723,0
5746,216453,ZR751,-1.760530566,0
5746,387447,A2780,-12.05274656,0
5746,387447,A375,-1.35420617,0
5746,387447,A427,-10.32931463,0
5746,387447,CAOV3,-8.380545673,0
5746,387447,COLO320DM,-12.837021,0
5746,387447,EFM192B,-20.75378789,0
5746,387447,ES2,-23.35216473,0
5746,387447,HCT116,-2.706787738,0
5746,387447,HT144,-11.20298891,0
5746,387447,HT29,-15.24048172,0
5746,387447,LNCAP,-14.33635033,0
5746,387447,NCIH1650,-31.40600823,0
5746,387447,NCIH2122,-27.36192734,0
5746,387447,NCIH23,-15.14251668,0
5746,387447,NCIH460,-21.28697666,0
5746,387447,NCIH520,-28.27986702,0
5746,387447,OCUBM,-12.50318528,0
5746,387447,OV90,-20.70553512,0
5746,387447,PA1,-19.59477098,0
5746,387447,RKO,-4.473093763,0
5746,387447,RPMI7951,-8.123539179,0
5746,387447,SKMEL30,-10.75057055,0
5746,387447,SKMES1,-28.25949179,0
5746,387447,SKOV3,-19.17188182,0
5746,387447,T47D,-32.00631903,0
5746,387447,UACC62,-10.93479689,0
5746,387447,UWB1289,-30.44536163,0
5746,387447,UWB1289BRCA1,-4.449221956,0
5746,387447,VCAP,-6.780935365,0
5746,387447,ZR751,-34.05457439,0
5746,3062316,A2780,50.15826284,1
5746,3062316,A375,61.78477275,1
5746,3062316,A427,48.64582095,1
5746,3062316,HT144,-20.10115611,0
5746,3062316,HT29,39.08680207,1
5746,3062316,KPL1,30.87106543,1
5746,3062316,LOVO,60.0241176,1
5746,3062316,MSTO,75.87390323,1
5746,3062316,NCIH1650,49.82584556,1
5746,3062316,NCIH2122,-21.71146074,0
5746,3062316,NCIH520,59.45277096,1
5746,3062316,OVCAR3,88.87643212,1
5746,3062316,PA1,44.74088719,1
5746,3062316,SKMEL30,-24.03235197,0
5746,3062316,SW620,55.6732101,1
5746,3062316,SW837,55.92671664,1
5746,5288382,A2780,-7.695738737,0
5746,5288382,A375,-1.596243258,0
5746,5288382,CAOV3,-10.70986914,0
5746,5288382,EFM192B,-26.95221373,0
5746,5288382,HCT116,-7.266058832,0
5746,5288382,HT144,-6.294446291,0
5746,5288382,LNCAP,-8.860205368,0
5746,5288382,LOVO,-0.762136692,0
5746,5288382,MSTO,-23.87794354,0
5746,5288382,NCIH1650,-24.34103684,0
5746,5288382,NCIH2122,-5.309040537,0
5746,5288382,NCIH23,-17.16566917,0
5746,5288382,NCIH460,-6.857179423,0
5746,5288382,NCIH520,-7.327284358,0
5746,5288382,RKO,-10.01014646,0
5746,5288382,RPMI7951,-3.651719678,0
5746,5288382,SKMES1,-16.11635406,0
5746,5288382,SKOV3,-11.48705605,0
5746,5288382,SW620,-5.341776348,0
5746,5288382,T47D,-22.32412488,0
5746,5288382,UACC62,-17.46265189,0
5746,5288382,UWB1289BRCA1,-2.036658159,0
5746,5288382,VCAP,-5.77444289,0
5746,5288382,ZR751,-0.512859585,0
5746,5329102,A2058,-0.332697691,0
5746,5329102,DLD1,-1.247305122,0
5746,5329102,HCT116,-0.439783122,0
5746,5329102,LNCAP,-10.38935068,0
5746,5329102,MSTO,-2.668501486,0
5746,5329102,NCIH2122,-1.749330429,0
5746,5329102,NCIH23,-11.73053798,0
5746,5329102,NCIH520,-3.750477845,0
5746,5329102,OV90,-0.869168654,0
5746,5329102,OVCAR3,-0.254464833,0
5746,5329102,PA1,-5.324327116,0
5746,5329102,RKO,-5.900085666,0
5746,5329102,RPMI7951,-5.641746876,0
5746,5329102,SKMES1,-6.997147958,0
5746,5329102,SKOV3,-1.577094548,0
5746,5329102,T47D,-10.35950165,0
5746,5329102,UWB1289,-2.307811505,0
5746,9826528,A2058,31.4652249,1
5746,9826528,LNCAP,-30.83989865,0
5746,9826528,MSTO,-6.937681261,0
5746,9826528,NCIH520,-4.113754629,0
5746,9826528,OV90,37.92063658,1
5746,9826528,RPMI7951,-0.610283267,0
5746,9826528,SKMES1,-9.842300336,0
5746,9826528,T47D,-6.072765694,0
5746,9826528,VCAP,-2.593260069,0
5746,11520894,A2058,-8.001586225,0
5746,11520894,A375,43.62668141,1
5746,11520894,CAOV3,-1.079299324,0
5746,11520894,HCT116,-0.048499162,0
5746,11520894,HT144,32.59018874,1
5746,11520894,KPL1,50.25294128,1
5746,11520894,NCIH1650,35.37506245,1
5746,11520894,SKMES1,-1.765097729,0
5746,11520894,SKOV3,34.47306581,1
5746,11520894,UACC62,36.47909066,1
5746,11520894,VCAP,30.11719686,1
5746,11960529,A427,-2.502405262,0
5746,11960529,ES2,-0.324666037,0
5746,11960529,LNCAP,-9.028793747,0
5746,11960529,NCIH23,-4.710864332,0
5746,11960529,NCIH460,-1.078542352,0
5746,11960529,OV90,-4.196980967,0
5746,11960529,RPMI7951,-2.441784595,0
5746,11960529,SKMEL30,-8.681155728,0
5746,11960529,SKMES1,-0.711024992,0
5746,11960529,T47D,-22.77339723,0
5746,11960529,UWB1289,-1.429040467,0
5746,11960529,VCAP,-0.141315163,0
5746,11977753,A375,70.47820586,1
5746,11977753,CAOV3,-4.848533103,0
5746,11977753,ES2,32.7913542,1
5746,11977753,HT144,33.01778051,1
5746,11977753,HT29,30.77344727,1
5746,11977753,MDAMB436,32.70090167,1
5746,11977753,SW837,31.9514343,1
5746,11977753,T47D,113.434362,1
5746,11977753,UWB1289BRCA1,37.1188012,1
5746,11977753,VCAP,35.80952251,1
5746,16224745,A2058,59.97535378,1
5746,16224745,A375,34.09811828,1
5746,16224745,CAOV3,31.72251855,1
5746,16224745,ES2,-1.658543477,0
5746,16224745,HT29,61.66824521,1
5746,16224745,KPL1,-1.378580129,0
5746,16224745,MDAMB436,33.49706536,1
5746,16224745,NCIH520,31.76339947,1
5746,16224745,OCUBM,41.32122231,1
5746,16224745,OVCAR3,77.66129408,1
5746,16224745,SKMEL30,66.79588855,1
5746,16224745,SKMES1,-10.22010143,0
5746,16224745,SKOV3,35.03859706,1
5746,16224745,SW837,38.68819685,1
5746,16224745,T47D,-33.25056353,0
5746,16224745,VCAP,44.69988527,1
5746,24748204,A2780,-0.566301734,0
5746,24748204,A375,-6.786061553,0
5746,24748204,A427,-1.080057387,0
5746,24748204,CAOV3,-17.02564593,0
5746,24748204,COLO320DM,-6.850982595,0
5746,24748204,DLD1,-10.62919188,0
5746,24748204,EFM192B,-22.43464849,0
5746,24748204,ES2,-0.505632542,0
5746,24748204,HCT116,-0.349283866,0
5746,24748204,HT144,-19.43821956,0
5746,24748204,HT29,-3.130371273,0
5746,24748204,KPL1,-10.47018385,0
5746,24748204,LNCAP,-11.29392295,0
5746,24748204,LOVO,-10.26009055,0
5746,24748204,MSTO,-6.352670537,0
5746,24748204,NCIH1650,-24.57326523,0
5746,24748204,NCIH2122,-15.44747483,0
5746,24748204,NCIH460,-25.03158603,0
5746,24748204,NCIH520,-16.65503167,0
5746,24748204,OCUBM,-4.40810348,0
5746,24748204,OV90,-21.51098263,0
5746,24748204,OVCAR3,-7.291640268,0
5746,24748204,PA1,-0.355223863,0
5746,24748204,RKO,-8.444119495,0
5746,24748204,RPMI7951,-5.355336345,0
5746,24748204,SKMEL30,-7.401029833,0
5746,24748204,SKMES1,-20.67487022,0
5746,24748204,SKOV3,-11.33204494,0
5746,24748204,SW620,-0.058601517,0
5746,24748204,SW837,-4.275757354,0
5746,24748204,T47D,-32.34464212,0
5746,24748204,UACC62,-10.71834458,0
5746,24748204,ZR751,-22.33755314,0
5746,24856436,NCIH2122,-0.043791908,0
5746,24856436,NCIH23,-1.336018518,0
5746,24856436,OV90,-12.30826215,0
5746,24856436,OVCAR3,57.36376008,1
5746,24856436,RKO,-2.258044608,0
5746,24856436,SKMES1,-1.141529174,0
5746,24856436,T47D,-4.034355318,0
5746,24856436,UWB1289,64.51748147,1
5746,24958200,DLD1,-3.701612523,0
5746,24958200,LNCAP,-22.41923219,0
5746,24958200,NCIH1650,-0.1789957,0
5746,24958200,NCIH2122,-4.500333345,0
5746,24958200,NCIH23,-0.030282503,0
5746,24958200,OVCAR3,-12.08437919,0
5746,24958200,SKOV3,-0.126821662,0
5746,24958200,ZR751,-2.164112557,0
5746,24964624,EFM192B,-3.472997526,0
5746,24964624,HT144,30.99557751,1
5746,24964624,KPL1,52.75256805,1
5746,24964624,OCUBM,-2.210961918,0
5746,24964624,SW837,40.99362879,1
5746,24964624,UACC62,32.88986768,1
5746,46926350,A2780,-0.850548197,0
5746,46926350,CAOV3,-8.918828187,0
5746,46926350,DLD1,-5.370197168,0
5746,46926350,HT144,-3.956705944,0
5746,46926350,NCIH1650,-23.516979,0
5746,46926350,NCIH2122,-2.898093154,0
5746,46926350,NCIH23,-10.82729701,0
5746,46926350,NCIH460,-1.817992093,0
5746,46926350,OV90,-2.855352566,0
5746,46926350,OVCAR3,-3.228126249,0
5746,46926350,RPMI7951,-7.56369169,0
5746,46926350,SKMES1,-9.033347497,0
5746,46926350,SKOV3,-20.93155183,0
5746,46926350,T47D,-24.55322948,0
5746,46926350,UWB1289,-3.645336576,0
5746,46926350,ZR751,-21.71968695,0
13342,5311,A2058,-21.518126,0
13342,5311,A2780,-14.14086203,0
13342,5311,A375,-31.31519734,0
13342,5311,A427,-35.82031695,0
13342,5311,CAOV3,-37.1587722,0
13342,5311,DLD1,-3.996709229,0
13342,5311,HCT116,-13.34366812,0
13342,5311,HT29,-3.148207356,0
13342,5311,MDAMB436,-16.02021888,0
13342,5311,MSTO,75.78454391,1
13342,5311,NCIH2122,-20.15337746,0
13342,5311,NCIH23,-38.57213393,0
13342,5311,NCIH460,-18.94381502,0
13342,5311,NCIH520,-0.696788621,0
13342,5311,OCUBM,-17.94639139,0
13342,5311,OV90,-7.337505143,0
13342,5311,OVCAR3,-17.1502665,0
13342,5311,PA1,-16.15366415,0
13342,5311,RKO,-3.191112997,0
13342,5311,RPMI7951,-11.50761233,0
13342,5311,SKMEL30,-28.53523545,0
13342,5311,UWB1289,-24.6926209,0
13342,5311,ZR751,-40.78037564,0
13342,5394,A2058,-30.26061865,0
13342,5394,A2780,-56.27267644,0
13342,5394,A375,-48.27094461,0
13342,5394,A427,-35.19215535,0
13342,5394,CAOV3,-114.9141752,0
13342,5394,COLO320DM,-3.786418626,0
13342,5394,DLD1,-21.03669091,0
13342,5394,EFM192B,-51.0342432,0
13342,5394,HCT116,-51.71582004,0
13342,5394,HT144,-39.51605145,0
13342,5394,HT29,-50.04582904,0
13342,5394,KPL1,-19.88835922,0
13342,5394,LNCAP,-59.71002754,0
13342,5394,LOVO,-51.81234071,0
13342,5394,MDAMB436,-29.25713371,0
13342,5394,MSTO,-28.44300092,0
13342,5394,NCIH1650,-44.15303893,0
13342,5394,NCIH2122,-73.23152034,0
13342,5394,NCIH23,-61.87395914,0
13342,5394,NCIH460,-28.13013035,0
13342,5394,NCIH520,-49.44226194,0
13342,5394,OCUBM,-24.44043136,0
13342,5394,OV90,-28.97810547,0
13342,5394,OVCAR3,-67.02603111,0
13342,5394,PA1,-68.56850736,0
13342,5394,RKO,-24.27092453,0
13342,5394,RPMI7951,-52.57228832,0
13342,5394,SKMEL30,-26.15567032,0
13342,5394,SKMES1,-34.01315952,0
13342,5394,SKOV3,-52.46322561,0
13342,5394,SW837,-33.04587576,0
13342,5394,T47D,-134.8040987,0
13342,5394,UACC62,-23.07310332,0
13342,5394,UWB1289,-15.13350202,0
13342,5394,UWB1289BRCA1,-6.964918467,0
13342,5394,VCAP,-41.05187366,0
13342,5394,ZR751,-109.6136828,0
13342,176870,A2058,85.57939365,1
13342,176870,A375,45.22157703,1
13342,176870,EFM192B,44.58547708,1
13342,176870,ES2,58.79504997,1
13342,176870,HCT116,71.50881052,1
13342,176870,HT144,33.69883247,1
13342,176870,HT29,49.68847538,1
13342,176870,KPL1,44.65469026,1
13342,176870,LOVO,42.3579718,1
13342,176870,NCIH2122,39.33975616,1
13342,176870,NCIH460,55.54657753,1
13342,176870,NCIH520,39.94346161,1
13342,176870,OCUBM,83.19519943,1
13342,176870,RKO,64.85230465,1
13342,176870,SKMEL30,43.33310365,1
13342,176870,SKOV3,41.011108,1
13342,176870,SW620,59.56206452,1
13342,176870,SW837,54.25688552,1
13342,176870,T47D,-14.05261606,0
13342,176870,UACC62,32.31482524,1
13342,176870,VCAP,114.6457311,1
13342,176870,ZR751,40.44572347,1
13342,208908,A2780,-5.061144539,0
13342,208908,A427,-34.8937392,0
13342,208908,CAOV3,-4.335261172,0
13342,208908,DLD1,36.56317971,1
13342,208908,HT29,-10.92119874,0
13342,208908,LNCAP,-29.05116225,0
13342,208908,LOVO,33.08985674,1
13342,208908,MDAMB436,-15.41813187,0
13342,208908,NCIH1650,-7.894081137,0
13342,208908,NCIH2122,-24.98687907,0
13342,208908,NCIH23,-10.5428104,0
13342,208908,NCIH520,-2.579725695,0
13342,208908,OCUBM,-3.62224406,0
13342,208908,OV90,-18.18239461,0
13342,208908,OVCAR3,-5.891713626,0
13342,208908,PA1,-3.513020675,0
13342,208908,RKO,-14.77233304,0
13342,208908,RPMI7951,-9.670425864,0
13342,208908,SKMEL30,-10.25160505,0
13342,208908,SW837,33.39639297,1
13342,208908,T47D,-33.91977071,0
13342,208908,UACC62,-0.767746624,0
13342,208908,UWB1289,-30.94560526,0
13342,208908,ZR751,-6.03486564,0
13342,216239,A2780,-1.005866696,0
13342,216239,CAOV3,-9.920310859,0
13342,216239,ES2,34.59434216,1
13342,216239,HT29,-2.261654984,0
13342,216239,LNCAP,-1.763079132,0
13342,216239,MDAMB436,-6.937559609,0
13342,216239,MSTO,-12.61543566,0
13342,216239,OVCAR3,-8.643397599,0
13342,216239,RPMI7951,-5.652835366,0
13342,216239,SW620,35.17248524,1
13342,216239,T47D,-8.890072018,0
13342,216239,UWB1289,-5.577776501,0
13342,216239,VCAP,39.73514779,1
13342,216239,ZR751,-4.222230431,0
13342,216453,A2058,82.51665184,1
13342,216453,A375,34.22899361,1
13342,216453,A427,46.06766584,1
13342,216453,EFM192B,31.14142698,1
13342,216453,ES2,42.75639743,1
13342,216453,LNCAP,-85.75874254,0
13342,216453,MSTO,-5.810183469,0
13342,216453,NCIH1650,30.84218436,1
13342,216453,OCUBM,53.37446003,1
13342,216453,OV90,37.34672381,1
13342,216453,RKO,42.86699365,1
13342,216453,SKOV3,33.79519346,1
13342,216453,SW620,54.0558313,1
13342,216453,SW837,44.26821981,1
13342,216453,UWB1289BRCA1,33.16925726,1
13342,216453,VCAP,53.11094325,1
13342,387447,A2058,-10.55419165,0
13342,387447,A2780,-37.13334543,0
13342,387447,A375,-10.8968315,0
13342,387447,A427,-12.91150452,0
13342,387447,CAOV3,-32.10671184,0
13342,387447,COLO320DM,-8.99467314,0
13342,387447,EFM192B,-28.55673616,0
13342,387447,HCT116,-13.98222264,0
13342,387447,HT144,-17.85957742,0
13342,387447,HT29,-27.19240385,0
13342,387447,LNCAP,-199.2579703,0
13342,387447,MDAMB436,-11.25332847,0
13342,387447,MSTO,-24.78273688,0
13342,387447,NCIH1650,-40.09623514,0
13342,387447,NCIH2122,-38.162152,0
13342,387447,NCIH23,-30.33070495,0
13342,387447,NCIH460,-38.97671729,0
13342,387447,NCIH520,-35.64042528,0
13342,387447,OV90,-17.53033643,0
13342,387447,OVCAR3,-20.31637417,0
13342,387447,PA1,-30.21479815,0
13342,387447,RKO,-10.56821449,0
13342,387447,RPMI7951,-21.52598832,0
13342,387447,SKMEL30,-15.89976665,0
13342,387447,SKMES1,-34.12471001,0
13342,387447,SKOV3,-1.732884934,0
13342,387447,SW837,-9.30170878,0
13342,387447,T47D,-32.24183569,0
13342,387447,UACC62,-29.45041491,0
13342,387447,UWB1289,-27.01475042,0
13342,387447,UWB1289BRCA1,-0.98490179,0
13342,387447,VCAP,-14.05161279,0
13342,387447,ZR751,-32.29125776,0
13342,3062316,A2058,41.6650811,1
13342,3062316,A2780,39.18536378,1
13342,3062316,A375,-6.227297328,0
13342,3062316,CAOV3,-6.819538466,0
13342,3062316,COLO320DM,-12.05615322,0
13342,3062316,HCT116,-44.90357203,0
13342,3062316,HT144,-39.59713445,0
13342,3062316,HT29,-10.93278023,0
13342,3062316,LNCAP,-32.69030668,0
13342,3062316,LOVO,42.18423999,1
13342,3062316,MDAMB436,-3.349819525,0
13342,3062316,MSTO,93.43255317,1
13342,3062316,NCIH1650,33.55402048,1
13342,3062316,NCIH2122,-99.66705551,0
13342,3062316,NCIH23,-6.921767338,0
13342,3062316,NCIH520,39.41310981,1
13342,3062316,OV90,-0.434253542,0
13342,3062316,OVCAR3,49.17768855,1
13342,3062316,RKO,-4.558272452,0
13342,3062316,SKMEL30,-34.9381396,0
13342,3062316,SKMES1,-9.658091146,0
13342,3062316,T47D,-40.10616085,0
13342,3062316,UWB1289,-12.62215299,0
13342,3062316,ZR751,-49.88629454,0
13342,5288382,A2058,-12.87229487,0
13342,5288382,A2780,-18.22399153,0
13342,5288382,A427,-12.00738927,0
13342,5288382,CAOV3,-30.65969489,0
13342,5288382,COLO320DM,-4.552871623,0
13342,5288382,DLD1,-16.16603371,0
13342,5288382,EFM192B,-31.97169999,0
13342,5288382,HCT116,-16.39905805,0
13342,5288382,HT144,-17.92428323,0
13342,5288382,HT29,-35.70527713,0
13342,5288382,KPL1,-14.93310888,0
13342,5288382,LNCAP,-148.2415814,0
13342,5288382,LOVO,-28.62431489,0
13342,5288382,MDAMB436,-3.673009117,0
13342,5288382,MSTO,-57.27205328,0
13342,5288382,NCIH1650,-26.43318161,0
13342,5288382,NCIH2122,-41.98659526,0
13342,5288382,NCIH23,-24.91058246,0
13342,5288382,NCIH460,-29.03978051,0
13342,5288382,NCIH520,-21.14714659,0
13342,5288382,OCUBM,-9.13280755,0
13342,5288382,OV90,-24.72680222,0
13342,5288382,OVCAR3,-32.52502949,0
13342,5288382,PA1,-22.2626471,0
13342,5288382,RKO,-7.00195572,0
13342,5288382,RPMI7951,-11.90252931,0
13342,5288382,SKMEL30,-18.15600231,0
13342,5288382,SKMES1,-23.27499983,0
13342,5288382,SKOV3,-8.065646386,0
13342,5288382,SW620,-3.809024947,0
13342,5288382,SW837,-30.91373154,0
13342,5288382,T47D,-16.3040975,0
13342,5288382,UACC62,-77.82985735,0
13342,5288382,UWB1289,-32.10821348,0
13342,5288382,UWB1289BRCA1,-22.30805714,0
13342,5288382,VCAP,-5.97610342,0
13342,5288382,ZR751,-21.41855019,0
13342,5329102,A2780,-3.696362168,0
13342,5329102,CAOV3,-3.793368889,0
13342,5329102,HT29,-11.52411698,0
13342,5329102,LNCAP,-19.48486642,0
13342,5329102,LOVO,-0.270805709,0
13342,5329102,MDAMB436,-5.885634529,0
13342,5329102,MSTO,-12.15852725,0
13342,5329102,NCIH23,-18.86316063,0
13342,5329102,NCIH460,-3.919378718,0
13342,5329102,NCIH520,-0.010526166,0
13342,5329102,OVCAR3,-0.843336033,0
13342,5329102,PA1,-9.906028964,0
13342,5329102,RKO,-3.001569304,0
13342,5329102,RPMI7951,-18.02883515,0
13342,5329102,SKMEL30,-10.29952621,0
13342,5329102,SKMES1,-9.699262448,0
13342,5329102,SW837,-8.047742094,0
13342,5329102,T47D,-18.93567274,0
13342,5329102,UWB1289,-10.87016275,0
13342,5329102,ZR751,-11.21871505,0
13342,9826528,A375,-1.731966966,0
13342,9826528,CAOV3,-13.90924947,0
13342,9826528,EFM192B,-0.842035121,0
13342,9826528,ES2,33.91110573,1
13342,9826528,HCT116,-0.535572262,0
13342,9826528,HT29,-25.20453316,0
13342,9826528,MDAMB436,-7.570960472,0
13342,9826528,MSTO,-1.059593411,0
13342,9826528,NCIH2122,-30.45103376,0
13342,9826528,NCIH23,-7.629639583,0
13342,9826528,NCIH460,-0.437340745,0
13342,9826528,NCIH520,-1.761566318,0
13342,9826528,OV90,-0.990771161,0
13342,9826528,OVCAR3,-0.172139285,0
13342,9826528,RPMI7951,-9.156636772,0
13342,9826528,SKMEL30,-1.923951823,0
13342,9826528,SKMES1,-13.0645656,0
13342,9826528,SW837,-4.379804269,0
13342,9826528,ZR751,-19.26690345,0
13342,11520894,A2058,50.48578982,1
13342,11520894,A427,-5.569242087,0
13342,11520894,CAOV3,-8.431965662,0
13342,11520894,COLO320DM,-1.274828249,0
13342,11520894,EFM192B,49.92967777,1
13342,11520894,HCT116,-19.22634478,0
13342,11520894,KPL1,58.50727318,1
13342,11520894,LOVO,32.69924727,1
13342,11520894,MDAMB436,-3.438089674,0
13342,11520894,MSTO,69.31644893,1
13342,11520894,NCIH2122,-8.911281785,0
13342,11520894,NCIH23,-5.47761084,0
13342,11520894,NCIH460,-3.734064399,0
13342,11520894,NCIH520,-2.809992038,0
13342,11520894,PA1,-6.428322234,0
13342,11520894,SKMEL30,30.07980797,1
13342,11520894,SKOV3,40.58721873,1
13342,11520894,T47D,32.45522961,1
13342,11520894,UWB1289,-12.95645069,0
13342,11520894,VCAP,31.85489656,1
13342,11960529,A2058,-6.260305872,0
13342,11960529,A2780,-33.01039272,0
13342,11960529,A375,-33.66188078,0
13342,11960529,A427,-32.17034257,0
13342,11960529,CAOV3,-38.11192775,0
13342,11960529,COLO320DM,-3.833855194,0
13342,11960529,DLD1,-6.102604753,0
13342,11960529,EFM192B,-7.322745345,0
13342,11960529,ES2,-12.72149447,0
13342,11960529,HCT116,-16.55595588,0
13342,11960529,HT144,-31.95203457,0
13342,11960529,HT29,-44.09793187,0
13342,11960529,KPL1,-7.624608024,0
13342,11960529,LNCAP,-45.33134536,0
13342,11960529,LOVO,-31.81536286,0
13342,11960529,MDAMB436,-21.32252366,0
13342,11960529,MSTO,-6.995458184,0
13342,11960529,NCIH1650,-29.0083885,0
13342,11960529,NCIH2122,-21.16777445,0
13342,11960529,NCIH23,-34.89296572,0
13342,11960529,NCIH460,-15.35249881,0
13342,11960529,NCIH520,-13.3486394,0
13342,11960529,OCUBM,-23.54409867,0
13342,11960529,OV90,-19.15594557,0
13342,11960529,OVCAR3,-59.46650735,0
13342,11960529,PA1,-43.36613864,0
13342,11960529,RKO,-5.541467635,0
13342,11960529,RPMI7951,-37.34478721,0
13342,11960529,SKMEL30,-16.1673518,0
13342,11960529,SKMES1,-0.485674371,0
13342,11960529,SKOV3,-5.210869674,0
13342,11960529,SW620,-5.712796582,0
13342,11960529,SW837,-30.4198704,0
13342,11960529,T47D,-19.7234483,0
13342,11960529,UACC62,-28.21780099,0
13342,11960529,UWB1289,-34.08171709,0
13342,11960529,UWB1289BRCA1,-34.80765571,0
13342,11960529,VCAP,-14.55831433,0
13342,11960529,ZR751,-50.84000559,0
13342,11977753,A375,33.63772163,1
13342,11977753,CAOV3,-7.613486858,0
13342,11977753,ES2,54.79783766,1
13342,11977753,HT144,37.59751525,1
13342,11977753,MSTO,-15.40433875,0
13342,11977753,NCIH2122,-21.71734756,0
13342,11977753,NCIH23,-2.378667641,0
13342,11977753,SW620,48.62427914,1
13342,11977753,T47D,54.50425259,1
13342,16224745,A2780,-13.29820428,0
13342,16224745,A427,-22.15026766,0
13342,16224745,CAOV3,-4.691347893,0
13342,16224745,DLD1,-0.93306293,0
13342,16224745,HCT116,-9.519189217,0
13342,16224745,HT29,-18.85023674,0
13342,16224745,KPL1,-1.792815619,0
13342,16224745,MDAMB436,-11.27802511,0
13342,16224745,MSTO,-6.709150994,0
13342,16224745,NCIH2122,-48.00194577,0
13342,16224745,NCIH23,-21.19126682,0
13342,16224745,NCIH460,-9.216638234,0
13342,16224745,NCIH520,-7.334796274,0
13342,16224745,OV90,-10.43451866,0
13342,16224745,OVCAR3,-24.77081511,0
13342,16224745,PA1,-26.0103294,0
13342,16224745,RPMI7951,-28.90426431,0
13342,16224745,SKMEL30,-0.520000541,0
13342,16224745,SKMES1,-23.38064444,0
13342,16224745,SW837,-30.7718173,0
13342,16224745,T47D,-91.15214814,0
13342,16224745,UWB1289,-29.45304109,0
13342,16224745,UWB1289BRCA1,-20.57771164,0
13342,16224745,ZR751,-30.28771582,0
13342,24748204,HT29,41.01907392,1
13342,24748204,NCIH2122,-7.507888002,0
13342,24748204,NCIH460,-4.439803395,0
13342,24748204,PA1,-11.76863181,0
13342,24748204,RKO,41.33619823,1
13342,24748204,RPMI7951,-3.534605935,0
13342,24748204,SW620,37.52096948,1
13342,24748204,SW837,36.25399761,1
13342,24748204,UWB1289,-8.118805819,0
13342,24748204,VCAP,39.35686611,1
13342,24748204,ZR751,-1.661185587,0
13342,24856436,A375,-5.492115217,0
13342,24856436,A427,-13.28690127,0
13342,24856436,CAOV3,-7.448189591,0
13342,24856436,EFM192B,-10.06964235,0
13342,24856436,HT29,-6.538344268,0
13342,24856436,LNCAP,-4.077703147,0
13342,24856436,LOVO,-0.715024317,0
13342,24856436,MSTO,-16.17330097,0
13342,24856436,NCIH2122,-23.03504899,0
13342,24856436,NCIH23,-20.93263176,0
13342,24856436,NCIH460,-9.214563403,0
13342,24856436,OV90,-16.28323135,0
13342,24856436,OVCAR3,-0.421791954,0
13342,24856436,PA1,-2.238551974,0
13342,24856436,RPMI7951,-6.459396672,0
13342,24856436,SKMEL30,-19.4524336,0
13342,24856436,SKMES1,-11.09668695,0
13342,24856436,SW837,-2.702329404,0
13342,24856436,T47D,-23.22852677,0
13342,24856436,UWB1289,84.84541796,1
13342,24856436,VCAP,-10.55449578,0
13342,24856436,ZR751,-4.531192056,0
13342,24958200,A2058,-13.3879235,0
13342,24958200,A2780,-11.40134251,0
13342,24958200,A375,-18.96388412,0
13342,24958200,A427,-12.06344511,0
13342,24958200,CAOV3,-33.48756779,0
13342,24958200,DLD1,-3.675031992,0
13342,24958200,HCT116,-9.148159827,0
13342,24958200,HT144,-2.444380765,0
13342,24958200,HT29,-10.08507429,0
13342,24958200,LNCAP,-46.64719467,0
13342,24958200,LOVO,-2.883093299,0
13342,24958200,MDAMB436,-1.827723663,0
13342,24958200,NCIH23,-26.15634803,0
13342,24958200,NCIH520,-18.66022759,0
13342,24958200,OV90,-15.82092885,0
13342,24958200,OVCAR3,-16.87304014,0
13342,24958200,PA1,-16.34304453,0
13342,24958200,RPMI7951,-5.581326895,0
13342,24958200,SKMEL30,-3.448913159,0
13342,24958200,SKMES1,-7.512392798,0
13342,24958200,SW620,30.93184487,1
13342,24958200,SW837,-21.71800764,0
13342,24958200,T47D,-48.76345081,0
13342,24958200,UACC62,-1.625383808,0
13342,24958200,UWB1289,-23.39499577,0
13342,24958200,UWB1289BRCA1,-0.315245999,0
13342,24958200,ZR751,-2.066075273,0
13342,24964624,A427,-31.09447208,0
13342,24964624,CAOV3,-1.933284392,0
13342,24964624,EFM192B,-17.23730757,0
13342,24964624,HCT116,-19.9160462,0
13342,24964624,HT29,-4.761721883,0
13342,24964624,LNCAP,-8.853629726,0
13342,24964624,MDAMB436,-13.84621056,0
13342,24964624,MSTO,46.76569279,1
13342,24964624,NCIH2122,-34.7974911,0
13342,24964624,NCIH23,-7.184761461,0
13342,24964624,OCUBM,-6.888390008,0
13342,24964624,OVCAR3,-9.713491058,0
13342,24964624,PA1,-4.326789241,0
13342,24964624,SKMEL30,-5.917691548,0
13342,24964624,SW837,-7.286616996,0
13342,24964624,UWB1289,-16.29610227,0
13342,24964624,VCAP,-9.689371566,0
13342,46926350,A2058,-17.08245334,0
13342,46926350,A2780,-20.21319358,0
13342,46926350,A375,-3.790668718,0
13342,46926350,A427,-16.62875411,0
13342,46926350,CAOV3,-32.2301558,0
13342,46926350,DLD1,-6.890084527,0
13342,46926350,EFM192B,-8.267184084,0
13342,46926350,HCT116,-27.32015182,0
13342,46926350,HT144,-13.64174523,0
13342,46926350,HT29,-23.80891416,0
13342,46926350,LOVO,-20.29283824,0
13342,46926350,MDAMB436,-21.74415889,0
13342,46926350,MSTO,-13.02853204,0
13342,46926350,NCIH1650,-21.20039221,0
13342,46926350,NCIH2122,-37.84606202,0
13342,46926350,NCIH23,-31.19458031,0
13342,46926350,NCIH460,-15.32815597,0
13342,46926350,NCIH520,-31.63086613,0
13342,46926350,OCUBM,-8.470904641,0
13342,46926350,OV90,-26.25964814,0
13342,46926350,OVCAR3,-18.55567037,0
13342,46926350,PA1,-26.78541099,0
13342,46926350,RKO,-0.017717894,0
13342,46926350,RPMI7951,-11.12907649,0
13342,46926350,SKMEL30,-9.587567124,0
13342,46926350,SKMES1,-27.53005918,0
13342,46926350,SKOV3,-21.12419762,0
13342,46926350,SW837,-19.21834825,0
13342,46926350,T47D,-59.97465657,0
13342,46926350,UACC62,-2.471797905,0
13342,46926350,UWB1289,-34.84477511,0
13342,46926350,UWB1289BRCA1,-4.776107911,0
13342,46926350,VCAP,-16.98016101,0
13342,46926350,ZR751,-30.90163936,0
31703,5311,A427,-11.11280124,0
31703,5311,CAOV3,-6.281497285,0
31703,5311,HCT116,-5.2901855,0
31703,5311,KPL1,-7.140546993,0
31703,5311,NCIH23,-2.429277099,0
31703,5311,NCIH520,-6.127481674,0
31703,5311,OV90,-0.036322098,0
31703,5311,OVCAR3,-6.519952637,0
31703,5311,PA1,-4.913669634,0
31703,5311,RKO,-2.881661544,0
31703,5311,RPMI7951,-3.295385102,0
31703,5311,SKMEL30,-0.176543302,0
31703,5311,SW620,-2.414926132,0
31703,5394,A2058,-8.536224943,0
31703,5394,A375,-5.917122875,0
31703,5394,CAOV3,-0.88117833,0
31703,5394,DLD1,-1.521509747,0
31703,5394,HT144,-1.193602735,0
31703,5394,KPL1,-17.7321459,0
31703,5394,LNCAP,-9.901758516,0
31703,5394,LOVO,-0.185936484,0
31703,5394,MDAMB436,-12.98371133,0
31703,5394,MSTO,-0.439918414,0
31703,5394,NCIH2122,-11.3086724,0
31703,5394,NCIH520,-4.918525302,0
31703,5394,OV90,-3.615693015,0
31703,5394,OVCAR3,-8.251245405,0
31703,5394,PA1,-12.45608267,0
31703,5394,RKO,-0.410601452,0
31703,5394,RPMI7951,-1.889011346,0
31703,5394,SKOV3,-8.797238208,0
31703,5394,SW837,-13.32181269,0
31703,5394,UACC62,-18.9433129,0
31703,5394,ZR751,-13.27729077,0
31703,176870,A375,-5.409191442,0
31703,176870,A427,-5.677250808,0
31703,176870,COLO320DM,-31.56962008,0
31703,176870,DLD1,-12.60457968,0
31703,176870,EFM192B,-19.25622462,0
31703,176870,ES2,-4.488325887,0
31703,176870,LNCAP,-4.941535628,0
31703,176870,MDAMB436,-1.302458064,0
31703,176870,MSTO,-1.179212026,0
31703,176870,NCIH520,-3.824386717,0
31703,176870,OV90,-17.80334417,0
31703,176870,OVCAR3,-11.40605507,0
31703,176870,PA1,-12.54224979,0
31703,176870,RPMI7951,-7.203985112,0
31703,176870,SKMEL30,-0.245092368,0
31703,176870,SKMES1,-7.58939023,0
31703,176870,SKOV3,-21.42793885,0
31703,176870,SW837,31.14249805,1
31703,208908,A427,-4.16687147,0
31703,208908,COLO320DM,-1.678039826,0
31703,208908,HT29,-3.708763509,0
31703,208908,MDAMB436,-6.329957799,0
31703,208908,NCIH520,-18.33191573,0
31703,208908,OV90,-19.34729439,0
31703,208908,OVCAR3,-3.901454091,0
31703,208908,PA1,-8.621104266,0
31703,208908,SW837,35.1944599,1
31703,208908,T47D,42.3755568,1
31703,208908,UWB1289,-4.859659637,0
31703,216239,A2058,-4.862590299,0
31703,216239,A2780,-3.553426077,0
31703,216239,A375,-46.04624136,0
31703,216239,A427,-4.134505899,0
31703,216239,CAOV3,-11.89438771,0
31703,216239,COLO320DM,-14.18531713,0
31703,216239,DLD1,-6.050332538,0
31703,216239,EFM192B,-23.57420414,0
31703,216239,ES2,-11.95953971,0
31703,216239,HCT116,-12.93846288,0
31703,216239,HT144,-4.139761502,0
31703,216239,HT29,-13.3605129,0
31703,216239,KPL1,-8.141778775,0
31703,216239,LNCAP,-10.73493807,0
31703,216239,LOVO,-15.29786353,0
31703,216239,MDAMB436,-16.18892584,0
31703,216239,MSTO,-9.51380606,0
31703,216239,NCIH1650,-22.85367654,0
31703,216239,NCIH2122,-12.79070237,0
31703,216239,NCIH23,-13.26867902,0
31703,216239,NCIH460,-1.644792192,0
31703,216239,NCIH520,-6.61710691,0
31703,216239,OCUBM,-4.040732208,0
31703,216239,OV90,-14.13044098,0
31703,216239,OVCAR3,-39.00145769,0
31703,216239,PA1,-3.324508528,0
31703,216239,RKO,-12.0189401,0
31703,216239,RPMI7951,-16.13219697,0
31703,216239,SKMEL30,-5.768527904,0
31703,216239,SKMES1,-19.00794257,0
31703,216239,SKOV3,-22.50246654,0
31703,216239,SW620,-5.600374644,0
31703,216239,SW837,-17.63687925,0
31703,216239,T47D,-2.845453918,0
31703,216239,UACC62,-8.296192939,0
31703,216239,UWB1289,-4.144699088,0
31703,216239,UWB1289BRCA1,-8.530771968,0
31703,216239,VCAP,-17.31329588,0
31703,216239,ZR751,-18.74222054,0
31703,216453,A427,-4.164350861,0
31703,216453,CAOV3,-8.454691062,0
31703,216453,COLO320DM,-15.48895957,0
31703,216453,DLD1,-11.11131859,0
31703,216453,EFM192B,-20.82073043,0
31703,216453,ES2,-10.67573422,0
31703,216453,HCT116,-7.120590587,0
31703,216453,KPL1,-7.261282856,0
31703,216453,LOVO,-5.772930104,0
31703,216453,MDAMB436,-5.739644362,0
31703,216453,MSTO,-33.3885015,0
31703,216453,NCIH1650,-16.1820269,0
31703,216453,NCIH2122,-8.81911072,0
31703,216453,NCIH23,-0.63390415,0
31703,216453,NCIH520,-9.453447697,0
31703,216453,OV90,-12.9239441,0
31703,216453,OVCAR3,-33.65088895,0
31703,216453,PA1,-10.42198965,0
31703,216453,RKO,-2.995379142,0
31703,216453,RPMI7951,-4.932395139,0
31703,216453,SKMEL30,-18.0519715,0
31703,216453,SKMES1,-12.61471488,0
31703,216453,SKOV3,-28.31929693,0
31703,216453,SW837,-17.84420182,0
31703,216453,UACC62,-7.856584615,0
31703,216453,UWB1289,-1.706451141,0
31703,216453,UWB1289BRCA1,-4.917256777,0
31703,216453,VCAP,-3.651886411,0
31703,216453,ZR751,-0.136807001,0
31703,387447,A2058,-6.710785962,0
31703,387447,A2780,-2.726155185,0
31703,387447,A375,-12.52496679,0
31703,387447,A427,-10.02828099,0
31703,387447,CAOV3,-15.85211812,0
31703,387447,COLO320DM,-25.16080556,0
31703,387447,DLD1,-0.059756192,0
31703,387447,EFM192B,-20.72880449,0
31703,387447,ES2,-29.20215971,0
31703,387447,HCT116,-5.662637467,0
31703,387447,HT144,-11.24310517,0
31703,387447,HT29,-15.48976013,0
31703,387447,KPL1,-5.242772252,0
31703,387447,MDAMB436,-5.178433721,0
31703,387447,MSTO,-36.63297091,0
31703,387447,NCIH1650,-23.04617464,0
31703,387447,NCIH2122,-24.85599185,0
31703,387447,NCIH23,-12.7654294,0
31703,387447,NCIH460,-6.493141965,0
31703,387447,NCIH520,-34.04301459,0
31703,387447,OCUBM,-2.542692027,0
31703,387447,OV90,-24.81815616,0
31703,387447,OVCAR3,-16.04003836,0
31703,387447,PA1,-7.228709873,0
31703,387447,RKO,-8.243010769,0
31703,387447,RPMI7951,-11.75971147,0
31703,387447,SKMEL30,-13.39101488,0
31703,387447,SKMES1,-19.80912814,0
31703,387447,SKOV3,-19.96631996,0
31703,387447,UACC62,-13.95935897,0
31703,387447,UWB1289,-20.42727748,0
31703,387447,UWB1289BRCA1,-9.826011176,0
31703,387447,VCAP,-4.834704013,0
31703,387447,ZR751,-18.24064921,0
31703,3062316,A2780,31.39869974,1
31703,3062316,HT144,-9.383591957,0
31703,3062316,LOVO,40.48800624,1
31703,3062316,MSTO,50.0688705,1
31703,3062316,NCIH1650,41.57685475,1
31703,3062316,NCIH2122,-45.52738575,0
31703,3062316,NCIH460,32.16283448,1
31703,3062316,NCIH520,37.63085438,1
31703,3062316,OVCAR3,60.12770056,1
31703,3062316,SW620,36.68571176,1
31703,3062316,SW837,42.52311403,1
31703,3062316,T47D,47.20344049,1
31703,5288382,A375,-6.025828119,0
31703,5288382,CAOV3,-12.66027519,0
31703,5288382,DLD1,-7.33289702,0
31703,5288382,EFM192B,-11.36983635,0
31703,5288382,HCT116,-3.996297244,0
31703,5288382,HT144,-2.499539768,0
31703,5288382,HT29,-0.73809681,0
31703,5288382,KPL1,-13.10003761,0
31703,5288382,LOVO,-8.242673892,0
31703,5288382,MDAMB436,-7.530098422,0
31703,5288382,MSTO,-39.58944098,0
31703,5288382,NCIH1650,-13.40522824,0
31703,5288382,NCIH2122,-9.219154297,0
31703,5288382,NCIH23,-23.6318948,0
31703,5288382,NCIH520,-13.93060179,0
31703,5288382,OV90,-7.275009999,0
31703,5288382,OVCAR3,-4.884860863,0
31703,5288382,PA1,-14.69607112,0
31703,5288382,RKO,-7.962994128,0
31703,5288382,RPMI7951,-3.053703894,0
31703,5288382,SKMEL30,-4.096792214,0
31703,5288382,SKMES1,-10.20914689,0
31703,5288382,SKOV3,-7.552835087,0
31703,5288382,SW620,-3.807000769,0
31703,5288382,UACC62,-13.6567175,0
31703,5288382,UWB1289BRCA1,-25.42268311,0
31703,5288382,ZR751,-5.531905167,0
31703,5329102,A2058,-3.166045586,0
31703,5329102,A2780,-2.462325515,0
31703,5329102,A375,-31.96588485,0
31703,5329102,CAOV3,-2.451066553,0
31703,5329102,COLO320DM,-0.995445779,0
31703,5329102,DLD1,-7.541154695,0
31703,5329102,EFM192B,-15.78295255,0
31703,5329102,ES2,-4.527319575,0
31703,5329102,HCT116,-8.328886761,0
31703,5329102,HT144,-4.610397019,0
31703,5329102,HT29,-7.942580167,0
31703,5329102,LNCAP,-23.84764824,0
31703,5329102,LOVO,-2.036964087,0
31703,5329102,MDAMB436,-6.431261859,0
31703,5329102,MSTO,-14.56283254,0
31703,5329102,NCIH1650,-1.246172213,0
31703,5329102,NCIH2122,-4.384007835,0
31703,5329102,NCIH23,-15.54788956,0
31703,5329102,NCIH460,-1.466898108,0
31703,5329102,NCIH520,-10.66924847,0
31703,5329102,OCUBM,-4.967757361,0
31703,5329102,OV90,-12.69968245,0
31703,5329102,OVCAR3,-9.54640494,0
31703,5329102,PA1,-7.10505902,0
31703,5329102,RKO,-9.807447258,0
31703,5329102,RPMI7951,-12.95040498,0
31703,5329102,SKMEL30,-4.046160182,0
31703,5329102,SKMES1,-16.63118696,0
31703,5329102,SKOV3,-14.38319177,0
31703,5329102,SW837,-3.256295775,0
31703,5329102,T47D,-12.09784645,0
31703,5329102,UACC62,-1.840751973,0
31703,5329102,UWB1289,-1.292234704,0
31703,5329102,VCAP,-4.059515997,0
31703,5329102,ZR751,-6.11998313,0
31703,9826528,DLD1,-1.091918752,0
31703,9826528,MDAMB436,-6.600059697,0
31703,9826528,MSTO,-24.77537839,0
31703,9826528,NCIH2122,-2.101771211,0
31703,9826528,NCIH520,-27.66661757,0
31703,9826528,OVCAR3,-11.38678255,0
31703,9826528,PA1,-12.47613222,0
31703,9826528,RPMI7951,-9.30258192,0
31703,9826528,SKMEL30,-24.51115165,0
31703,9826528,SKMES1,-5.77581247,0
31703,9826528,SKOV3,-4.445761682,0
31703,9826528,UWB1289BRCA1,-2.154139007,0
31703,11520894,A2058,-10.49023254,0
31703,11520894,HCT116,-2.782156497,0
31703,11520894,HT144,30.46098996,1
31703,11520894,LNCAP,32.08194968,1
31703,11520894,NCIH1650,41.18662302,1
31703,11520894,NCIH2122,-4.838154392,0
31703,11520894,NCIH23,-9.720468871,0
31703,11520894,PA1,-9.544931153,0
31703,11520894,RPMI7951,-5.311772199,0
31703,11520894,SKOV3,32.25572773,1
31703,11520894,T47D,37.87194371,1
31703,11960529,A2058,-7.85025899,0
31703,11960529,DLD1,-3.363130747,0
31703,11960529,KPL1,-2.153656109,0
31703,11960529,MSTO,-23.21115736,0
31703,11960529,NCIH2122,-6.20889926,0
31703,11960529,NCIH23,-1.066014263,0
31703,11960529,NCIH520,-3.710738903,0
31703,11960529,OV90,-6.707802018,0
31703,11960529,OVCAR3,-2.334873983,0
31703,11960529,PA1,-6.101226726,0
31703,11960529,SKMEL30,-16.76489181,0
31703,11960529,SW837,-5.478968633,0
31703,11960529,UWB1289,-0.050017795,0
31703,11977753,A375,32.27278459,1
31703,11977753,HT144,30.63177828,1
31703,11977753,LNCAP,58.91384784,1
31703,11977753,MSTO,-15.97304518,0
31703,11977753,NCIH23,-12.16392394,0
31703,11977753,OV90,-4.531476059,0
31703,11977753,PA1,-6.20150905,0
31703,11977753,RPMI7951,-8.576530761,0
31703,11977753,SKMEL30,-4.467503695,0
31703,11977753,T47D,77.42154796,1
31703,16224745,A427,-1.662979573,0
31703,16224745,HT29,36.72789817,1
31703,16224745,KPL1,-7.506913939,0
31703,16224745,LNCAP,-5.664661257,0
31703,16224745,MSTO,-4.799551324,0
31703,16224745,NCIH2122,-12.51493838,0
31703,16224745,OV90,-1.591375892,0
31703,16224745,OVCAR3,52.03572177,1
31703,16224745,PA1,-14.68972152,0
31703,16224745,RKO,-5.493759816,0
31703,16224745,RPMI7951,-0.848725062,0
31703,16224745,SKMEL30,37.95548534,1
31703,16224745,SKMES1,-15.15977039,0
31703,16224745,SW620,-4.565436589,0
31703,16224745,T47D,-2.770384063,0
31703,16224745,UWB1289BRCA1,-9.104901727,0
31703,16224745,ZR751,-0.508321351,0
31703,24748204,A2058,-6.211030489,0
31703,24748204,A2780,-0.700420475,0
31703,24748204,A375,-5.046413147,0
31703,24748204,A427,-18.570381,0
31703,24748204,CAOV3,-0.779824948,0
31703,24748204,COLO320DM,-15.07155436,0
31703,24748204,EFM192B,-12.48880733,0
31703,24748204,ES2,-0.382493989,0
31703,24748204,HT144,-11.66929395,0
31703,24748204,KPL1,-10.05356729,0
31703,24748204,LNCAP,-17.37521122,0
31703,24748204,LOVO,-11.25304566,0
31703,24748204,MSTO,-6.62379424,0
31703,24748204,NCIH1650,-7.500639765,0
31703,24748204,NCIH2122,-18.33430727,0
31703,24748204,NCIH460,-12.25201478,0
31703,24748204,NCIH520,-21.05570493,0
31703,24748204,OCUBM,-2.231685077,0
31703,24748204,OV90,-6.920991401,0
31703,24748204,OVCAR3,-17.2476586,0
31703,24748204,PA1,-8.760341287,0
31703,24748204,RKO,-1.57995793,0
31703,24748204,SKMES1,-24.07595167,0
31703,24748204,SKOV3,-17.5550089,0
31703,24748204,SW837,-7.514199736,0
31703,24748204,UACC62,-12.96697781,0
31703,24748204,UWB1289BRCA1,-11.72390651,0
31703,24748204,VCAP,-9.384556697,0
31703,24748204,ZR751,-10.85528899,0
31703,24856436,A427,-1.011515995,0
31703,24856436,DLD1,-3.87809199,0
31703,24856436,NCIH2122,-5.328030101,0
31703,24856436,NCIH23,-4.413613169,0
31703,24856436,OV90,-13.92283585,0
31703,24856436,OVCAR3,33.9244589,1
31703,24856436,RPMI7951,-3.713034812,0
31703,24856436,UWB1289,51.69708044,1
31703,24958200,A2058,-12.54308836,0
31703,24958200,A2780,-0.525539308,0
31703,24958200,A375,-4.141301817,0
31703,24958200,A427,-9.90837312,0
31703,24958200,COLO320DM,-4.576772728,0
31703,24958200,DLD1,-11.73081119,0
31703,24958200,EFM192B,-5.817022475,0
31703,24958200,ES2,-14.29408631,0
31703,24958200,HCT116,-12.83102695,0
31703,24958200,HT144,-4.82115412,0
31703,24958200,HT29,-8.006011483,0
31703,24958200,KPL1,-4.806152324,0
31703,24958200,LNCAP,-3.262982719,0
31703,24958200,LOVO,-9.400356578,0
31703,24958200,MDAMB436,-6.414075394,0
31703,24958200,MSTO,-7.551127035,0
31703,24958200,NCIH2122,-7.278090018,0
31703,24958200,NCIH23,-2.940606275,0
31703,24958200,OCUBM,-1.373215911,0
31703,24958200,OV90,-27.38243703,0
31703,24958200,OVCAR3,-24.26301921,0
31703,24958200,PA1,-13.65337261,0
31703,24958200,RKO,-0.011282321,0
31703,24958200,RPMI7951,-9.422881614,0
31703,24958200,SKMES1,-0.733084804,0
31703,24958200,SKOV3,-17.73927653,0
31703,24958200,SW620,-1.057761564,0
31703,24958200,SW837,-21.08137786,0
31703,24958200,UACC62,-4.303836465,0
31703,24958200,UWB1289,-0.209596369,0
31703,24958200,ZR751,-4.896083679,0
31703,24964624,EFM192B,-4.988732034,0
31703,24964624,NCIH460,34.74622446,1
31703,24964624,PA1,-7.531605642,0
31703,24964624,RPMI7951,-2.156404298,0
31703,24964624,T47D,35.67707513,1
31703,46926350,A2058,-3.011384024,0
31703,46926350,A2780,-4.638984389,0
31703,46926350,A375,-8.574266962,0
31703,46926350,A427,-1.215931967,0
31703,46926350,CAOV3,-6.949363513,0
31703,46926350,DLD1,-1.526260968,0
31703,46926350,ES2,-3.910275836,0
31703,46926350,HCT116,-1.843361405,0
31703,46926350,HT144,-4.440088028,0
31703,46926350,HT29,-1.416964299,0
31703,46926350,KPL1,-2.573866476,0
31703,46926350,LNCAP,-3.217548014,0
31703,46926350,LOVO,-2.288709853,0
31703,46926350,MDAMB436,-2.849705387,0
31703,46926350,NCIH1650,-11.22434215,0
31703,46926350,NCIH23,-15.25648904,0
31703,46926350,NCIH520,-11.46926954,0
31703,46926350,OV90,-14.13956665,0
31703,46926350,OVCAR3,-14.5249197,0
31703,46926350,PA1,-5.792258918,0
31703,46926350,RPMI7951,-9.459007175,0
31703,46926350,SKMEL30,-0.739713492,0
31703,46926350,SKMES1,-8.763346452,0
31703,46926350,SKOV3,-13.50683065,0
31703,46926350,SW837,-10.20374454,0
31703,46926350,UACC62,-19.79281766,0
31703,46926350,UWB1289,-9.711199279,0
31703,46926350,UWB1289BRCA1,-8.461939539,0
36314,5311,A2058,-27.82104587,0
36314,5311,A2780,-15.24747276,0
36314,5311,A375,-9.336885288,0
36314,5311,A427,-25.29947548,0
36314,5311,CAOV3,-26.58155108,0
36314,5311,EFM192B,-0.013790492,0
36314,5311,HCT116,-17.24978046,0
36314,5311,MSTO,49.15566705,1
36314,5311,NCIH1650,-0.87057643,0
36314,5311,NCIH2122,-12.66965621,0
36314,5311,NCIH23,-25.86581958,0
36314,5311,OCUBM,-7.162944519,0
36314,5311,OVCAR3,-1.286416976,0
36314,5311,PA1,-7.250376451,0
36314,5311,RPMI7951,-2.126995455,0
36314,5311,SKMEL30,-0.860674872,0
36314,5311,SW620,-9.726495429,0
36314,5311,UWB1289,-13.56829591,0
36314,5311,ZR751,-20.48547931,0
36314,5394,A2058,-12.62971068,0
36314,5394,A2780,-25.52899142,0
36314,5394,CAOV3,-19.08106182,0
36314,5394,EFM192B,-25.89946021,0
36314,5394,HCT116,-17.15252641,0
36314,5394,HT144,-5.765373571,0
36314,5394,HT29,-14.11796557,0
36314,5394,KPL1,-13.38034102,0
36314,5394,LNCAP,-18.77838242,0
36314,5394,MSTO,-2.0215074,0
36314,5394,NCIH1650,-3.268512861,0
36314,5394,NCIH2122,-237.5819986,0
36314,5394,NCIH23,-17.15446934,0
36314,5394,OCUBM,-18.79067183,0
36314,5394,OVCAR3,-19.63977451,0
36314,5394,PA1,-2.818241011,0
36314,5394,RKO,-8.810532261,0
36314,5394,SKOV3,-7.460348061,0
36314,5394,SW837,-1.838922404,0
36314,5394,T47D,-50.64419261,0
36314,5394,UWB1289,-6.411878692,0
36314,5394,VCAP,-2.610176659,0
36314,5394,ZR751,-18.57175164,0
36314,176870,A2058,-12.62933099,0
36314,176870,A2780,-8.948449138,0
36314,176870,A375,67.02038632,1
36314,176870,EFM192B,-6.656996355,0
36314,176870,ES2,35.89332877,1
36314,176870,HCT116,-15.14194861,0
36314,176870,LNCAP,-45.18370568,0
36314,176870,NCIH2122,-7.334750387,0
36314,176870,NCIH23,-1.629292482,0
36314,176870,NCIH460,52.43475663,1
36314,176870,OCUBM,-14.25990746,0
36314,176870,OV90,-5.520938909,0
36314,176870,PA1,-10.2349321,0
36314,176870,RKO,-13.56300864,0
36314,176870,RPMI7951,-6.085516541,0
36314,176870,SKMES1,36.3564748,1
36314,176870,SW620,-7.241218545,0
36314,176870,T47D,-31.32509433,0
36314,176870,ZR751,32.55295347,1
36314,208908,A2058,-5.178457846,0
36314,208908,A2780,-11.4533481,0
36314,208908,A375,95.35478512,1
36314,208908,A427,-7.561461391,0
36314,208908,COLO320DM,63.1730396,1
36314,208908,DLD1,64.55529078,1
36314,208908,ES2,76.10088097,1
36314,208908,HT144,33.87573085,1
36314,208908,HT29,-0.579523872,0
36314,208908,KPL1,-2.47338708,0
36314,208908,LNCAP,-28.80334665,0
36314,208908,LOVO,44.74681055,1
36314,208908,MSTO,38.39368641,1
36314,208908,NCIH2122,-12.54725529,0
36314,208908,NCIH23,-0.194377333,0
36314,208908,NCIH460,52.14566803,1
36314,208908,NCIH520,-5.616165995,0
36314,208908,PA1,-2.642514631,0
36314,208908,RKO,-10.5734886,0
36314,208908,SKMES1,59.76673021,1
36314,208908,T47D,-3.959009215,0
36314,208908,UWB1289,-9.330620405,0
36314,216239,A2058,-11.18553345,0
36314,216239,A2780,-1.215373725,0
36314,216239,CAOV3,-13.79351993,0
36314,216239,EFM192B,-15.62452069,0
36314,216239,HCT116,-0.125241754,0
36314,216239,HT29,-6.702759281,0
36314,216239,KPL1,-1.523083637,0
36314,216239,LNCAP,-21.43324152,0
36314,216239,LOVO,-12.21873278,0
36314,216239,MDAMB436,-9.152062261,0
36314,216239,MSTO,-12.99657934,0
36314,216239,NCIH1650,-8.008057183,0
36314,216239,NCIH2122,-14.28306701,0
36314,216239,NCIH23,-3.514150896,0
36314,216239,OCUBM,-6.474135759,0
36314,216239,OVCAR3,-32.44400798,0
36314,216239,PA1,-4.619254568,0
36314,216239,RPMI7951,-13.17209195,0
36314,216239,SW837,-7.837523421,0
36314,216239,T47D,-17.73125391,0
36314,216239,UWB1289,-8.850368625,0
36314,216239,UWB1289BRCA1,-3.912131326,0
36314,216239,VCAP,-11.0541298,0
36314,216239,ZR751,-12.23574446,0
36314,216453,A375,33.72371953,1
36314,216453,EFM192B,-40.67026668,0
36314,216453,HCT116,-6.855289338,0
36314,216453,KPL1,-3.597659251,0
36314,216453,LNCAP,-8.328541746,0
36314,216453,LOVO,-5.088876639,0
36314,216453,NCIH2122,-163.6597734,0
36314,216453,NCIH460,36.89100966,1
36314,216453,OCUBM,-3.498348246,0
36314,216453,OVCAR3,-18.05888148,0
36314,216453,VCAP,-6.157279806,0
36314,387447,A2058,-19.12439888,0
36314,387447,A2780,-31.73348789,0
36314,387447,A375,-18.5657402,0
36314,387447,A427,-16.96281168,0
36314,387447,CAOV3,-22.40206064,0
36314,387447,COLO320DM,-11.19485934,0
36314,387447,EFM192B,-68.68915244,0
36314,387447,ES2,-30.35084289,0
36314,387447,HCT116,-18.23971369,0
36314,387447,HT144,-9.027209618,0
36314,387447,HT29,-44.45185179,0
36314,387447,KPL1,-10.13717282,0
36314,387447,LNCAP,-30.23837884,0
36314,387447,MDAMB436,-7.710543692,0
36314,387447,MSTO,68.85996267,1
36314,387447,NCIH1650,-32.16598917,0
36314,387447,NCIH2122,-307.0262696,0
36314,387447,NCIH23,-20.10145532,0
36314,387447,NCIH460,-20.01722888,0
36314,387447,NCIH520,-41.85144862,0
36314,387447,OCUBM,-18.934773,0
36314,387447,OV90,-8.81549371,0
36314,387447,OVCAR3,-27.85598715,0
36314,387447,PA1,-27.67985164,0
36314,387447,RKO,-13.90877605,0
36314,387447,RPMI7951,-10.50526892,0
36314,387447,SKMEL30,-3.429118054,0
36314,387447,SKMES1,-23.03106799,0
36314,387447,SKOV3,-6.7563489,0
36314,387447,SW837,-12.11169183,0
36314,387447,T47D,-21.07086289,0
36314,387447,UACC62,-18.64682683,0
36314,387447,UWB1289,-46.67991242,0
36314,387447,UWB1289BRCA1,-13.65266855,0
36314,387447,VCAP,-28.49151811,0
36314,387447,ZR751,-13.71700451,0
36314,3062316,A2780,56.06199471,1
36314,3062316,A375,39.52376322,1
36314,3062316,A427,34.8923173,1
36314,3062316,HT144,-1.905618141,0
36314,3062316,HT29,35.03273845,1
36314,3062316,LOVO,51.96863126,1
36314,3062316,MDAMB436,41.58936527,1
36314,3062316,MSTO,107.1762971,1
36314,3062316,NCIH1650,55.00265639,1
36314,3062316,NCIH2122,-50.43997571,0
36314,3062316,NCIH460,33.77257613,1
36314,3062316,NCIH520,57.07361604,1
36314,3062316,OCUBM,-14.82399659,0
36314,3062316,OV90,37.63341951,1
36314,3062316,OVCAR3,40.32315254,1
36314,3062316,SKMEL30,-10.42607125,0
36314,3062316,SKMES1,34.54764627,1
36314,3062316,SKOV3,39.52557668,1
36314,3062316,SW620,42.79281166,1
36314,3062316,T47D,41.79292062,1
36314,3062316,VCAP,34.23515496,1
36314,5288382,A2058,-28.98889615,0
36314,5288382,A2780,-16.76370882,0
36314,5288382,A375,-4.069916607,0
36314,5288382,CAOV3,-23.56422588,0
36314,5288382,DLD1,-10.4897384,0
36314,5288382,EFM192B,-83.06638019,0
36314,5288382,HCT116,-9.498712098,0
36314,5288382,HT29,-18.23249281,0
36314,5288382,KPL1,-8.682290487,0
36314,5288382,LNCAP,-45.11150944,0
36314,5288382,LOVO,-17.56400238,0
36314,5288382,NCIH1650,-0.013939201,0
36314,5288382,NCIH2122,-326.4643042,0
36314,5288382,NCIH23,-20.03735849,0
36314,5288382,NCIH460,-12.75868365,0
36314,5288382,NCIH520,-16.9852671,0
36314,5288382,OVCAR3,-45.90629918,0
36314,5288382,PA1,-8.717004266,0
36314,5288382,RPMI7951,-7.912570413,0
36314,5288382,SW837,-17.96433357,0
36314,5288382,T47D,-11.69067445,0
36314,5288382,UWB1289,-28.74868421,0
36314,5288382,UWB1289BRCA1,-14.80847154,0
36314,5288382,VCAP,-0.158711967,0
36314,5288382,ZR751,-7.610083737,0
36314,5329102,A2058,-3.336690455,0
36314,5329102,CAOV3,-1.408344128,0
36314,5329102,EFM192B,-17.87437502,0
36314,5329102,HT29,-2.908832841,0
36314,5329102,LNCAP,-16.58314216,0
36314,5329102,MSTO,-0.380406832,0
36314,5329102,NCIH1650,-4.858320269,0
36314,5329102,NCIH2122,-11.4390014,0
36314,5329102,NCIH23,-6.732498919,0
36314,5329102,OCUBM,-27.40824428,0
36314,5329102,OVCAR3,-6.365308548,0
36314,5329102,PA1,-3.770448662,0
36314,5329102,RKO,-7.43037932,0
36314,5329102,RPMI7951,-17.9717732,0
36314,5329102,SW837,-3.581952194,0
36314,5329102,T47D,-16.14600189,0
36314,5329102,UWB1289,-2.446645598,0
36314,5329102,VCAP,-5.041911901,0
36314,9826528,EFM192B,-21.75061851,0
36314,9826528,ES2,36.29680974,1
36314,9826528,HT144,39.23831374,1
36314,9826528,LNCAP,-17.55216969,0
36314,9826528,NCIH2122,-242.8087275,0
36314,9826528,NCIH520,-2.810468656,0
36314,9826528,OCUBM,-12.26890807,0
36314,9826528,OV90,49.87260386,1
36314,9826528,SW620,33.25167809,1
36314,9826528,T47D,-2.663964878,0
36314,9826528,UWB1289,-2.531807985,0
36314,11520894,CAOV3,-5.416556864,0
36314,11520894,EFM192B,32.27519739,1
36314,11520894,HCT116,-14.16667756,0
36314,11520894,HT144,39.53216094,1
36314,11520894,KPL1,36.20122613,1
36314,11520894,LOVO,30.12878538,1
36314,11520894,MSTO,53.55270657,1
36314,11520894,NCIH1650,32.10340739,1
36314,11520894,NCIH2122,-6.305824099,0
36314,11520894,NCIH460,32.70203942,1
36314,11520894,OCUBM,-3.294168896,0
36314,11520894,OV90,35.81407076,1
36314,11520894,SKMEL30,40.13794386,1
36314,11520894,SKMES1,33.5823346,1
36314,11520894,SKOV3,62.02652793,1
36314,11520894,VCAP,41.0674989,1
36314,11520894,ZR751,44.63109054,1
36314,11960529,A2058,-4.810944876,0
36314,11960529,A2780,-4.338118873,0
36314,11960529,CAOV3,-6.067417576,0
36314,11960529,EFM192B,-22.91889904,0
36314,11960529,HCT116,-9.203301532,0
36314,11960529,HT29,-6.594579321,0
36314,11960529,LNCAP,-14.87925873,0
36314,11960529,LOVO,-2.10631869,0
36314,11960529,NCIH1650,-7.760612649,0
36314,11960529,NCIH2122,-171.0483071,0
36314,11960529,NCIH23,-10.74498217,0
36314,11960529,NCIH520,-0.03081072,0
36314,11960529,OCUBM,-0.138660239,0
36314,11960529,OV90,-3.115402586,0
36314,11960529,OVCAR3,-13.10064571,0
36314,11960529,RKO,-0.988275749,0
36314,11960529,SKOV3,-0.505484128,0
36314,11960529,SW837,-20.96178892,0
36314,11960529,T47D,-3.017011289,0
36314,11960529,UWB1289,-14.80091613,0
36314,11977753,A2058,-5.00733607,0
36314,11977753,A2780,-3.856258719,0
36314,11977753,CAOV3,-15.28519987,0
36314,11977753,EFM192B,-30.76038345,0
36314,11977753,HCT116,-6.133082498,0
36314,11977753,LNCAP,40.7314284,1
36314,11977753,LOVO,-0.172008744,0
36314,11977753,MSTO,39.96072878,1
36314,11977753,NCIH2122,-281.4366679,0
36314,11977753,NCIH23,-12.35477142,0
36314,11977753,NCIH460,34.60596163,1
36314,11977753,OCUBM,-5.602027013,0
36314,11977753,OVCAR3,-20.24951535,0
36314,11977753,PA1,-7.480270252,0
36314,11977753,RPMI7951,-2.719317978,0
36314,11977753,T47D,97.80849248,1
36314,11977753,UWB1289,-29.08701081,0
36314,16224745,A2780,-5.432484711,0
36314,16224745,A375,30.56322729,1
36314,16224745,COLO320DM,-0.84211342,0
36314,16224745,EFM192B,-17.67396626,0
36314,16224745,HCT116,-7.79502585,0
36314,16224745,HT29,-3.224748547,0
36314,16224745,KPL1,-5.611806306,0
36314,16224745,LNCAP,-20.34508111,0
36314,16224745,NCIH2122,-261.7396847,0
36314,16224745,NCIH23,-4.252811546,0
36314,16224745,NCIH520,-4.041011718,0
36314,16224745,OCUBM,-11.45081235,0
36314,16224745,OVCAR3,-11.0493121,0
36314,16224745,PA1,-5.156991783,0
36314,16224745,RPMI7951,-7.408092476,0
36314,16224745,SKMES1,-6.453863035,0
36314,16224745,SW837,-17.66634558,0
36314,16224745,T47D,-4.00858392,0
36314,16224745,UWB1289,-20.64852416,0
36314,16224745,UWB1289BRCA1,-16.42434723,0
36314,24748204,A375,43.66347661,1
36314,24748204,ES2,30.15525285,1
36314,24748204,HT29,32.11803927,1
36314,24748204,KPL1,-1.295560798,0
36314,24748204,LNCAP,-22.11226534,0
36314,24748204,MSTO,51.3790776,1
36314,24748204,NCIH2122,-5.162729068,0
36314,24748204,NCIH460,31.30296552,1
36314,24748204,OCUBM,-7.340704013,0
36314,24748204,RKO,32.71680946,1
36314,24748204,RPMI7951,30.79730164,1
36314,24748204,SKMEL30,34.23072765,1
36314,24748204,UWB1289BRCA1,33.55733332,1
36314,24856436,A2058,-10.30531376,0
36314,24856436,A2780,-2.479274198,0
36314,24856436,A427,-4.286854492,0
36314,24856436,NCIH2122,-19.27158122,0
36314,24856436,NCIH23,-3.249016354,0
36314,24856436,OCUBM,-3.791716357,0
36314,24856436,OV90,-6.260132692,0
36314,24856436,OVCAR3,-2.955382534,0
36314,24856436,RKO,-2.632288254,0
36314,24856436,T47D,-22.91511908,0
36314,24856436,UWB1289,65.75636834,1
36314,24958200,A2058,-16.66774178,0
36314,24958200,A2780,-9.262327614,0
36314,24958200,A375,-0.102470633,0
36314,24958200,A427,-6.755637081,0
36314,24958200,CAOV3,-13.4044252,0
36314,24958200,DLD1,-7.583787044,0
36314,24958200,EFM192B,-20.74950607,0
36314,24958200,ES2,-3.531618214,0
36314,24958200,HCT116,-18.04711129,0
36314,24958200,HT144,-14.9547984,0
36314,24958200,HT29,-14.74192533,0
36314,24958200,KPL1,-19.52266631,0
36314,24958200,LNCAP,-52.70519319,0
36314,24958200,LOVO,-3.933991127,0
36314,24958200,MDAMB436,-1.071128627,0
36314,24958200,MSTO,-6.435638139,0
36314,24958200,NCIH1650,-19.66605136,0
36314,24958200,NCIH2122,-13.85537171,0
36314,24958200,NCIH23,-13.93741241,0
36314,24958200,NCIH520,-19.44784362,0
36314,24958200,OCUBM,-24.55509915,0
36314,24958200,OV90,-19.25538865,0
36314,24958200,OVCAR3,-42.19140032,0
36314,24958200,PA1,-2.911479454,0
36314,24958200,RKO,-18.21541516,0
36314,24958200,RPMI7951,-6.533817484,0
36314,24958200,SW837,-28.75366094,0
36314,24958200,T47D,-95.06772064,0
36314,24958200,UACC62,-18.68419312,0
36314,24958200,UWB1289,-24.73740167,0
36314,24958200,UWB1289BRCA1,-7.490843091,0
36314,24958200,VCAP,-9.587933401,0
36314,24964624,A375,63.81850921,1
36314,24964624,DLD1,36.82176132,1
36314,24964624,HT144,50.9467603,1
36314,24964624,HT29,36.49151805,1
36314,24964624,KPL1,56.07062225,1
36314,24964624,LNCAP,-11.80995592,0
36314,24964624,MSTO,51.29884152,1
36314,24964624,NCIH1650,31.76066078,1
36314,24964624,NCIH460,48.08331844,1
36314,24964624,NCIH520,30.75488569,1
36314,24964624,OCUBM,-0.951867257,0
36314,24964624,OV90,38.76724912,1
36314,24964624,PA1,35.06365529,1
36314,24964624,SKMEL30,32.07433267,1
36314,24964624,SKMES1,58.39395164,1
36314,24964624,SKOV3,41.95834597,1
36314,24964624,SW837,31.46792226,1
36314,24964624,T47D,-0.060161111,0
36314,24964624,ZR751,38.9842152,1
36314,46926350,A2058,-18.69197124,0
36314,46926350,A2780,-10.8670822,0
36314,46926350,CAOV3,-15.79317009,0
36314,46926350,HCT116,-18.4163491,0
36314,46926350,HT29,-6.277740386,0
36314,46926350,LNCAP,-25.67176673,0
36314,46926350,LOVO,-5.761763953,0
36314,46926350,MDAMB436,-5.199765932,0
36314,46926350,NCIH1650,-6.334285366,0
36314,46926350,NCIH2122,-15.97456459,0
36314,46926350,NCIH23,-16.90000215,0
36314,46926350,NCIH520,-15.5305062,0
36314,46926350,OCUBM,-7.768051458,0
36314,46926350,OVCAR3,-20.65752258,0
36314,46926350,PA1,-10.05803624,0
36314,46926350,RPMI7951,-4.051471824,0
36314,46926350,SKMES1,-2.279912161,0
36314,46926350,SKOV3,-18.0524935,0
36314,46926350,SW620,-2.353123917,0
36314,46926350,SW837,-18.15651295,0
36314,46926350,T47D,-45.76200708,0
36314,46926350,UWB1289,-20.1615726,0
36314,46926350,UWB1289BRCA1,-5.306912559,0
36314,46926350,VCAP,-9.079856128,0
36314,46926350,ZR751,-18.18549828,0
36462,5311,A375,-71.18505172,0
36462,5311,A427,-18.84435619,0
36462,5311,CAOV3,83.62883659,1
36462,5311,HCT116,-17.37379223,0
36462,5311,MSTO,56.83462933,1
36462,5311,NCIH23,-2.473733052,0
36462,5311,OCUBM,-5.110605486,0
36462,5311,PA1,-9.679124677,0
36462,5394,A375,-87.4802028,0
36462,5394,CAOV3,83.00585057,1
36462,5394,DLD1,-4.822138367,0
36462,5394,EFM192B,-1.617519125,0
36462,5394,HCT116,-7.177086879,0
36462,5394,HT144,-7.918675549,0
36462,5394,LOVO,-3.522124658,0
36462,5394,MSTO,-0.207890455,0
36462,5394,NCIH1650,-10.23455147,0
36462,5394,NCIH2122,-5.740990385,0
36462,5394,NCIH460,-9.814545734,0
36462,5394,NCIH520,-0.531958049,0
36462,5394,PA1,-13.05993648,0
36462,5394,RKO,-3.136548188,0
36462,5394,SKOV3,-5.368344784,0
36462,5394,SW837,-18.67907384,0
36462,5394,T47D,-27.82829749,0
36462,5394,UWB1289BRCA1,33.68962252,1
36462,5394,ZR751,-16.39943726,0
36462,176870,A375,34.50823729,1
36462,176870,CAOV3,92.93746278,1
36462,176870,HCT116,35.1756303,1
36462,176870,HT144,31.44622163,1
36462,176870,LOVO,42.42601554,1
36462,176870,MDAMB436,30.44386811,1
36462,176870,NCIH2122,47.47430247,1
36462,176870,NCIH23,-164.2668412,0
36462,176870,NCIH460,46.67308553,1
36462,176870,OVCAR3,40.7657359,1
36462,176870,PA1,-14.74906914,0
36462,176870,RPMI7951,-0.933022902,0
36462,176870,SW837,57.51358379,1
36462,176870,T47D,-9.409443094,0
36462,176870,UACC62,41.71895529,1
36462,176870,UWB1289BRCA1,34.91567972,1
36462,176870,VCAP,41.85350576,1
36462,176870,ZR751,51.47375496,1
36462,208908,A2058,-0.860922372,0
36462,208908,A427,-14.40714784,0
36462,208908,CAOV3,143.2917905,1
36462,208908,DLD1,40.61719458,1
36462,208908,EFM192B,-1.478747416,0
36462,208908,ES2,-5.679573392,0
36462,208908,LOVO,50.4281854,1
36462,208908,NCIH2122,31.30947607,1
36462,208908,NCIH23,-167.5463503,0
36462,208908,OV90,-14.60244237,0
36462,208908,PA1,-4.337830252,0
36462,208908,SW837,43.76187067,1
36462,208908,T47D,-7.076746444,0
36462,208908,UWB1289BRCA1,35.18523295,1
36462,208908,ZR751,42.94795226,1
36462,216239,A2058,-12.15503625,0
36462,216239,A375,-3.842677164,0
36462,216239,CAOV3,40.76840903,1
36462,216239,EFM192B,-16.26841635,0
36462,216239,ES2,-7.382916804,0
36462,216239,HCT116,-0.538565818,0
36462,216239,HT29,-5.500644869,0
36462,216239,LNCAP,-4.175896958,0
36462,216239,LOVO,-10.0797683,0
36462,216239,MDAMB436,-8.093217244,0
36462,216239,MSTO,-8.461292512,0
36462,216239,NCIH2122,-0.787832957,0
36462,216239,NCIH23,-116.1653965,0
36462,216239,OCUBM,-9.103048757,0
36462,216239,OV90,-8.086183338,0
36462,216239,OVCAR3,-18.43455983,0
36462,216239,PA1,-4.562973824,0
36462,216239,RKO,-3.538439088,0
36462,216239,RPMI7951,-10.84972086,0
36462,216239,SKMES1,-2.332092648,0
36462,216239,SKOV3,-3.41378037,0
36462,216239,T47D,-12.4278492,0
36462,216239,UACC62,-5.136866616,0
36462,216239,UWB1289,-1.471069519,0
36462,216239,VCAP,-19.78803715,0
36462,216239,ZR751,-11.74689916,0
36462,387447,A2058,-6.671434145,0
36462,387447,A2780,-1.471039843,0
36462,387447,A375,-9.828740982,0
36462,387447,A427,-14.07950269,0
36462,387447,CAOV3,54.31000908,1
36462,387447,EFM192B,-11.48207983,0
36462,387447,ES2,-38.16106574,0
36462,387447,HCT116,-8.868555969,0
36462,387447,HT29,-16.41332149,0
36462,387447,MSTO,49.13867719,1
36462,387447,NCIH1650,-9.014306492,0
36462,387447,NCIH2122,-11.99507083,0
36462,387447,NCIH23,-11.27577628,0
36462,387447,NCIH460,-8.824395786,0
36462,387447,NCIH520,-33.89563814,0
36462,387447,OCUBM,-13.05824866,0
36462,387447,OV90,-20.56680342,0
36462,387447,PA1,-18.67285057,0
36462,387447,RKO,-0.373258299,0
36462,387447,RPMI7951,-15.77053036,0
36462,387447,SKMEL30,-0.547561579,0
36462,387447,SKMES1,-21.79160617,0
36462,387447,SKOV3,-4.762213184,0
36462,387447,SW837,-14.57106296,0
36462,387447,T47D,-19.80398812,0
36462,387447,UACC62,-17.8222598,0
36462,387447,UWB1289,-24.14340442,0
36462,387447,UWB1289BRCA1,-1.089764618,0
36462,387447,VCAP,-10.5712824,0
36462,3062316,A2780,66.56695223,1
36462,3062316,A375,33.1108059,1
36462,3062316,CAOV3,58.84842185,1
36462,3062316,ES2,-17.70072655,0
36462,3062316,HT144,-36.23824218,0
36462,3062316,LNCAP,31.32548663,1
36462,3062316,LOVO,60.79997037,1
36462,3062316,MSTO,85.69462031,1
36462,3062316,NCIH1650,50.30604813,1
36462,3062316,NCIH2122,-55.13805214,0
36462,3062316,NCIH23,-183.3295713,0
36462,3062316,NCIH460,40.12098513,1
36462,3062316,NCIH520,43.69840612,1
36462,3062316,OVCAR3,106.6307301,1
36462,3062316,SKMEL30,-32.47747331,0
36462,3062316,SW620,42.24770688,1
36462,3062316,SW837,40.76213756,1
36462,3062316,T47D,-19.09969407,0
36462,5288382,A2058,31.06156665,1
36462,5288382,CAOV3,71.48082401,1
36462,5288382,EFM192B,-2.717547863,0
36462,5288382,ES2,-0.955779851,0
36462,5288382,HCT116,-0.588757773,0
36462,5288382,LNCAP,47.35424191,1
36462,5288382,LOVO,-10.67503159,0
36462,5288382,MSTO,-19.47647489,0
36462,5288382,NCIH2122,-0.438111402,0
36462,5288382,NCIH23,-14.08747051,0
36462,5288382,OVCAR3,39.02833297,1
36462,5288382,PA1,-15.72188127,0
36462,5288382,RKO,-0.090062769,0
36462,5288382,RPMI7951,-2.264074694,0
36462,5288382,SKMEL30,32.84665347,1
36462,5288382,SKMES1,-1.066153632,0
36462,5329102,A2058,-6.972169686,0
36462,5329102,CAOV3,30.61709086,1
36462,5329102,DLD1,-4.736841754,0
36462,5329102,EFM192B,-4.959966805,0
36462,5329102,ES2,-9.658459101,0
36462,5329102,LNCAP,-1.889487253,0
36462,5329102,MSTO,-15.12080583,0
36462,5329102,NCIH23,-98.62741446,0
36462,5329102,OCUBM,-4.821745642,0
36462,5329102,OV90,-2.408436932,0
36462,5329102,OVCAR3,-1.583835017,0
36462,5329102,PA1,-13.58561469,0
36462,5329102,RKO,-3.789069544,0
36462,5329102,RPMI7951,-13.32447019,0
36462,5329102,SKMES1,-10.19342421,0
36462,5329102,SW837,-1.429826895,0
36462,5329102,T47D,-26.44624539,0
36462,9826528,A2780,36.84388809,1
36462,9826528,CAOV3,122.0788947,1
36462,9826528,HT144,39.74829923,1
36462,9826528,LNCAP,40.32291573,1
36462,9826528,LOVO,30.23540886,1
36462,9826528,MSTO,-20.58151609,0
36462,9826528,NCIH460,39.75978234,1
36462,9826528,NCIH520,-5.117621187,0
36462,9826528,PA1,-10.74392446,0
36462,9826528,RKO,38.3604726,1
36462,9826528,RPMI7951,-6.949425339,0
36462,9826528,T47D,33.34594771,1
36462,9826528,UWB1289,36.33037037,1
36462,9826528,ZR751,48.6253214,1
36462,11520894,A2058,-4.101561409,0
36462,11520894,A375,30.71559892,1
36462,11520894,CAOV3,118.6852801,1
36462,11520894,DLD1,-0.352743618,0
36462,11520894,EFM192B,44.70688728,1
36462,11520894,HT144,41.58992657,1
36462,11520894,KPL1,47.41302637,1
36462,11520894,LNCAP,34.45017819,1
36462,11520894,MDAMB436,32.37389935,1
36462,11520894,MSTO,41.59139974,1
36462,11520894,NCIH1650,35.97509228,1
36462,11520894,NCIH23,-146.9487222,0
36462,11520894,PA1,-22.92275491,0
36462,11520894,RKO,34.5234873,1
36462,11520894,SW837,33.80011003,1
36462,11520894,UACC62,34.55875316,1
36462,11520894,VCAP,30.50590257,1
36462,11960529,A427,-13.99330443,0
36462,11960529,CAOV3,88.90313873,1
36462,11960529,ES2,-14.56628388,0
36462,11960529,LOVO,-6.133935958,0
36462,11960529,NCIH23,-3.119972444,0
36462,11960529,NCIH460,-4.320617073,0
36462,11960529,OV90,-9.015840712,0
36462,11960529,PA1,-4.754115828,0
36462,11960529,RPMI7951,-3.835318235,0
36462,11960529,SKMEL30,-4.583916575,0
36462,11960529,UACC62,-6.40736852,0
36462,11977753,A375,31.99711368,1
36462,11977753,CAOV3,85.75614627,1
36462,11977753,DLD1,-1.143599501,0
36462,11977753,EFM192B,-11.25730054,0
36462,11977753,ES2,-9.272964164,0
36462,11977753,HT144,36.34399595,1
36462,11977753,LNCAP,93.40478314,1
36462,11977753,NCIH23,-11.80792927,0
36462,11977753,OVCAR3,-4.325790029,0
36462,11977753,PA1,-18.37474174,0
36462,11977753,RPMI7951,-13.30798634,0
36462,11977753,SKOV3,-12.54844267,0
36462,11977753,SW837,-3.584024187,0
36462,11977753,T47D,101.6125542,1
36462,11977753,ZR751,37.20808625,1
36462,16224745,A2058,57.67901606,1
36462,16224745,A375,-65.08015716,0
36462,16224745,CAOV3,65.09984723,1
36462,16224745,EFM192B,32.10499213,1
36462,16224745,OVCAR3,78.91706663,1
36462,16224745,PA1,-22.83951833,0
36462,16224745,RPMI7951,-4.400445581,0
36462,16224745,SKMEL30,58.93855866,1
36462,16224745,SKMES1,-14.15759259,0
36462,16224745,SW620,-12.87630561,0
36462,16224745,T47D,-29.18931096,0
36462,16224745,UWB1289BRCA1,-2.114179687,0
36462,16224745,VCAP,54.77812255,1
36462,24748204,A2058,-0.715427782,0
36462,24748204,A427,-1.464378994,0
36462,24748204,CAOV3,70.49294954,1
36462,24748204,COLO320DM,-4.209755472,0
36462,24748204,HT144,-2.887197332,0
36462,24748204,LNCAP,-12.66025633,0
36462,24748204,NCIH1650,-6.935954474,0
36462,24748204,NCIH2122,-6.876238205,0
36462,24748204,NCIH460,-12.89621832,0
36462,24748204,NCIH520,-11.51128765,0
36462,24748204,OCUBM,-0.781191898,0
36462,24748204,OVCAR3,-23.76105159,0
36462,24748204,PA1,-5.715302064,0
36462,24748204,SKMES1,-2.921827285,0
36462,24748204,T47D,-6.895642225,0
36462,24748204,VCAP,-10.31394043,0
36462,24748204,ZR751,-13.80178169,0
36462,24856436,A427,-5.013824614,0
36462,24856436,CAOV3,37.36484746,1
36462,24856436,DLD1,-4.294381274,0
36462,24856436,NCIH1650,34.96332912,1
36462,24856436,NCIH23,-147.6170918,0
36462,24856436,OV90,-0.117737123,0
36462,24856436,OVCAR3,63.31363492,1
36462,24856436,PA1,-1.435133098,0
36462,24856436,SW620,-1.583560517,0
36462,24856436,T47D,-20.69843069,0
36462,24856436,UWB1289,85.22858499,1
36462,24958200,A2058,-1.376598957,0
36462,24958200,A427,-7.518707691,0
36462,24958200,CAOV3,80.47079268,1
36462,24958200,DLD1,-1.17807183,0
36462,24958200,ES2,-1.898169265,0
36462,24958200,LNCAP,-21.59027419,0
36462,24958200,MSTO,-0.331740922,0
36462,24958200,NCIH23,-148.8888175,0
36462,24958200,PA1,-14.01899781,0
36462,24958200,T47D,-30.71348163,0
36462,24964624,A375,40.3600574,1
36462,24964624,CAOV3,159.9074884,1
36462,24964624,EFM192B,-3.239942215,0
36462,24964624,HCT116,41.47821659,1
36462,24964624,HT144,47.84405312,1
36462,24964624,KPL1,60.24310124,1
36462,24964624,LOVO,36.55388298,1
36462,24964624,MDAMB436,34.50086052,1
36462,24964624,MSTO,46.61376899,1
36462,24964624,NCIH1650,35.02054763,1
36462,24964624,NCIH2122,43.0982675,1
36462,24964624,NCIH23,-168.9394512,0
36462,24964624,NCIH460,46.56657824,1
36462,24964624,OV90,35.08106665,1
36462,24964624,RKO,49.94340541,1
36462,24964624,SKMEL30,33.04954641,1
36462,24964624,SKMES1,44.45871774,1
36462,24964624,SW837,41.49633741,1
36462,24964624,UACC62,42.952925,1
36462,24964624,VCAP,33.39039432,1
36462,46926350,A2058,-6.54343035,0
36462,46926350,A375,-122.7718052,0
36462,46926350,A427,-6.175862283,0
36462,46926350,CAOV3,56.19980681,1
36462,46926350,COLO320DM,-4.794971246,0
36462,46926350,DLD1,-0.634619102,0
36462,46926350,EFM192B,-12.62013225,0
36462,46926350,ES2,-9.823003589,0
36462,46926350,HCT116,-12.96661918,0
36462,46926350,HT144,-6.208539927,0
36462,46926350,HT29,-8.402234817,0
36462,46926350,NCIH1650,-7.066983752,0
36462,46926350,NCIH23,-19.11703449,0
36462,46926350,NCIH460,-3.319854435,0
36462,46926350,NCIH520,-6.419818846,0
36462,46926350,OCUBM,-5.126502445,0
36462,46926350,OV90,-13.03157185,0
36462,46926350,OVCAR3,-2.327807888,0
36462,46926350,PA1,-11.88512779,0
36462,46926350,RPMI7951,-11.643017,0
36462,46926350,SKMES1,-14.77517427,0
36462,46926350,SKOV3,-30.18913558,0
36462,46926350,SW620,-11.10063669,0
36462,46926350,SW837,-15.55200919,0
36462,46926350,T47D,-5.678191297,0
36462,46926350,UWB1289,-3.154545196,0
36462,46926350,VCAP,-7.289445362,0
60700,216239,A2058,-1.564872783,0
60700,216239,EFM192B,-4.322938951,0
60700,216239,ES2,-1.603023666,0
60700,216239,HT29,-12.21221116,0
60700,216239,LNCAP,-6.847502168,0
60700,216239,LOVO,-4.813212408,0
60700,216239,MDAMB436,-4.875300207,0
60700,216239,MSTO,-18.11747083,0
60700,216239,NCIH1650,-0.100587978,0
60700,216239,NCIH23,-2.98627311,0
60700,216239,OCUBM,-12.21012085,0
60700,216239,OVCAR3,-30.49900045,0
60700,216239,PA1,-1.116580043,0
60700,216239,RPMI7951,-0.136591391,0
60700,216239,SKOV3,-8.143919443,0
60700,216239,SW837,-7.730108831,0
60700,216239,T47D,-12.75363736,0
60700,216239,UWB1289,-5.871132916,0
60700,216239,UWB1289BRCA1,-3.980011186,0
60700,216239,VCAP,-5.749697079,0
60700,216239,ZR751,-15.7705134,0
60700,11977753,A427,37.86464677,1
60700,11977753,COLO320DM,31.22917282,1
60700,11977753,HT144,48.75629793,1
60700,11977753,KPL1,35.5881672,1
60700,11977753,LNCAP,68.80060551,1
60700,11977753,OCUBM,-1.460235678,0
60700,11977753,PA1,-9.723735107,0
60700,11977753,RPMI7951,-2.543142071,0
60700,11977753,T47D,57.24360015,1
60700,16224745,A2058,41.56384819,1
60700,16224745,ES2,-6.186443922,0
60700,16224745,LNCAP,-138.9528981,0
60700,16224745,MSTO,-6.433455837,0
60700,16224745,NCIH460,-34.59841245,0
60700,16224745,OV90,-7.227087298,0
60700,16224745,OVCAR3,64.52654229,1
60700,16224745,PA1,-15.91580362,0
60700,16224745,RPMI7951,-3.257305398,0
60700,16224745,SKMEL30,61.59177394,1
60700,16224745,SKMES1,-17.09816322,0
60700,16224745,T47D,-49.75887192,0
60700,16224745,UACC62,-8.774902654,0
60700,16224745,UWB1289BRCA1,-1.260880967,0
60700,16224745,VCAP,34.95452145,1
60700,46926350,A2058,-8.472477693,0
60700,46926350,A2780,-0.66444986,0
60700,46926350,A375,-6.715052888,0
60700,46926350,CAOV3,-1.566734769,0
60700,46926350,COLO320DM,-3.542421579,0
60700,46926350,EFM192B,-4.597923065,0
60700,46926350,ES2,-6.985294531,0
60700,46926350,HT29,-17.07016604,0
60700,46926350,LNCAP,-163.0968503,0
60700,46926350,LOVO,-2.24043516,0
60700,46926350,NCIH1650,-29.45369647,0
60700,46926350,NCIH23,-16.75045261,0
60700,46926350,NCIH460,-17.62474375,0
60700,46926350,OCUBM,-10.02756657,0
60700,46926350,OV90,-0.074441106,0
60700,46926350,OVCAR3,-13.89918101,0
60700,46926350,PA1,-8.434209345,0
60700,46926350,RPMI7951,-8.175292953,0
60700,46926350,SKMES1,-14.2633707,0
60700,46926350,SKOV3,-21.79274166,0
60700,46926350,SW620,-1.984011574,0
60700,46926350,SW837,-15.89758946,0
60700,46926350,T47D,-9.764205037,0
60700,46926350,UWB1289,-12.18227942,0
60700,46926350,UWB1289BRCA1,-1.940911025,0
60700,46926350,VCAP,-4.531403458,0
60750,5394,A375,-28.10623084,0
60750,5394,HCT116,-14.0680626,0
60750,5394,HT144,-4.096822432,0
60750,5394,KPL1,-7.047884365,0
60750,5394,LOVO,-0.763086804,0
60750,5394,MSTO,-1.892225251,0
60750,5394,NCIH1650,-0.332915753,0
60750,5394,NCIH23,-9.582933246,0
60750,5394,NCIH460,-1.746813212,0
60750,5394,OVCAR3,-12.45257676,0
60750,5394,RKO,-10.97995823,0
60750,5394,RPMI7951,-11.11718592,0
60750,5394,SKMEL30,-4.169324707,0
60750,5394,SKMES1,-20.63260323,0
60750,5394,SKOV3,-0.577276077,0
60750,5394,SW837,-6.308039911,0
60750,5394,UWB1289,-5.493549682,0
60750,5394,ZR751,-9.668603198,0
60750,176870,A375,-25.17442823,0
60750,176870,CAOV3,-2.073521793,0
60750,176870,HCT116,-3.282395565,0
60750,176870,MSTO,-11.87209492,0
60750,176870,NCIH1650,-7.320905584,0
60750,176870,NCIH23,-7.201435891,0
60750,176870,OVCAR3,-5.132866996,0
60750,176870,PA1,-1.38393356,0
60750,176870,RKO,-9.280482674,0
60750,176870,RPMI7951,-9.935912801,0
60750,176870,SKMES1,-20.83934512,0
60750,176870,SKOV3,-10.02921699,0
60750,176870,SW837,30.39899769,1
60750,176870,T47D,-7.539089985,0
60750,176870,ZR751,37.48917942,1
60750,208908,A2058,-0.102381746,0
60750,208908,A375,-33.99071414,0
60750,208908,A427,-0.50025451,0
60750,208908,CAOV3,-1.549455472,0
60750,208908,COLO320DM,-2.695457325,0
60750,208908,EFM192B,-0.471187462,0
60750,208908,ES2,-1.472393198,0
60750,208908,HCT116,-8.649058637,0
60750,208908,HT144,-4.602845567,0
60750,208908,LNCAP,-6.00248199,0
60750,208908,MSTO,-22.64524487,0
60750,208908,NCIH1650,-11.35362209,0
60750,208908,NCIH23,-6.580298208,0
60750,208908,NCIH520,-5.060369967,0
60750,208908,OVCAR3,-12.13567741,0
60750,208908,RKO,-14.44743869,0
60750,208908,RPMI7951,-13.00521455,0
60750,208908,SKMES1,-26.9290907,0
60750,208908,SKOV3,-7.767956137,0
60750,208908,SW620,-2.72336563,0
60750,208908,T47D,-1.186160316,0
60750,208908,UWB1289,-11.17115921,0
60750,216239,A2058,-15.01487906,0
60750,216239,A2780,-4.122040298,0
60750,216239,A375,-9.569470742,0
60750,216239,A427,-2.728316313,0
60750,216239,CAOV3,-2.155585694,0
60750,216239,COLO320DM,-1.857543082,0
60750,216239,DLD1,-0.585411063,0
60750,216239,EFM192B,-10.15039475,0
60750,216239,ES2,-5.783337109,0
60750,216239,HCT116,-15.56851091,0
60750,216239,HT144,-1.643253355,0
60750,216239,HT29,-6.007661691,0
60750,216239,KPL1,-0.330983938,0
60750,216239,LNCAP,-8.802929927,0
60750,216239,LOVO,-10.47691726,0
60750,216239,MDAMB436,-5.913654221,0
60750,216239,MSTO,-7.198484243,0
60750,216239,NCIH1650,-15.2752202,0
60750,216239,NCIH2122,-6.312209358,0
60750,216239,NCIH23,-13.32617529,0
60750,216239,NCIH460,-9.003345474,0
60750,216239,NCIH520,-7.916794422,0
60750,216239,OCUBM,-8.539046267,0
60750,216239,OV90,-4.717325659,0
60750,216239,OVCAR3,-31.32684825,0
60750,216239,PA1,-5.75801849,0
60750,216239,RKO,-14.62201961,0
60750,216239,RPMI7951,-9.014379299,0
60750,216239,SKMEL30,-5.29193947,0
60750,216239,SKMES1,-20.09649317,0
60750,216239,SKOV3,-10.27728917,0
60750,216239,SW620,-5.832301981,0
60750,216239,T47D,-11.98307103,0
60750,216239,UACC62,-6.680600519,0
60750,216239,UWB1289,-3.351443607,0
60750,216239,UWB1289BRCA1,-2.898381559,0
60750,216239,VCAP,-12.9885297,0
60750,216239,ZR751,-3.931701463,0
60750,387447,A2058,-3.118535426,0
60750,387447,A2780,-6.056907573,0
60750,387447,A375,-13.75187464,0
60750,387447,A427,-4.34527653,0
60750,387447,CAOV3,-0.582252417,0
60750,387447,COLO320DM,-11.13184541,0
60750,387447,EFM192B,-9.793079469,0
60750,387447,ES2,-6.321576469,0
60750,387447,HCT116,-9.596534235,0
60750,387447,HT29,-8.617802664,0
60750,387447,KPL1,-1.890656218,0
60750,387447,LNCAP,-12.97157344,0
60750,387447,LOVO,-3.696604128,0
60750,387447,NCIH1650,-22.11945406,0
60750,387447,NCIH2122,-12.22627785,0
60750,387447,NCIH23,-12.89049632,0
60750,387447,NCIH460,-21.30293841,0
60750,387447,NCIH520,-17.78788737,0
60750,387447,OCUBM,-3.653368845,0
60750,387447,OV90,-4.79874852,0
60750,387447,OVCAR3,-2.441333401,0
60750,387447,PA1,-12.99292418,0
60750,387447,RKO,-13.64787362,0
60750,387447,RPMI7951,-3.656967967,0
60750,387447,SKMES1,-15.69506048,0
60750,387447,SKOV3,-15.06590493,0
60750,387447,SW620,-0.427805237,0
60750,387447,T47D,-12.46561222,0
60750,387447,UACC62,-10.83625909,0
60750,387447,UWB1289,-10.41332294,0
60750,387447,VCAP,-4.349808115,0
60750,387447,ZR751,-5.297913712,0
60750,3062316,A375,-16.43549823,0
60750,3062316,CAOV3,-0.611366393,0
60750,3062316,HT144,-12.10848568,0
60750,3062316,NCIH23,-3.987010915,0
60750,3062316,NCIH460,34.89286379,1
60750,3062316,NCIH520,30.40318904,1
60750,3062316,SKMES1,-25.33111813,0
60750,3062316,SW837,32.83142452,1
60750,5288382,A2780,-7.357334704,0
60750,5288382,A375,-22.40239349,0
60750,5288382,CAOV3,-1.585450672,0
60750,5288382,EFM192B,-8.605658225,0
60750,5288382,HCT116,-25.4680307,0
60750,5288382,HT29,-6.380498522,0
60750,5288382,KPL1,-4.756494229,0
60750,5288382,LNCAP,-4.267083562,0
60750,5288382,LOVO,-3.335360779,0
60750,5288382,MSTO,-19.531057,0
60750,5288382,NCIH1650,-9.208908867,0
60750,5288382,NCIH2122,-8.966982332,0
60750,5288382,NCIH23,-24.63521431,0
60750,5288382,NCIH460,-12.44264543,0
60750,5288382,NCIH520,-7.918928359,0
60750,5288382,OV90,-1.23971361,0
60750,5288382,OVCAR3,-20.37851552,0
60750,5288382,PA1,-0.20320026,0
60750,5288382,RKO,-21.75967991,0
60750,5288382,RPMI7951,-2.66582224,0
60750,5288382,SKMES1,-28.47417839,0
60750,5288382,SKOV3,-17.12933004,0
60750,5288382,SW620,-6.746326838,0
60750,5288382,T47D,-20.38756712,0
60750,5288382,UACC62,-8.50451202,0
60750,5288382,ZR751,-5.952587592,0
60750,5329102,A2058,-2.477987643,0
60750,5329102,A2780,-0.249562705,0
60750,5329102,A375,-8.207621408,0
60750,5329102,COLO320DM,-0.422697992,0
60750,5329102,DLD1,-1.472377662,0
60750,5329102,HCT116,-12.39222046,0
60750,5329102,LNCAP,-8.498742149,0
60750,5329102,LOVO,-4.24258743,0
60750,5329102,MSTO,-8.787125917,0
60750,5329102,NCIH23,-8.306713763,0
60750,5329102,NCIH520,-7.465748562,0
60750,5329102,OVCAR3,-8.499852621,0
60750,5329102,PA1,-3.870306412,0
60750,5329102,RKO,-10.73297334,0
60750,5329102,RPMI7951,-1.115542454,0
60750,5329102,SKMES1,-14.02290451,0
60750,5329102,SKOV3,-4.228908926,0
60750,5329102,SW620,-1.337534753,0
60750,5329102,T47D,-10.59709445,0
60750,5329102,VCAP,-3.732798273,0
60750,9826528,A375,-16.62060199,0
60750,9826528,CAOV3,-0.317330204,0
60750,9826528,HCT116,-2.944604666,0
60750,9826528,NCIH23,-4.726960438,0
60750,9826528,PA1,-0.90632499,0
60750,9826528,RPMI7951,-3.623854621,0
60750,9826528,SKMES1,-18.78668619,0
60750,11520894,A375,-9.169920134,0
60750,11520894,CAOV3,-0.866447746,0
60750,11520894,HCT116,-3.728896049,0
60750,11520894,LNCAP,-72.78454555,0
60750,11520894,NCIH23,-12.59156029,0
60750,11520894,OV90,-4.043148319,0
60750,11520894,OVCAR3,-2.955224722,0
60750,11520894,SKMES1,-19.35266487,0
60750,11960529,A2058,-0.536733604,0
60750,11960529,A2780,-1.158432414,0
60750,11960529,A375,-20.51873205,0
60750,11960529,CAOV3,-0.216703976,0
60750,11960529,DLD1,-3.421109499,0
60750,11960529,ES2,-0.564153728,0
60750,11960529,HCT116,-4.890805492,0
60750,11960529,HT144,-1.461239905,0
60750,11960529,LOVO,-2.376072567,0
60750,11960529,NCIH1650,-6.425878709,0
60750,11960529,NCIH23,-9.807276417,0
60750,11960529,NCIH520,-2.98535085,0
60750,11960529,OVCAR3,-7.512452601,0
60750,11960529,PA1,-1.519807212,0
60750,11960529,RKO,-10.13746929,0
60750,11960529,RPMI7951,-12.18811971,0
60750,11960529,SKMEL30,-7.458066731,0
60750,11960529,SKMES1,-16.39024838,0
60750,11960529,SW620,-1.423346093,0
60750,11960529,SW837,-2.332058966,0
60750,11960529,T47D,-2.733624055,0
60750,11960529,UACC62,-0.163878356,0
60750,11960529,UWB1289,-15.86124308,0
60750,11960529,UWB1289BRCA1,-5.615300518,0
60750,11977753,A2780,-0.992445091,0
60750,11977753,A375,-4.510938713,0
60750,11977753,CAOV3,-4.51437519,0
60750,11977753,HCT116,-8.430380906,0
60750,11977753,LNCAP,48.96142284,1
60750,11977753,NCIH23,-12.84994994,0
60750,11977753,OCUBM,-0.091115768,0
60750,11977753,OV90,-3.048706195,0
60750,11977753,OVCAR3,-4.350884177,0
60750,11977753,RPMI7951,-2.30086367,0
60750,11977753,SKMES1,-20.12882119,0
60750,11977753,T47D,46.29499521,1
60750,16224745,A2058,77.46053892,1
60750,16224745,A427,47.85691979,1
60750,16224745,COLO320DM,32.55556679,1
60750,16224745,DLD1,44.78181376,1
60750,16224745,EFM192B,32.44346348,1
60750,16224745,ES2,-1.51471822,0
60750,16224745,HCT116,30.71436888,1
60750,16224745,HT144,49.19593905,1
60750,16224745,HT29,74.56856169,1
60750,16224745,LNCAP,33.93724185,1
60750,16224745,NCIH1650,56.89154403,1
60750,16224745,NCIH460,40.3245615,1
60750,16224745,NCIH520,38.50277923,1
60750,16224745,OVCAR3,30.60042872,1
60750,16224745,PA1,42.58232269,1
60750,16224745,RKO,-4.114709683,0
60750,16224745,RPMI7951,-0.84281124,0
60750,16224745,SKMES1,-19.35684839,0
60750,16224745,SKOV3,39.91435683,1
60750,16224745,SW620,66.10281754,1
60750,16224745,SW837,35.90485953,1
60750,16224745,UACC62,48.00712269,1
60750,16224745,VCAP,46.03079346,1
60750,24748204,A2780,-0.750403917,0
60750,24748204,A375,-12.07375337,0
60750,24748204,A427,-3.222826358,0
60750,24748204,EFM192B,-1.477160204,0
60750,24748204,LNCAP,-61.50342095,0
60750,24748204,LOVO,-2.220348891,0
60750,24748204,NCIH1650,-4.070832521,0
60750,24748204,NCIH2122,-7.543308371,0
60750,24748204,NCIH23,-6.328733724,0
60750,24748204,NCIH460,-12.72195416,0
60750,24748204,OCUBM,-6.268149813,0
60750,24748204,PA1,-8.872832791,0
60750,24748204,RKO,-1.632223761,0
60750,24748204,RPMI7951,-1.036953427,0
60750,24748204,SKMES1,-14.93727626,0
60750,24748204,UACC62,-0.546999377,0
60750,24748204,UWB1289,-3.721738588,0
60750,24748204,ZR751,-3.102482566,0
60750,24856436,LNCAP,-40.59067921,0
60750,24856436,OV90,-1.68691338,0
60750,24856436,PA1,-7.382191938,0
60750,24856436,RKO,-9.753426339,0
60750,24856436,RPMI7951,-2.255981032,0
60750,24856436,SKMES1,-14.68150812,0
60750,24856436,UWB1289,39.49221852,1
60750,24958200,A2058,-3.768604329,0
60750,24958200,A2780,-1.002033577,0
60750,24958200,A375,-22.04634144,0
60750,24958200,A427,-3.100606614,0
60750,24958200,HCT116,-12.15632144,0
60750,24958200,LNCAP,-8.263566901,0
60750,24958200,LOVO,-3.155548345,0
60750,24958200,MSTO,-12.02415985,0
60750,24958200,NCIH23,-9.858593922,0
60750,24958200,OCUBM,-1.793928043,0
60750,24958200,OVCAR3,-7.74952554,0
60750,24958200,PA1,-5.064122156,0
60750,24958200,RKO,-16.47187347,0
60750,24958200,RPMI7951,-3.052938603,0
60750,24958200,SKMES1,-17.46276966,0
60750,24958200,SW620,-1.478574699,0
60750,24958200,T47D,-9.732035448,0
60750,24958200,UWB1289,-12.03438832,0
60750,24964624,A375,-11.4558261,0
60750,24964624,EFM192B,-5.448376128,0
60750,24964624,LNCAP,-109.5929303,0
60750,24964624,NCIH1650,-1.414972131,0
60750,24964624,NCIH23,-8.183363369,0
60750,24964624,OCUBM,-0.672626244,0
60750,24964624,OVCAR3,-7.253884244,0
60750,24964624,RPMI7951,-4.042856996,0
60750,24964624,SKMES1,-13.93156927,0
60750,24964624,SKOV3,-0.30932461,0
60750,24964624,SW837,30.69067196,1
60750,46926350,A2058,-1.947644459,0
60750,46926350,A2780,-3.741961417,0
60750,46926350,A375,-11.24724268,0
60750,46926350,A427,-10.18996634,0
60750,46926350,CAOV3,-2.98149416,0
60750,46926350,DLD1,-4.181066801,0
60750,46926350,EFM192B,-6.415036014,0
60750,46926350,ES2,-2.109757496,0
60750,46926350,HCT116,-19.96226453,0
60750,46926350,HT144,-2.757292497,0
60750,46926350,HT29,-8.596118731,0
60750,46926350,LNCAP,-5.88225145,0
60750,46926350,LOVO,-8.387551733,0
60750,46926350,MDAMB436,-3.248394714,0
60750,46926350,MSTO,-7.815925709,0
60750,46926350,NCIH1650,-19.96303077,0
60750,46926350,NCIH2122,-3.400411577,0
60750,46926350,NCIH23,-15.36621631,0
60750,46926350,NCIH460,-5.733262074,0
60750,46926350,NCIH520,-8.766474975,0
60750,46926350,OCUBM,-6.443083429,0
60750,46926350,OV90,-6.154371401,0
60750,46926350,OVCAR3,-27.94726899,0
60750,46926350,PA1,-5.652326297,0
60750,46926350,RKO,-13.24666787,0
60750,46926350,RPMI7951,-6.986771355,0
60750,46926350,SKMEL30,-6.6077198,0
60750,46926350,SKMES1,-20.49837622,0
60750,46926350,SKOV3,-17.84781199,0
60750,46926350,SW620,-6.651497054,0
60750,46926350,SW837,-3.429304154,0
60750,46926350,T47D,-9.760319829,0
60750,46926350,UACC62,-3.422427634,0
60750,46926350,UWB1289,-12.05983601,0
60750,46926350,UWB1289BRCA1,-3.305731946,0
60750,46926350,VCAP,-1.058408414,0
60750,46926350,ZR751,-6.669875078,0
104842,216239,A2058,-6.348046617,0
104842,216239,CAOV3,-12.59745128,0
104842,216239,HT29,-6.804718727,0
104842,216239,LNCAP,-31.58170357,0
104842,216239,LOVO,-5.28635542,0
104842,216239,MDAMB436,-5.486009226,0
104842,216239,MSTO,-11.87042325,0
104842,216239,OV90,-7.579079564,0
104842,216239,OVCAR3,-12.0527256,0
104842,216239,SW620,-1.277212057,0
104842,216239,T47D,-2.290388843,0
104842,216239,UWB1289,-2.470997034,0
104842,216239,ZR751,-6.926959586,0
104842,16224745,DLD1,-10.25563212,0
104842,16224745,NCIH2122,-2.411768756,0
104842,16224745,NCIH460,-5.444900654,0
104842,16224745,OV90,-13.54692218,0
104842,16224745,OVCAR3,71.55410751,1
104842,16224745,PA1,-1.174239444,0
104842,16224745,RKO,-5.694816583,0
104842,16224745,SKMES1,-8.446303205,0
104842,16224745,SW620,-8.931740942,0
104842,16224745,SW837,-12.37564347,0
104842,16224745,T47D,-66.83200902,0
104842,16224745,UACC62,-6.490483459,0
104842,16224745,UWB1289BRCA1,-6.751071983,0
104842,46926350,A2058,-10.05562123,0
104842,46926350,A2780,-9.046543044,0
104842,46926350,A427,-8.093065635,0
104842,46926350,CAOV3,-15.42359033,0
104842,46926350,COLO320DM,-4.093550667,0
104842,46926350,DLD1,-4.59778687,0
104842,46926350,EFM192B,-11.74812241,0
104842,46926350,ES2,-16.47125333,0
104842,46926350,HCT116,-8.974550158,0
104842,46926350,HT144,-10.90444835,0
104842,46926350,HT29,-12.21497031,0
104842,46926350,KPL1,-0.209029146,0
104842,46926350,LOVO,-13.48023349,0
104842,46926350,MDAMB436,-8.60032436,0
104842,46926350,MSTO,-4.28061609,0
104842,46926350,NCIH1650,-4.286396551,0
104842,46926350,NCIH2122,-0.444027483,0
104842,46926350,NCIH23,-4.550322411,0
104842,46926350,NCIH460,-14.30283868,0
104842,46926350,NCIH520,-10.64908493,0
104842,46926350,OCUBM,-15.7923163,0
104842,46926350,OV90,-29.13620799,0
104842,46926350,OVCAR3,-6.253831823,0
104842,46926350,PA1,-18.58064992,0
104842,46926350,RKO,-8.1957909,0
104842,46926350,RPMI7951,-8.676810023,0
104842,46926350,SKMEL30,-9.757860159,0
104842,46926350,SKOV3,-19.29037128,0
104842,46926350,SW620,-12.57129115,0
104842,46926350,SW837,-24.85242824,0
104842,46926350,T47D,-36.17621345,0
104842,46926350,UACC62,-8.809810938,0
104842,46926350,UWB1289,-1.57811705,0
104842,46926350,UWB1289BRCA1,-3.802060161,0
104842,46926350,ZR751,-4.199193697,0
126941,5311,A2058,-33.78337564,0
126941,5311,A2780,-21.12773956,0
126941,5311,A375,-28.85524056,0
126941,5311,A427,-6.523882613,0
126941,5311,CAOV3,-18.97072197,0
126941,5311,COLO320DM,-14.45241321,0
126941,5311,DLD1,-25.24351095,0
126941,5311,EFM192B,-2.936337298,0
126941,5311,ES2,-17.13016436,0
126941,5311,HCT116,-33.73298708,0
126941,5311,HT144,-5.870905196,0
126941,5311,HT29,-16.48088156,0
126941,5311,KPL1,-30.80343959,0
126941,5311,LNCAP,-10.09896147,0
126941,5311,LOVO,-3.45291067,0
126941,5311,MDAMB436,-6.679123546,0
126941,5311,MSTO,-4.911392228,0
126941,5311,NCIH1650,-12.66390756,0
126941,5311,NCIH2122,-12.58457879,0
126941,5311,NCIH23,-35.12694508,0
126941,5311,NCIH460,-36.43261617,0
126941,5311,NCIH520,-20.03847918,0
126941,5311,OCUBM,-12.52506445,0
126941,5311,OV90,-11.592862,0
126941,5311,OVCAR3,-29.68880739,0
126941,5311,PA1,-23.66584439,0
126941,5311,RKO,-29.98237798,0
126941,5311,RPMI7951,-23.32659111,0
126941,5311,SKMEL30,-18.86169717,0
126941,5311,SKMES1,-11.23492587,0
126941,5311,SW620,-17.78787278,0
126941,5311,SW837,-14.09013806,0
126941,5311,T47D,-27.68509706,0
126941,5311,UACC62,-10.55814534,0
126941,5311,UWB1289,-20.47694166,0
126941,5311,UWB1289BRCA1,-24.40368448,0
126941,5311,VCAP,-32.04507675,0
126941,5311,ZR751,-21.45627912,0
126941,5394,A2058,-41.22732503,0
126941,5394,A2780,-0.539855345,0
126941,5394,A375,-16.05723943,0
126941,5394,A427,-12.89811972,0
126941,5394,CAOV3,-40.82505066,0
126941,5394,COLO320DM,-18.56455996,0
126941,5394,DLD1,-3.989885215,0
126941,5394,EFM192B,-9.552468481,0
126941,5394,ES2,-12.59259402,0
126941,5394,HCT116,-39.83946789,0
126941,5394,HT144,-11.56125021,0
126941,5394,HT29,-12.95499924,0
126941,5394,KPL1,-24.067175,0
126941,5394,LNCAP,-21.34879819,0
126941,5394,LOVO,-4.572229584,0
126941,5394,MDAMB436,-7.236724805,0
126941,5394,MSTO,-35.68618452,0
126941,5394,NCIH1650,-12.29369421,0
126941,5394,NCIH2122,-4.23498298,0
126941,5394,NCIH23,-18.38556703,0
126941,5394,NCIH460,-27.21912378,0
126941,5394,NCIH520,-13.32957616,0
126941,5394,OCUBM,-1.205439032,0
126941,5394,OVCAR3,-22.98300094,0
126941,5394,PA1,-35.93598667,0
126941,5394,RKO,-31.06065792,0
126941,5394,RPMI7951,-11.75732633,0
126941,5394,SKMES1,-32.46028256,0
126941,5394,SKOV3,-16.13029928,0
126941,5394,SW620,-25.25427338,0
126941,5394,SW837,-38.66983537,0
126941,5394,T47D,-70.76787863,0
126941,5394,UACC62,-11.39702787,0
126941,5394,UWB1289,-11.1128735,0
126941,5394,UWB1289BRCA1,-8.778685675,0
126941,5394,VCAP,-44.02277073,0
126941,5394,ZR751,-65.91974352,0
126941,176870,A2058,-7.975537017,0
126941,176870,A2780,-3.936097748,0
126941,176870,CAOV3,-23.4980577,0
126941,176870,DLD1,-7.827784359,0
126941,176870,HCT116,-17.90981756,0
126941,176870,HT144,-2.545984609,0
126941,176870,HT29,-1.168374116,0
126941,176870,LOVO,-1.960145554,0
126941,176870,NCIH1650,-6.9036946,0
126941,176870,NCIH2122,-0.018158393,0
126941,176870,NCIH460,-16.12337613,0
126941,176870,NCIH520,-3.529676787,0
126941,176870,OCUBM,-1.448137955,0
126941,176870,OVCAR3,-35.74415604,0
126941,176870,PA1,-30.00556544,0
126941,176870,RKO,-7.194164284,0
126941,176870,RPMI7951,-1.02661099,0
126941,176870,SKMEL30,-0.557822297,0
126941,176870,SKMES1,-3.703172573,0
126941,176870,T47D,-16.00668607,0
126941,176870,UWB1289,-18.03487663,0
126941,176870,UWB1289BRCA1,-17.83754807,0
126941,176870,ZR751,-8.751963613,0
126941,208908,A2058,-15.23182839,0
126941,208908,A2780,-3.609343196,0
126941,208908,CAOV3,-18.76535928,0
126941,208908,COLO320DM,-6.119204312,0
126941,208908,EFM192B,-5.494639741,0
126941,208908,HCT116,-21.09596403,0
126941,208908,HT144,-1.24593198,0
126941,208908,HT29,-1.489594925,0
126941,208908,KPL1,-17.16519062,0
126941,208908,MSTO,-2.399747544,0
126941,208908,NCIH1650,-11.14740855,0
126941,208908,NCIH2122,-1.408852264,0
126941,208908,NCIH23,-10.46864132,0
126941,208908,NCIH460,-19.12905415,0
126941,208908,NCIH520,-16.52787565,0
126941,208908,OCUBM,-7.777131591,0
126941,208908,OVCAR3,-36.03218374,0
126941,208908,PA1,-24.4744994,0
126941,208908,RKO,-15.48116337,0
126941,208908,SKMES1,-2.422142893,0
126941,208908,T47D,-5.786565321,0
126941,208908,UWB1289,-11.03058551,0
126941,208908,UWB1289BRCA1,-10.92097156,0
126941,208908,ZR751,-21.39017514,0
126941,216239,A2058,-10.32858962,0
126941,216239,A2780,-5.747281962,0
126941,216239,A375,-5.534227218,0
126941,216239,A427,-6.166366464,0
126941,216239,CAOV3,-15.37338251,0
126941,216239,COLO320DM,-6.562908691,0
126941,216239,DLD1,-1.530525847,0
126941,216239,EFM192B,-9.628890252,0
126941,216239,ES2,-6.678892664,0
126941,216239,HCT116,-17.03053188,0
126941,216239,HT29,-6.530309933,0
126941,216239,KPL1,-12.80807153,0
126941,216239,LNCAP,-8.470388806,0
126941,216239,MDAMB436,-2.15399279,0
126941,216239,MSTO,-13.03037032,0
126941,216239,NCIH1650,-8.241902584,0
126941,216239,NCIH2122,-6.963778665,0
126941,216239,NCIH23,-8.880486582,0
126941,216239,NCIH460,-14.80451543,0
126941,216239,NCIH520,-9.42254569,0
126941,216239,OCUBM,-5.023468619,0
126941,216239,OV90,-0.512053884,0
126941,216239,OVCAR3,-26.5596588,0
126941,216239,PA1,-11.43831526,0
126941,216239,RKO,-10.97828721,0
126941,216239,RPMI7951,-9.910346407,0
126941,216239,SKMEL30,-20.92983857,0
126941,216239,SKMES1,-4.166770694,0
126941,216239,SW620,-5.248786244,0
126941,216239,SW837,-2.454895143,0
126941,216239,T47D,-13.62342347,0
126941,216239,UACC62,-6.095196056,0
126941,216239,UWB1289,-7.584179789,0
126941,216239,UWB1289BRCA1,-10.93113992,0
126941,216239,VCAP,-10.78044433,0
126941,216239,ZR751,-13.77416668,0
126941,216453,A2058,-13.84771181,0
126941,216453,A2780,-5.601141826,0
126941,216453,A375,-7.651290567,0
126941,216453,CAOV3,-4.925160739,0
126941,216453,COLO320DM,-0.148419427,0
126941,216453,EFM192B,-5.735811723,0
126941,216453,ES2,-10.09575907,0
126941,216453,HCT116,-16.09695281,0
126941,216453,HT144,-3.105971225,0
126941,216453,HT29,-5.75513418,0
126941,216453,KPL1,-17.57233522,0
126941,216453,LNCAP,-14.71654382,0
126941,216453,LOVO,-3.976776191,0
126941,216453,MDAMB436,-1.905328289,0
126941,216453,MSTO,-15.04663061,0
126941,216453,NCIH1650,-9.818025543,0
126941,216453,NCIH2122,-13.5456963,0
126941,216453,NCIH23,-10.00780232,0
126941,216453,NCIH460,-18.12480133,0
126941,216453,NCIH520,-4.503716123,0
126941,216453,OVCAR3,-22.37179859,0
126941,216453,PA1,-18.93924356,0
126941,216453,RKO,-14.04724001,0
126941,216453,RPMI7951,-10.55791119,0
126941,216453,SKMEL30,-6.309349426,0
126941,216453,SKMES1,-5.055415289,0
126941,216453,SW620,-1.989747291,0
126941,216453,T47D,-24.69357717,0
126941,216453,UACC62,-7.326773571,0
126941,216453,UWB1289,-0.5146256,0
126941,216453,UWB1289BRCA1,-2.053711524,0
126941,216453,VCAP,-20.71818056,0
126941,216453,ZR751,-14.89736403,0
126941,387447,A2058,-28.03309248,0
126941,387447,A2780,-16.77236772,0
126941,387447,A375,-16.89549853,0
126941,387447,A427,-8.336389326,0
126941,387447,CAOV3,-20.95464613,0
126941,387447,COLO320DM,-28.06396323,0
126941,387447,DLD1,-7.44436408,0
126941,387447,EFM192B,-2.606167842,0
126941,387447,ES2,-29.02433517,0
126941,387447,HCT116,-22.5307353,0
126941,387447,HT144,-5.982494958,0
126941,387447,HT29,-16.27108996,0
126941,387447,KPL1,-16.57915115,0
126941,387447,LNCAP,-31.93526544,0
126941,387447,LOVO,-0.275437649,0
126941,387447,MDAMB436,-5.513679445,0
126941,387447,MSTO,-7.967423776,0
126941,387447,NCIH1650,-28.29071378,0
126941,387447,NCIH2122,-21.51142905,0
126941,387447,NCIH23,-26.14593871,0
126941,387447,NCIH460,-27.71638468,0
126941,387447,NCIH520,-34.76633177,0
126941,387447,OCUBM,-4.108241118,0
126941,387447,OV90,-3.102671676,0
126941,387447,OVCAR3,-38.99090334,0
126941,387447,PA1,-35.73196175,0
126941,387447,RKO,-29.13647934,0
126941,387447,RPMI7951,-13.87181589,0
126941,387447,SKMEL30,-13.33685328,0
126941,387447,SKMES1,-13.25514519,0
126941,387447,SKOV3,-2.255752794,0
126941,387447,SW620,-11.8587952,0
126941,387447,SW837,-1.299961385,0
126941,387447,T47D,-34.99574126,0
126941,387447,UACC62,-18.47629284,0
126941,387447,UWB1289,-20.26423069,0
126941,387447,UWB1289BRCA1,-15.77268206,0
126941,387447,VCAP,-17.65193314,0
126941,387447,ZR751,-39.87206359,0
126941,3062316,A2058,-9.892372863,0
126941,3062316,A375,-11.07887222,0
126941,3062316,CAOV3,-9.673984038,0
126941,3062316,DLD1,-7.324625333,0
126941,3062316,HCT116,-35.35244429,0
126941,3062316,HT144,-34.24175021,0
126941,3062316,HT29,-14.45011672,0
126941,3062316,KPL1,-4.338523753,0
126941,3062316,MDAMB436,-2.64840768,0
126941,3062316,MSTO,-14.52161227,0
126941,3062316,NCIH23,-16.42572955,0
126941,3062316,NCIH460,-21.19265745,0
126941,3062316,NCIH520,-1.137888445,0
126941,3062316,OV90,-1.60676291,0
126941,3062316,OVCAR3,-19.10754378,0
126941,3062316,PA1,-34.07389116,0
126941,3062316,RKO,-25.01685668,0
126941,3062316,RPMI7951,-24.52559262,0
126941,3062316,SKMEL30,-31.23841483,0
126941,3062316,SKMES1,-16.56254524,0
126941,3062316,SKOV3,-3.191177964,0
126941,3062316,SW620,-2.862696239,0
126941,3062316,UACC62,-9.38760589,0
126941,3062316,UWB1289,-10.87087561,0
126941,3062316,UWB1289BRCA1,-21.36207504,0
126941,3062316,ZR751,-29.40917134,0
126941,5288382,A2058,-44.18515593,0
126941,5288382,A2780,-21.07951982,0
126941,5288382,A375,-3.501608476,0
126941,5288382,A427,-11.16572821,0
126941,5288382,CAOV3,-16.71346999,0
126941,5288382,DLD1,-5.338299708,0
126941,5288382,EFM192B,-0.71530023,0
126941,5288382,ES2,-2.760047439,0
126941,5288382,HCT116,-49.42810413,0
126941,5288382,HT144,-2.942101696,0
126941,5288382,HT29,-9.572354788,0
126941,5288382,KPL1,-29.90598895,0
126941,5288382,LOVO,-5.997125214,0
126941,5288382,MDAMB436,-11.29759903,0
126941,5288382,MSTO,-37.36078315,0
126941,5288382,NCIH1650,-14.6184651,0
126941,5288382,NCIH2122,-17.64561035,0
126941,5288382,NCIH23,-33.84375306,0
126941,5288382,NCIH460,-39.70587496,0
126941,5288382,NCIH520,-16.32603476,0
126941,5288382,OV90,-2.629742435,0
126941,5288382,OVCAR3,-39.03795705,0
126941,5288382,PA1,-21.62002905,0
126941,5288382,RKO,-29.27795159,0
126941,5288382,RPMI7951,-18.53390009,0
126941,5288382,SKMES1,-19.62939942,0
126941,5288382,SKOV3,-5.18929341,0
126941,5288382,SW620,-26.09948733,0
126941,5288382,SW837,-0.012863251,0
126941,5288382,T47D,-23.87788965,0
126941,5288382,UACC62,-21.02512717,0
126941,5288382,UWB1289,-9.53210747,0
126941,5288382,UWB1289BRCA1,-19.56759262,0
126941,5288382,VCAP,-13.78559857,0
126941,5288382,ZR751,-26.00808283,0
126941,5329102,A2058,-14.35651076,0
126941,5329102,A2780,-8.914358743,0
126941,5329102,A375,-11.79662018,0
126941,5329102,A427,-11.17787683,0
126941,5329102,CAOV3,-13.28428266,0
126941,5329102,COLO320DM,-7.855086349,0
126941,5329102,DLD1,-10.3117504,0
126941,5329102,ES2,-1.977805269,0
126941,5329102,HCT116,-23.43372074,0
126941,5329102,HT144,-2.878296152,0
126941,5329102,HT29,-12.26749867,0
126941,5329102,KPL1,-12.60925887,0
126941,5329102,LNCAP,-9.92236147,0
126941,5329102,LOVO,-1.031290676,0
126941,5329102,MDAMB436,-9.348887504,0
126941,5329102,MSTO,-21.25303017,0
126941,5329102,NCIH1650,-6.037105468,0
126941,5329102,NCIH2122,-7.990593409,0
126941,5329102,NCIH23,-17.93498954,0
126941,5329102,NCIH460,-15.25979172,0
126941,5329102,NCIH520,-15.6273466,0
126941,5329102,OCUBM,-2.919815747,0
126941,5329102,OV90,-7.623451233,0
126941,5329102,OVCAR3,-16.35123107,0
126941,5329102,PA1,-21.04320889,0
126941,5329102,RKO,-17.71620688,0
126941,5329102,RPMI7951,-10.91508031,0
126941,5329102,SKMEL30,-14.39924506,0
126941,5329102,SKMES1,-21.39355787,0
126941,5329102,SW620,-16.17773012,0
126941,5329102,SW837,-14.18103886,0
126941,5329102,T47D,-17.10641241,0
126941,5329102,UACC62,-8.134337499,0
126941,5329102,UWB1289,-1.082453494,0
126941,5329102,UWB1289BRCA1,-4.942524703,0
126941,5329102,VCAP,-17.16750466,0
126941,5329102,ZR751,-15.34042034,0
126941,9826528,A2058,-19.38027871,0
126941,9826528,A2780,-8.914021624,0
126941,9826528,A375,-6.631839446,0
126941,9826528,CAOV3,-0.721724312,0
126941,9826528,ES2,-11.41722079,0
126941,9826528,HCT116,-28.24807878,0
126941,9826528,HT29,-11.81256221,0
126941,9826528,KPL1,-0.241121612,0
126941,9826528,LNCAP,-11.13636331,0
126941,9826528,LOVO,-11.54436348,0
126941,9826528,MDAMB436,-1.774970049,0
126941,9826528,MSTO,-13.0519968,0
126941,9826528,NCIH1650,-3.551375971,0
126941,9826528,NCIH2122,-2.111996235,0
126941,9826528,NCIH23,-7.422561299,0
126941,9826528,NCIH460,-22.3243714,0
126941,9826528,NCIH520,-1.356749464,0
126941,9826528,OV90,-3.117623101,0
126941,9826528,OVCAR3,-27.62275041,0
126941,9826528,PA1,-18.950307,0
126941,9826528,RKO,-26.86261098,0
126941,9826528,RPMI7951,-23.67247034,0
126941,9826528,SKMEL30,-8.443924507,0
126941,9826528,SKMES1,-2.806755873,0
126941,9826528,SKOV3,-0.22911954,0
126941,9826528,SW620,-16.05748437,0
126941,9826528,T47D,-10.52128058,0
126941,9826528,UACC62,-15.10373388,0
126941,9826528,UWB1289,-8.109640349,0
126941,9826528,UWB1289BRCA1,-7.076738361,0
126941,9826528,ZR751,-14.25895131,0
126941,11520894,A2058,-21.66906573,0
126941,11520894,A2780,-11.29365616,0
126941,11520894,A375,-15.56543955,0
126941,11520894,CAOV3,-2.140574337,0
126941,11520894,DLD1,-2.606550934,0
126941,11520894,ES2,-5.475801931,0
126941,11520894,HCT116,-25.58100925,0
126941,11520894,HT29,-2.024703769,0
126941,11520894,KPL1,-1.199721312,0
126941,11520894,LNCAP,-13.56511235,0
126941,11520894,LOVO,-4.623336845,0
126941,11520894,MDAMB436,-10.76644461,0
126941,11520894,MSTO,-23.51374829,0
126941,11520894,NCIH1650,-3.728623322,0
126941,11520894,NCIH2122,-1.43051643,0
126941,11520894,NCIH23,-15.00717349,0
126941,11520894,NCIH460,-11.0543023,0
126941,11520894,NCIH520,-7.424101599,0
126941,11520894,OCUBM,-12.81720011,0
126941,11520894,OV90,-0.087903118,0
126941,11520894,OVCAR3,-44.12945079,0
126941,11520894,PA1,-18.22794903,0
126941,11520894,RKO,-25.07276741,0
126941,11520894,RPMI7951,-33.25390716,0
126941,11520894,SKMES1,-6.01954987,0
126941,11520894,SW620,-4.19578072,0
126941,11520894,T47D,-20.05299688,0
126941,11520894,UWB1289,-3.832969352,0
126941,11520894,UWB1289BRCA1,-8.99808106,0
126941,11520894,VCAP,-12.34087865,0
126941,11520894,ZR751,-19.54908972,0
126941,11960529,A2058,-20.92611544,0
126941,11960529,A2780,-4.219367541,0
126941,11960529,A375,-7.551223353,0
126941,11960529,CAOV3,-2.404475577,0
126941,11960529,HCT116,-21.65183373,0
126941,11960529,HT144,-0.032445275,0
126941,11960529,KPL1,-1.71327251,0
126941,11960529,LNCAP,-14.94123794,0
126941,11960529,LOVO,-15.09554516,0
126941,11960529,MSTO,-10.42339192,0
126941,11960529,NCIH1650,-8.966644609,0
126941,11960529,NCIH23,-7.564126857,0
126941,11960529,NCIH460,-12.68037651,0
126941,11960529,NCIH520,-5.030737169,0
126941,11960529,OV90,-5.954565928,0
126941,11960529,OVCAR3,-22.72410037,0
126941,11960529,PA1,-13.3282645,0
126941,11960529,RKO,-19.58169784,0
126941,11960529,SKOV3,-0.401220452,0
126941,11960529,SW620,-7.447236875,0
126941,11960529,T47D,-31.86794075,0
126941,11960529,UWB1289,-0.179443158,0
126941,11960529,ZR751,-12.04264842,0
126941,11977753,A2058,-38.0121297,0
126941,11977753,A2780,-16.82481039,0
126941,11977753,A375,-25.61862021,0
126941,11977753,A427,-8.949540554,0
126941,11977753,CAOV3,-17.50490635,0
126941,11977753,COLO320DM,-6.803307176,0
126941,11977753,DLD1,-16.9202632,0
126941,11977753,ES2,-12.19126927,0
126941,11977753,HCT116,-41.02096824,0
126941,11977753,HT29,-6.020533594,0
126941,11977753,KPL1,-16.20786001,0
126941,11977753,LNCAP,48.29250264,1
126941,11977753,MDAMB436,-13.48337625,0
126941,11977753,MSTO,-23.31530174,0
126941,11977753,NCIH1650,-6.201647618,0
126941,11977753,NCIH2122,-11.09106924,0
126941,11977753,NCIH23,-31.96671719,0
126941,11977753,NCIH460,-30.68313271,0
126941,11977753,NCIH520,-8.97233779,0
126941,11977753,OCUBM,-14.67794352,0
126941,11977753,OVCAR3,-35.28896071,0
126941,11977753,PA1,-32.96232274,0
126941,11977753,RKO,-28.04532216,0
126941,11977753,RPMI7951,-30.63826516,0
126941,11977753,SKMEL30,-3.880449615,0
126941,11977753,SKMES1,-19.01194681,0
126941,11977753,SW620,-19.46207595,0
126941,11977753,T47D,35.74583505,1
126941,11977753,UACC62,-6.285283318,0
126941,11977753,UWB1289,-9.940996808,0
126941,11977753,UWB1289BRCA1,-14.62380502,0
126941,11977753,VCAP,-30.57954225,0
126941,11977753,ZR751,-6.989471757,0
126941,16224745,A2058,-10.82459377,0
126941,16224745,A2780,-1.026379236,0
126941,16224745,CAOV3,-1.024761832,0
126941,16224745,COLO320DM,-5.626797744,0
126941,16224745,ES2,-2.734783945,0
126941,16224745,HCT116,-22.78299422,0
126941,16224745,HT29,-15.64250491,0
126941,16224745,KPL1,-15.60949767,0
126941,16224745,LNCAP,-17.32791323,0
126941,16224745,MSTO,-14.4594285,0
126941,16224745,NCIH1650,-5.13781303,0
126941,16224745,NCIH2122,-7.617320126,0
126941,16224745,NCIH23,-10.3582365,0
126941,16224745,NCIH460,-6.467093024,0
126941,16224745,NCIH520,-11.52382182,0
126941,16224745,OVCAR3,-23.72115882,0
126941,16224745,PA1,-19.9938732,0
126941,16224745,RKO,-15.71573371,0
126941,16224745,RPMI7951,-13.10079255,0
126941,16224745,SKMES1,-16.42731554,0
126941,16224745,SW837,-23.83050998,0
126941,16224745,T47D,-40.17065284,0
126941,16224745,UACC62,-1.555101068,0
126941,16224745,UWB1289,-6.632507173,0
126941,16224745,UWB1289BRCA1,-23.20157488,0
126941,16224745,VCAP,-24.3180062,0
126941,16224745,ZR751,-20.98974582,0
126941,24748204,A2058,-22.64513057,0
126941,24748204,A2780,-8.739816621,0
126941,24748204,A375,-0.785147621,0
126941,24748204,CAOV3,-3.653315179,0
126941,24748204,DLD1,-2.600496796,0
126941,24748204,EFM192B,-8.815878598,0
126941,24748204,ES2,-4.913414494,0
126941,24748204,HCT116,-16.7084026,0
126941,24748204,HT144,-7.349696025,0
126941,24748204,HT29,-4.677482627,0
126941,24748204,KPL1,-16.33137976,0
126941,24748204,LNCAP,-29.36170229,0
126941,24748204,LOVO,-15.79526144,0
126941,24748204,MSTO,-12.79248306,0
126941,24748204,NCIH1650,-5.826408808,0
126941,24748204,NCIH2122,-6.557209247,0
126941,24748204,NCIH23,-10.98470425,0
126941,24748204,NCIH460,-39.39955611,0
126941,24748204,NCIH520,-14.34791926,0
126941,24748204,OCUBM,-8.150284828,0
126941,24748204,OVCAR3,-36.02656343,0
126941,24748204,PA1,-29.22065381,0
126941,24748204,RKO,-19.90048731,0
126941,24748204,RPMI7951,-11.67215194,0
126941,24748204,SKMES1,-7.506174064,0
126941,24748204,SW620,-3.174639353,0
126941,24748204,SW837,-7.575962707,0
126941,24748204,UACC62,-6.309057908,0
126941,24748204,VCAP,-22.0539202,0
126941,24748204,ZR751,-18.65314763,0
126941,24856436,A2058,-15.7931997,0
126941,24856436,A2780,-3.648519996,0
126941,24856436,A427,-10.2741063,0
126941,24856436,COLO320DM,-16.89325415,0
126941,24856436,DLD1,-3.33781318,0
126941,24856436,EFM192B,-7.479607159,0
126941,24856436,ES2,-2.632905328,0
126941,24856436,HCT116,-20.04582991,0
126941,24856436,HT29,-19.6274971,0
126941,24856436,KPL1,-13.00411063,0
126941,24856436,LNCAP,-25.20689136,0
126941,24856436,LOVO,-3.938172737,0
126941,24856436,MDAMB436,-4.057477136,0
126941,24856436,MSTO,-14.68436586,0
126941,24856436,NCIH1650,-5.78683354,0
126941,24856436,NCIH2122,-1.48186242,0
126941,24856436,NCIH23,-17.97365095,0
126941,24856436,NCIH460,-11.04226708,0
126941,24856436,NCIH520,-18.27517586,0
126941,24856436,OCUBM,-6.018460361,0
126941,24856436,OVCAR3,-22.90616039,0
126941,24856436,PA1,-18.00024231,0
126941,24856436,RKO,-16.78835289,0
126941,24856436,RPMI7951,-9.0067378,0
126941,24856436,SKMEL30,-9.694797511,0
126941,24856436,SKMES1,-13.50511874,0
126941,24856436,SW620,-15.17262545,0
126941,24856436,SW837,-13.10600229,0
126941,24856436,T47D,-13.49902402,0
126941,24856436,UWB1289BRCA1,-14.0928179,0
126941,24856436,VCAP,-27.39232671,0
126941,24856436,ZR751,-13.97769032,0
126941,24958200,A2058,-25.77083095,0
126941,24958200,A2780,-8.901677252,0
126941,24958200,A375,-10.40122128,0
126941,24958200,CAOV3,-12.55773895,0
126941,24958200,COLO320DM,-1.694006455,0
126941,24958200,ES2,-7.601468531,0
126941,24958200,HCT116,-26.4602113,0
126941,24958200,HT144,-5.988838903,0
126941,24958200,HT29,-2.456350514,0
126941,24958200,KPL1,-17.23660938,0
126941,24958200,LNCAP,-30.02924628,0
126941,24958200,LOVO,-7.987242446,0
126941,24958200,MDAMB436,-1.187937527,0
126941,24958200,MSTO,-23.78992633,0
126941,24958200,NCIH1650,-1.344416476,0
126941,24958200,NCIH23,-13.42669078,0
126941,24958200,NCIH460,-15.38289385,0
126941,24958200,NCIH520,-21.2006967,0
126941,24958200,OV90,-7.481477437,0
126941,24958200,OVCAR3,-20.28744516,0
126941,24958200,PA1,-29.84050254,0
126941,24958200,RKO,-22.26111925,0
126941,24958200,SKMEL30,-16.18764437,0
126941,24958200,SKMES1,-2.248465996,0
126941,24958200,SW620,-11.41188943,0
126941,24958200,SW837,-7.737208927,0
126941,24958200,T47D,-6.913793863,0
126941,24958200,UACC62,-8.308194875,0
126941,24958200,VCAP,-9.904866439,0
126941,24958200,ZR751,-12.76752259,0
126941,24964624,A2058,-11.89008748,0
126941,24964624,A2780,-0.892799528,0
126941,24964624,EFM192B,-9.260611005,0
126941,24964624,HCT116,-19.1665728,0
126941,24964624,KPL1,-6.633023744,0
126941,24964624,LNCAP,-8.945319726,0
126941,24964624,LOVO,-6.344415958,0
126941,24964624,MSTO,-15.34211611,0
126941,24964624,NCIH2122,-3.520805436,0
126941,24964624,NCIH23,-5.176210233,0
126941,24964624,NCIH460,-21.21014036,0
126941,24964624,NCIH520,-12.85406525,0
126941,24964624,OCUBM,-12.31352093,0
126941,24964624,OV90,-1.196124891,0
126941,24964624,OVCAR3,-37.91312295,0
126941,24964624,PA1,-17.60565425,0
126941,24964624,RKO,-17.77559673,0
126941,24964624,RPMI7951,-14.10145956,0
126941,24964624,T47D,-15.26166404,0
126941,24964624,UWB1289BRCA1,-2.344582311,0
126941,24964624,VCAP,-24.84040985,0
126941,24964624,ZR751,-15.84614561,0
126941,46926350,A2058,-13.74681739,0
126941,46926350,A2780,-10.30343952,0
126941,46926350,A427,-3.451416942,0
126941,46926350,CAOV3,-4.052257285,0
126941,46926350,EFM192B,-2.835743195,0
126941,46926350,ES2,-5.715895919,0
126941,46926350,HCT116,-33.4204808,0
126941,46926350,HT144,-0.593389974,0
126941,46926350,HT29,-3.315125388,0
126941,46926350,KPL1,-13.88442443,0
126941,46926350,LNCAP,-2.99710486,0
126941,46926350,LOVO,-2.552213411,0
126941,46926350,MSTO,-21.42852431,0
126941,46926350,NCIH1650,-10.10463043,0
126941,46926350,NCIH23,-13.65265379,0
126941,46926350,NCIH520,-7.932825116,0
126941,46926350,OCUBM,-0.584166727,0
126941,46926350,OV90,-4.132352446,0
126941,46926350,OVCAR3,-17.7021981,0
126941,46926350,PA1,-30.39064892,0
126941,46926350,RKO,-11.61599307,0
126941,46926350,RPMI7951,-5.174889393,0
126941,46926350,SKMEL30,-8.22179839,0
126941,46926350,SKMES1,-4.337518716,0
126941,46926350,SKOV3,-6.779404332,0
126941,46926350,SW620,-12.67622232,0
126941,46926350,SW837,-5.521070602,0
126941,46926350,T47D,-25.36621389,0
126941,46926350,UACC62,-5.336732095,0
126941,46926350,UWB1289,-8.106426403,0
126941,46926350,UWB1289BRCA1,-11.94312092,0
126941,46926350,VCAP,-18.71590479,0
126941,46926350,ZR751,-8.314448418,0
176870,60700,HCT116,32.08496121,1
176870,60700,LOVO,32.12638544,1
176870,60700,MSTO,-2.517627621,0
176870,60700,NCIH2122,37.08704855,1
176870,60700,NCIH460,33.09865807,1
176870,60700,NCIH520,31.44481537,1
176870,60700,OVCAR3,-3.760329454,0
176870,60700,RKO,49.30660489,1
176870,60700,SKMEL30,33.82957414,1
176870,60700,SW837,41.81525129,1
176870,60700,T47D,-8.418283418,0
176870,60700,UWB1289,-8.199685309,0
176870,60700,VCAP,58.19345418,1
176870,60700,ZR751,52.94124794,1
176870,104842,A2780,36.95459201,1
176870,104842,A375,33.42878416,1
176870,104842,HCT116,35.52871201,1
176870,104842,HT29,33.40283823,1
176870,104842,LNCAP,-23.06287044,0
176870,104842,NCIH2122,41.60026332,1
176870,104842,NCIH23,53.28600154,1
176870,104842,NCIH460,67.7815276,1
176870,104842,OV90,-17.32644536,0
176870,104842,PA1,30.90677525,1
176870,104842,RPMI7951,48.39241724,1
176870,104842,SW837,44.01183222,1
176870,104842,VCAP,42.30916661,1
176870,104842,ZR751,52.34467525,1
176870,216239,A2058,-1.656545425,0
176870,216239,COLO320DM,-1.595977909,0
176870,216239,EFM192B,-7.758444182,0
176870,216239,LNCAP,-8.097260724,0
176870,216239,LOVO,-2.257154012,0
176870,216239,MDAMB436,-0.138370486,0
176870,216239,MSTO,-7.121315309,0
176870,216239,OVCAR3,-18.11266802,0
176870,216239,RPMI7951,-6.121401576,0
176870,216239,SKMES1,-4.668334827,0
176870,216239,ZR751,-3.034091706,0
176870,387447,A2058,-1.029009573,0
176870,387447,A2780,-23.08608321,0
176870,387447,A427,-15.65410165,0
176870,387447,CAOV3,-18.43407369,0
176870,387447,COLO320DM,-19.42850827,0
176870,387447,EFM192B,-1.662792904,0
176870,387447,ES2,-22.64897131,0
176870,387447,HT144,-16.19947167,0
176870,387447,HT29,-14.92795583,0
176870,387447,LNCAP,-17.80210878,0
176870,387447,MDAMB436,-6.150347221,0
176870,387447,NCIH1650,-14.2940195,0
176870,387447,NCIH2122,-3.425737389,0
176870,387447,NCIH23,-6.601665315,0
176870,387447,NCIH520,-23.84255611,0
176870,387447,OV90,-10.51068817,0
176870,387447,OVCAR3,-15.0662119,0
176870,387447,PA1,-9.264225,0
176870,387447,RPMI7951,-16.84735374,0
176870,387447,SKMES1,-11.42040437,0
176870,387447,SKOV3,-6.234852767,0
176870,387447,T47D,-42.70233051,0
176870,387447,UACC62,-20.68908184,0
176870,387447,UWB1289,-20.09891095,0
176870,3062316,A2058,50.85612673,1
176870,3062316,A2780,55.7433202,1
176870,3062316,A427,67.02852359,1
176870,3062316,CAOV3,35.76292632,1
176870,3062316,DLD1,68.43284741,1
176870,3062316,EFM192B,52.37427854,1
176870,3062316,HCT116,-2.842623837,0
176870,3062316,HT144,-44.27131648,0
176870,3062316,KPL1,-4.168161385,0
176870,3062316,LNCAP,30.85505426,1
176870,3062316,LOVO,39.95268983,1
176870,3062316,MSTO,-112.7046695,0
176870,3062316,NCIH1650,61.58695742,1
176870,3062316,NCIH2122,-6.547239182,0
176870,3062316,NCIH520,48.936706,1
176870,3062316,OVCAR3,100.767868,1
176870,3062316,SKMEL30,-20.14259668,0
176870,3062316,SKMES1,55.34476194,1
176870,3062316,SKOV3,34.88545929,1
176870,3062316,SW620,31.19986694,1
176870,3062316,SW837,55.38902039,1
176870,3062316,UACC62,30.71440017,1
176870,3062316,UWB1289,43.18599864,1
176870,3062316,UWB1289BRCA1,49.46793269,1
176870,3062316,ZR751,-53.72833547,0
176870,5288382,A2780,-0.606103969,0
176870,5288382,A375,36.18756156,1
176870,5288382,A427,-3.759599548,0
176870,5288382,COLO320DM,-0.252340221,0
176870,5288382,DLD1,31.67965199,1
176870,5288382,ES2,-3.059834643,0
176870,5288382,HCT116,41.62495754,1
176870,5288382,LOVO,-2.718358817,0
176870,5288382,MSTO,-22.21185453,0
176870,5288382,OCUBM,-12.9753621,0
176870,5288382,OV90,-8.956888638,0
176870,5288382,OVCAR3,-34.65717496,0
176870,5288382,RPMI7951,-10.72328848,0
176870,5288382,SW620,-8.082114571,0
176870,5288382,UWB1289,-22.88384516,0
176870,5288382,UWB1289BRCA1,-22.83848169,0
176870,9826528,CAOV3,46.93900496,1
176870,9826528,COLO320DM,-1.970554943,0
176870,9826528,DLD1,39.517205,1
176870,9826528,KPL1,-3.623375924,0
176870,9826528,LNCAP,-5.865411183,0
176870,9826528,LOVO,37.16879127,1
176870,9826528,MSTO,-17.33461973,0
176870,9826528,NCIH2122,63.43808914,1
176870,9826528,NCIH520,-4.567846787,0
176870,9826528,OCUBM,-1.453775509,0
176870,9826528,OV90,-5.053683079,0
176870,9826528,SW620,-10.3945433,0
176870,9826528,SW837,31.64566875,1
176870,9826528,T47D,-32.78744411,0
176870,9826528,VCAP,-1.164693008,0
176870,9826528,ZR751,32.23841884,1
176870,9887053,A2058,-14.44814605,0
176870,9887053,A2780,-41.24503228,0
176870,9887053,A375,-4.012613437,0
176870,9887053,A427,-20.69166135,0
176870,9887053,CAOV3,-19.3377721,0
176870,9887053,COLO320DM,-15.41204948,0
176870,9887053,DLD1,-10.52325405,0
176870,9887053,EFM192B,-28.17197926,0
176870,9887053,ES2,-24.54218878,0
176870,9887053,HCT116,-19.58979645,0
176870,9887053,HT144,-24.48137144,0
176870,9887053,HT29,-20.05594529,0
176870,9887053,KPL1,-1.943763983,0
176870,9887053,LNCAP,-10.98615564,0
176870,9887053,LOVO,-3.211574446,0
176870,9887053,MDAMB436,-23.05639303,0
176870,9887053,MSTO,-3.014703568,0
176870,9887053,NCIH1650,-9.134327482,0
176870,9887053,NCIH2122,-11.66336863,0
176870,9887053,NCIH23,-27.97151102,0
176870,9887053,NCIH460,-45.68658386,0
176870,9887053,NCIH520,-14.84679947,0
176870,9887053,OCUBM,-7.648482727,0
176870,9887053,OV90,-31.19833126,0
176870,9887053,PA1,-57.24112604,0
176870,9887053,RKO,-6.025808177,0
176870,9887053,RPMI7951,-44.63831953,0
176870,9887053,SKMEL30,-10.22493429,0
176870,9887053,SW620,-33.75034384,0
176870,9887053,SW837,-5.11531975,0
176870,9887053,T47D,-9.287320112,0
176870,9887053,UACC62,-17.15687451,0
176870,9887053,UWB1289BRCA1,-0.285564865,0
176870,9887053,VCAP,-8.145473694,0
176870,11520894,A2058,52.26171598,1
176870,11520894,A2780,36.23987344,1
176870,11520894,A375,56.66491207,1
176870,11520894,A427,32.50271138,1
176870,11520894,CAOV3,62.65781411,1
176870,11520894,DLD1,44.79209385,1
176870,11520894,EFM192B,65.95898663,1
176870,11520894,ES2,44.9903576,1
176870,11520894,HT144,36.79371745,1
176870,11520894,HT29,31.57708029,1
176870,11520894,KPL1,46.75582861,1
176870,11520894,LOVO,47.34442041,1
176870,11520894,MSTO,-137.2614159,0
176870,11520894,NCIH2122,45.29161162,1
176870,11520894,NCIH23,40.58409884,1
176870,11520894,NCIH460,42.49559207,1
176870,11520894,OCUBM,48.47002622,1
176870,11520894,OV90,42.80120535,1
176870,11520894,OVCAR3,37.04348424,1
176870,11520894,PA1,52.51412182,1
176870,11520894,RKO,38.54313446,1
176870,11520894,RPMI7951,42.44759178,1
176870,11520894,SKMEL30,62.09326122,1
176870,11520894,SKMES1,32.10376803,1
176870,11520894,SKOV3,60.90617431,1
176870,11520894,SW837,34.68853378,1
176870,11520894,T47D,54.65479081,1
176870,11520894,UACC62,60.95019851,1
176870,11520894,UWB1289,40.66982585,1
176870,11520894,UWB1289BRCA1,40.57509394,1
176870,11520894,ZR751,71.43896439,1
176870,11960529,A375,-1.887476573,0
176870,11960529,A427,-1.926503305,0
176870,11960529,COLO320DM,-1.240222965,0
176870,11960529,ES2,-12.43349741,0
176870,11960529,HCT116,-3.424746588,0
176870,11960529,HT144,-5.994644575,0
176870,11960529,HT29,-11.26311941,0
176870,11960529,KPL1,-2.182880996,0
176870,11960529,LNCAP,-23.8823541,0
176870,11960529,MSTO,52.03256407,1
176870,11960529,NCIH1650,-7.117012472,0
176870,11960529,NCIH23,-4.735547822,0
176870,11960529,NCIH460,-6.515653333,0
176870,11960529,NCIH520,-3.76865619,0
176870,11960529,OV90,-13.32020911,0
176870,11960529,OVCAR3,-5.767442668,0
176870,11960529,RKO,-5.955965421,0
176870,11960529,RPMI7951,-8.09310882,0
176870,11960529,SKMEL30,-1.277147404,0
176870,11960529,SW620,-11.64468066,0
176870,11960529,T47D,-14.15331149,0
176870,11960529,UACC62,-8.248065955,0
176870,11960529,VCAP,-17.27573982,0
176870,11960529,ZR751,-1.402435654,0
176870,11977753,A2058,30.44723473,1
176870,11977753,A2780,32.9904113,1
176870,11977753,A375,32.79138222,1
176870,11977753,CAOV3,53.23611483,1
176870,11977753,DLD1,41.94861745,1
176870,11977753,EFM192B,36.28988368,1
176870,11977753,HCT116,40.74023865,1
176870,11977753,HT29,37.24732576,1
176870,11977753,KPL1,31.23105824,1
176870,11977753,LNCAP,85.15352215,1
176870,11977753,LOVO,38.90157501,1
176870,11977753,MDAMB436,34.3614618,1
176870,11977753,MSTO,40.76447271,1
176870,11977753,NCIH2122,53.94195019,1
176870,11977753,NCIH23,30.39517847,1
176870,11977753,NCIH460,34.65177323,1
176870,11977753,NCIH520,36.29686721,1
176870,11977753,OVCAR3,41.44320365,1
176870,11977753,RPMI7951,33.10748025,1
176870,11977753,SKMEL30,40.3172508,1
176870,11977753,SKMES1,40.10436985,1
176870,11977753,SKOV3,33.22300939,1
176870,11977753,SW837,48.23512601,1
176870,11977753,T47D,141.790374,1
176870,11977753,UWB1289,40.58463507,1
176870,11977753,UWB1289BRCA1,41.01457813,1
176870,11977753,ZR751,52.1263634,1
176870,16224745,A375,37.74995952,1
176870,16224745,CAOV3,40.45472172,1
176870,16224745,KPL1,-3.593734348,0
176870,16224745,MSTO,-7.71071645,0
176870,16224745,NCIH1650,-3.636385703,0
176870,16224745,NCIH2122,-2.554158487,0
176870,16224745,T47D,-10.08431033,0
176870,16224745,UWB1289,-16.57226109,0
176870,16224745,UWB1289BRCA1,-25.67572603,0
176870,46926350,A427,-3.548762589,0
176870,46926350,CAOV3,-5.815744842,0
176870,46926350,COLO320DM,43.51603934,1
176870,46926350,HT29,-3.655231977,0
176870,46926350,MDAMB436,-5.376299308,0
176870,46926350,MSTO,-45.42477831,0
176870,46926350,OCUBM,-16.85915516,0
176870,46926350,PA1,-9.798475284,0
176870,46926350,SKOV3,-2.90630388,0
176870,46926350,SW620,-8.866955639,0
176870,46926350,T47D,-1.093565722,0
176870,46926350,VCAP,32.25620878,1
208908,60700,A375,-1.765935212,0
208908,60700,COLO320DM,-11.52246806,0
208908,60700,HCT116,-7.225650389,0
208908,60700,HT29,-12.56524254,0
208908,60700,MDAMB436,-0.994273666,0
208908,60700,NCIH520,-2.305857146,0
208908,60700,OV90,-12.15200977,0
208908,60700,OVCAR3,-13.40507251,0
208908,60700,SKOV3,-10.91761431,0
208908,60700,T47D,-5.738539865,0
208908,60700,UWB1289,-17.45662554,0
208908,60700,ZR751,42.33789748,1
208908,104842,A2780,42.90929646,1
208908,104842,A427,-12.7966106,0
208908,104842,CAOV3,31.47119412,1
208908,104842,HCT116,32.23325702,1
208908,104842,MSTO,62.62103329,1
208908,104842,NCIH2122,35.75040793,1
208908,104842,NCIH23,58.04697124,1
208908,104842,NCIH460,72.79578233,1
208908,104842,NCIH520,-7.039712068,0
208908,104842,OV90,-19.57182873,0
208908,104842,OVCAR3,46.08616398,1
208908,104842,PA1,55.62409407,1
208908,104842,RPMI7951,54.41850359,1
208908,104842,SW837,45.44353946,1
208908,104842,UWB1289BRCA1,31.20021385,1
208908,104842,VCAP,34.14797271,1
208908,104842,ZR751,36.74866746,1
208908,176870,A2058,-1.774548906,0
208908,176870,A2780,-0.347064384,0
208908,176870,A375,-3.204359126,0
208908,176870,A427,-19.72497872,0
208908,176870,COLO320DM,-10.15943075,0
208908,176870,ES2,-13.64427468,0
208908,176870,HT144,-15.05091041,0
208908,176870,HT29,-2.205114705,0
208908,176870,KPL1,-24.76739823,0
208908,176870,LOVO,-4.665475423,0
208908,176870,MDAMB436,-16.1682116,0
208908,176870,MSTO,-189.4846798,0
208908,176870,NCIH1650,-7.657791181,0
208908,176870,NCIH23,-11.44323053,0
208908,176870,NCIH460,-2.923749962,0
208908,176870,OV90,-12.99893615,0
208908,176870,OVCAR3,-9.026533378,0
208908,176870,RKO,-12.15049207,0
208908,176870,RPMI7951,-3.108947091,0
208908,176870,SKMEL30,-3.976502396,0
208908,176870,SW620,-16.44658521,0
208908,176870,T47D,-14.77734431,0
208908,216239,COLO320DM,-4.30459702,0
208908,216239,HT29,-4.305862699,0
208908,216239,KPL1,-0.528472307,0
208908,216239,LNCAP,-6.138302733,0
208908,216239,LOVO,-1.253803208,0
208908,216239,MSTO,-23.17492645,0
208908,216239,OVCAR3,-6.432999951,0
208908,216239,SKMES1,-2.188333748,0
208908,216239,ZR751,-10.00809262,0
208908,387447,A2780,-12.13421033,0
208908,387447,A375,39.59126666,1
208908,387447,A427,-22.9263193,0
208908,387447,CAOV3,-12.43898045,0
208908,387447,COLO320DM,-1.153502179,0
208908,387447,EFM192B,-5.287744629,0
208908,387447,HT144,-3.60501032,0
208908,387447,HT29,-12.78628716,0
208908,387447,MDAMB436,-5.410437602,0
208908,387447,MSTO,87.45849293,1
208908,387447,NCIH1650,-8.691837936,0
208908,387447,NCIH520,-29.87570849,0
208908,387447,OCUBM,-6.239615958,0
208908,387447,OV90,-7.71014063,0
208908,387447,OVCAR3,-8.079898176,0
208908,387447,RPMI7951,-6.286297355,0
208908,387447,SKMES1,-10.95308482,0
208908,387447,T47D,-31.40365846,0
208908,387447,UACC62,-6.720768094,0
208908,387447,UWB1289,-27.73822609,0
208908,3062316,A2058,53.53442452,1
208908,3062316,A2780,71.40143393,1
208908,3062316,A375,-13.9892057,0
208908,3062316,CAOV3,32.00802324,1
208908,3062316,DLD1,66.07178033,1
208908,3062316,EFM192B,66.62546631,1
208908,3062316,ES2,-1.374290019,0
208908,3062316,HCT116,-31.34199924,0
208908,3062316,HT144,-39.72188641,0
208908,3062316,LOVO,56.42162425,1
208908,3062316,MSTO,61.34302396,1
208908,3062316,NCIH1650,65.81115397,1
208908,3062316,NCIH2122,-29.73167278,0
208908,3062316,NCIH460,-15.60596566,0
208908,3062316,NCIH520,33.93364817,1
208908,3062316,OCUBM,64.18255697,1
208908,3062316,OVCAR3,86.95133731,1
208908,3062316,PA1,30.1705353,1
208908,3062316,SKMES1,63.11185705,1
208908,3062316,SKOV3,58.86214748,1
208908,3062316,SW620,-1.563471377,0
208908,3062316,SW837,83.53453831,1
208908,3062316,T47D,31.24126538,1
208908,3062316,ZR751,-34.48491869,0
208908,5288382,A2780,-3.912435035,0
208908,5288382,A427,-3.180124025,0
208908,5288382,CAOV3,35.02468846,1
208908,5288382,DLD1,47.57326123,1
208908,5288382,EFM192B,-14.11140121,0
208908,5288382,LNCAP,56.31335213,1
208908,5288382,NCIH23,-2.922766874,0
208908,5288382,OV90,-0.302756386,0
208908,5288382,RPMI7951,-12.92158619,0
208908,5288382,SW620,-5.016191488,0
208908,5288382,T47D,-31.4758658,0
208908,5288382,UWB1289,-21.23692214,0
208908,5288382,UWB1289BRCA1,-18.6202825,0
208908,5288382,ZR751,-0.09687073,0
208908,9826528,A2058,44.53959785,1
208908,9826528,DLD1,46.60263977,1
208908,9826528,LOVO,62.69581502,1
208908,9826528,MSTO,-3.249073837,0
208908,9826528,NCIH2122,74.0749477,1
208908,9826528,NCIH520,-2.6668904,0
208908,9826528,OVCAR3,45.11289385,1
208908,9826528,PA1,31.3116256,1
208908,9826528,RKO,30.03786145,1
208908,9826528,SKMES1,33.27908028,1
208908,9826528,SW620,-0.3081356,0
208908,9826528,SW837,59.25733854,1
208908,9826528,T47D,58.83005465,1
208908,9826528,UWB1289,60.46124277,1
208908,9826528,ZR751,53.38531317,1
208908,9887053,A2058,-0.922242596,0
208908,9887053,A2780,-27.86659733,0
208908,9887053,A375,-11.82563788,0
208908,9887053,A427,-24.06972341,0
208908,9887053,CAOV3,-28.6398718,0
208908,9887053,COLO320DM,-16.94408812,0
208908,9887053,DLD1,-2.594124334,0
208908,9887053,EFM192B,-6.261719342,0
208908,9887053,ES2,-14.81350288,0
208908,9887053,HCT116,-6.218266465,0
208908,9887053,HT144,-23.5682761,0
208908,9887053,HT29,-16.53904833,0
208908,9887053,KPL1,-6.543326583,0
208908,9887053,LOVO,-2.930481586,0
208908,9887053,MDAMB436,-21.41579001,0
208908,9887053,MSTO,-6.865466827,0
208908,9887053,NCIH1650,-5.825413597,0
208908,9887053,NCIH2122,-17.1880816,0
208908,9887053,NCIH23,-25.85661344,0
208908,9887053,NCIH460,-45.65988781,0
208908,9887053,NCIH520,-20.5093625,0
208908,9887053,OV90,-23.2576025,0
208908,9887053,PA1,-40.3526157,0
208908,9887053,RKO,-12.66018999,0
208908,9887053,RPMI7951,-35.88274646,0
208908,9887053,SKMEL30,-7.61787728,0
208908,9887053,SKMES1,-0.004049673,0
208908,9887053,SKOV3,-2.673639501,0
208908,9887053,SW620,-17.78016022,0
208908,9887053,SW837,-2.7160629,0
208908,9887053,T47D,-11.31924505,0
208908,9887053,UACC62,-25.94665965,0
208908,9887053,UWB1289,-2.851283322,0
208908,9887053,UWB1289BRCA1,-11.11784518,0
208908,9887053,VCAP,-12.20687012,0
208908,11520894,A2058,32.53706921,1
208908,11520894,A427,-11.1096158,0
208908,11520894,CAOV3,52.18861283,1
208908,11520894,DLD1,54.69766371,1
208908,11520894,EFM192B,52.34047368,1
208908,11520894,KPL1,39.98429783,1
208908,11520894,LOVO,58.28508027,1
208908,11520894,MSTO,92.85066305,1
208908,11520894,NCIH2122,32.83083921,1
208908,11520894,NCIH460,-4.426741154,0
208908,11520894,NCIH520,-1.026353739,0
208908,11520894,OCUBM,38.72653029,1
208908,11520894,OVCAR3,36.35032031,1
208908,11520894,SKMEL30,45.5204346,1
208908,11520894,SKOV3,58.01792239,1
208908,11520894,SW837,44.54477473,1
208908,11520894,ZR751,51.10732549,1
208908,11960529,A375,-6.035658691,0
208908,11960529,A427,-26.00323788,0
208908,11960529,DLD1,-3.251667929,0
208908,11960529,ES2,-7.943806987,0
208908,11960529,HCT116,-1.095866984,0
208908,11960529,HT144,-0.460428777,0
208908,11960529,MSTO,47.31666702,1
208908,11960529,NCIH1650,-5.201896963,0
208908,11960529,NCIH2122,-4.884717761,0
208908,11960529,NCIH460,-10.78556992,0
208908,11960529,NCIH520,-5.878398637,0
208908,11960529,OCUBM,-6.978328496,0
208908,11960529,OV90,-13.16172721,0
208908,11960529,OVCAR3,-0.012839196,0
208908,11960529,RKO,-4.094263427,0
208908,11960529,RPMI7951,-10.37644078,0
208908,11960529,SKMEL30,-9.090825843,0
208908,11960529,SKMES1,-2.874003765,0
208908,11960529,SW620,-9.000071112,0
208908,11960529,SW837,-8.342002168,0
208908,11960529,VCAP,-10.66114851,0
208908,11977753,A2058,34.88357327,1
208908,11977753,A2780,33.65391894,1
208908,11977753,CAOV3,38.04606235,1
208908,11977753,DLD1,39.6543515,1
208908,11977753,EFM192B,44.11404873,1
208908,11977753,HT29,36.40278387,1
208908,11977753,LNCAP,89.98839495,1
208908,11977753,LOVO,48.30622234,1
208908,11977753,MSTO,-17.07556739,0
208908,11977753,NCIH1650,31.92801923,1
208908,11977753,NCIH2122,52.15446199,1
208908,11977753,OCUBM,31.67293726,1
208908,11977753,OVCAR3,34.20075508,1
208908,11977753,PA1,39.89703101,1
208908,11977753,SKMES1,31.74558029,1
208908,11977753,SKOV3,34.70684933,1
208908,11977753,SW837,63.10413345,1
208908,11977753,T47D,158.1723247,1
208908,11977753,UACC62,34.99340476,1
208908,11977753,UWB1289,37.69566449,1
208908,11977753,UWB1289BRCA1,37.37437029,1
208908,11977753,ZR751,41.23943802,1
208908,16224745,A427,-9.156674153,0
208908,16224745,CAOV3,70.42307297,1
208908,16224745,ES2,-7.608236821,0
208908,16224745,KPL1,-2.893925826,0
208908,16224745,LOVO,34.52902977,1
208908,16224745,NCIH2122,-11.5182582,0
208908,16224745,NCIH460,-10.35099436,0
208908,16224745,NCIH520,-18.89181982,0
208908,16224745,OV90,-1.354824999,0
208908,16224745,SW620,-4.420446508,0
208908,16224745,T47D,-62.11176396,0
208908,16224745,UWB1289,-17.26950205,0
208908,16224745,UWB1289BRCA1,-19.18099304,0
208908,24748204,A2058,-0.59418006,0
208908,24748204,A427,-16.34034937,0
208908,24748204,LNCAP,-33.05688896,0
208908,24748204,MSTO,36.97077261,1
208908,24748204,NCIH2122,-11.36972154,0
208908,24748204,NCIH460,-4.715723868,0
208908,24748204,NCIH520,-16.94299188,0
208908,24748204,T47D,-2.863805111,0
208908,24958200,A427,-10.0233806,0
208908,24958200,LNCAP,-47.05010829,0
208908,24958200,LOVO,31.11158097,1
208908,24958200,NCIH23,-2.082029032,0
208908,24958200,OV90,-6.29153714,0
208908,24958200,SW837,34.01555838,1
208908,24958200,T47D,-6.963796075,0
208908,24964624,A2058,41.77696806,1
208908,24964624,A427,-2.264348767,0
208908,24964624,CAOV3,41.54387852,1
208908,24964624,COLO320DM,-0.927629824,0
208908,24964624,DLD1,50.80721722,1
208908,24964624,HT29,39.47279869,1
208908,24964624,KPL1,42.54077637,1
208908,24964624,LNCAP,-11.99120342,0
208908,24964624,LOVO,38.31211149,1
208908,24964624,MSTO,71.62214021,1
208908,24964624,NCIH1650,41.55565381,1
208908,24964624,NCIH2122,51.56955122,1
208908,24964624,NCIH23,-4.96655029,0
208908,24964624,NCIH520,-1.94430236,0
208908,24964624,OCUBM,40.16375752,1
208908,24964624,PA1,31.4463118,1
208908,24964624,SKMES1,43.18513853,1
208908,24964624,SKOV3,51.8625158,1
208908,24964624,SW620,-5.904608093,0
208908,24964624,SW837,68.73102155,1
208908,24964624,T47D,-3.248353707,0
208908,24964624,UWB1289,34.12915569,1
208908,24964624,UWB1289BRCA1,35.64228439,1
208908,24964624,ZR751,48.86655801,1
208908,46926350,A427,-10.58600537,0
208908,46926350,COLO320DM,42.47883536,1
208908,46926350,DLD1,43.87066322,1
208908,46926350,KPL1,-2.322087537,0
208908,46926350,LNCAP,41.44071297,1
208908,46926350,OV90,-3.29071214,0
208908,46926350,T47D,-4.358456595,0
216239,16224745,EFM192B,-6.215264784,0
216239,16224745,ES2,-10.31605772,0
216239,16224745,KPL1,-4.163951113,0
216239,16224745,LOVO,-8.251372237,0
216239,16224745,MDAMB436,-2.164745516,0
216239,16224745,MSTO,-9.256454168,0
216239,16224745,NCIH2122,-17.19224053,0
216239,16224745,NCIH23,-6.911091193,0
216239,16224745,OVCAR3,-26.12102771,0
216239,16224745,RKO,-7.972423951,0
216239,16224745,RPMI7951,-10.88523682,0
216239,16224745,SKMEL30,-0.290270689,0
216239,16224745,SKMES1,-18.39657512,0
216239,16224745,SKOV3,-5.12246317,0
216239,16224745,SW837,-12.57022198,0
216239,16224745,UWB1289,-6.950183804,0
216239,16224745,UWB1289BRCA1,-18.92562737,0
216239,16224745,VCAP,-0.425767363,0
216239,16224745,ZR751,-20.82098769,0
216239,46926350,A2058,-3.545195817,0
216239,46926350,A2780,-9.695298226,0
216239,46926350,CAOV3,-8.924120183,0
216239,46926350,COLO320DM,-1.738111872,0
216239,46926350,DLD1,-0.057681898,0
216239,46926350,EFM192B,-8.386775185,0
216239,46926350,HCT116,-6.670753289,0
216239,46926350,HT144,-2.989873827,0
216239,46926350,HT29,-7.135307716,0
216239,46926350,KPL1,-13.04009017,0
216239,46926350,LNCAP,-11.80766207,0
216239,46926350,LOVO,-18.95008123,0
216239,46926350,MDAMB436,-7.739999451,0
216239,46926350,MSTO,-10.49483318,0
216239,46926350,NCIH1650,-5.343344598,0
216239,46926350,NCIH2122,-8.140356906,0
216239,46926350,NCIH23,-0.020053889,0
216239,46926350,NCIH460,-0.088977096,0
216239,46926350,NCIH520,-5.309622207,0
216239,46926350,OCUBM,-1.241379077,0
216239,46926350,OV90,-4.897878542,0
216239,46926350,OVCAR3,-17.70993046,0
216239,46926350,PA1,-6.989945869,0
216239,46926350,RPMI7951,-6.506789545,0
216239,46926350,SKMEL30,-6.345846964,0
216239,46926350,SKMES1,-3.864336409,0
216239,46926350,SKOV3,-12.96470758,0
216239,46926350,SW620,-5.91637017,0
216239,46926350,SW837,-10.32327934,0
216239,46926350,T47D,-4.42210441,0
216239,46926350,UACC62,-6.321733436,0
216239,46926350,UWB1289,-2.930214793,0
216239,46926350,UWB1289BRCA1,-7.241925258,0
216239,46926350,VCAP,-15.41333329,0
216239,46926350,ZR751,-27.86677853,0
216453,5311,A427,-32.70836734,0
216453,5311,HT144,-1.123576866,0
216453,5311,NCIH1650,-1.702096951,0
216453,5311,NCIH520,-0.916779375,0
216453,5311,ZR751,-7.603948636,0
216453,5394,A2058,38.53907249,1
216453,5394,CAOV3,-9.497573207,0
216453,5394,EFM192B,-20.43473038,0
216453,5394,HCT116,-9.155965286,0
216453,5394,HT144,-1.651880182,0
216453,5394,KPL1,-26.01477346,0
216453,5394,NCIH1650,-13.71528592,0
216453,5394,OCUBM,-3.640573379,0
216453,5394,OVCAR3,-9.799372161,0
216453,5394,RKO,-9.799840789,0
216453,5394,SW620,-7.623653668,0
216453,5394,T47D,-31.683189,0
216453,5394,ZR751,-29.40778253,0
216453,36462,A427,-1.816495732,0
216453,36462,CAOV3,60.15290274,1
216453,36462,DLD1,-7.272159471,0
216453,36462,EFM192B,-4.461218945,0
216453,36462,ES2,-11.78385268,0
216453,36462,HCT116,-2.51299955,0
216453,36462,KPL1,-3.311069522,0
216453,36462,MSTO,-16.57878303,0
216453,36462,OVCAR3,-28.47273053,0
216453,36462,PA1,-11.51864847,0
216453,36462,SKMES1,-6.163905309,0
216453,36462,UACC62,-1.262162007,0
216453,60700,A2058,45.10320001,1
216453,60700,A375,-36.31706666,0
216453,60700,PA1,-0.070707003,0
216453,60700,RKO,30.19132446,1
216453,60750,A2780,-0.135972113,0
216453,60750,A375,-10.28018314,0
216453,60750,CAOV3,-0.461482854,0
216453,60750,EFM192B,-10.04381047,0
216453,60750,HCT116,-3.169569783,0
216453,60750,KPL1,-1.644259397,0
216453,60750,LOVO,-0.094835716,0
216453,60750,MSTO,-6.710005064,0
216453,60750,NCIH1650,-4.336230724,0
216453,60750,NCIH2122,-1.596155099,0
216453,60750,NCIH23,-9.931812705,0
216453,60750,OVCAR3,-17.40464261,0
216453,60750,PA1,-1.658949663,0
216453,60750,RKO,-0.495085927,0
216453,60750,RPMI7951,-0.639380167,0
216453,60750,SKMES1,-14.53448084,0
216453,60750,SKOV3,-3.771802826,0
216453,60750,T47D,-8.51844122,0
216453,60750,UWB1289,-2.940179536,0
216453,60750,ZR751,-2.128577194,0
216453,104842,A2058,40.81060203,1
216453,104842,CAOV3,-3.823383721,0
216453,104842,HCT116,-0.83173209,0
216453,104842,KPL1,-3.347640347,0
216453,104842,LNCAP,-0.858149059,0
216453,104842,MSTO,-1.355625504,0
216453,104842,OCUBM,31.88654236,1
216453,104842,SW837,-0.022404536,0
216453,176870,CAOV3,42.23979945,1
216453,176870,KPL1,-0.509613174,0
216453,176870,MSTO,-9.949130905,0
216453,176870,OVCAR3,-13.1207389,0
216453,176870,SW620,-6.679472517,0
216453,176870,T47D,-12.12386768,0
216453,208908,CAOV3,39.61931685,1
216453,208908,MSTO,-1.63553305,0
216453,208908,OVCAR3,-10.81988231,0
216453,216239,CAOV3,-0.76061527,0
216453,216239,EFM192B,-1.108926504,0
216453,216239,ES2,-1.088503854,0
216453,216239,LNCAP,-2.563488749,0
216453,216239,MDAMB436,-10.2236752,0
216453,216239,MSTO,-25.16985204,0
216453,216239,OVCAR3,-21.13673403,0
216453,216239,RPMI7951,-7.179709512,0
216453,216239,SW837,-2.27123328,0
216453,216239,UWB1289BRCA1,-1.112969295,0
216453,216239,VCAP,-5.150757416,0
216453,216239,ZR751,-7.810085414,0
216453,387447,A2780,-8.253868332,0
216453,387447,CAOV3,-23.95335295,0
216453,387447,COLO320DM,-17.3979134,0
216453,387447,EFM192B,-4.390514853,0
216453,387447,ES2,-8.119466013,0
216453,387447,HCT116,-3.986599596,0
216453,387447,HT144,-9.582782667,0
216453,387447,HT29,-9.474012541,0
216453,387447,LNCAP,-9.209168581,0
216453,387447,MDAMB436,-8.072416466,0
216453,387447,NCIH1650,-15.0459436,0
216453,387447,NCIH2122,-10.98946316,0
216453,387447,NCIH23,-3.79714331,0
216453,387447,NCIH520,-17.42513337,0
216453,387447,OCUBM,-2.071550914,0
216453,387447,OVCAR3,-25.81250573,0
216453,387447,PA1,-8.500738692,0
216453,387447,RPMI7951,-6.784123075,0
216453,387447,SKMEL30,-3.756660951,0
216453,387447,SKMES1,-13.3994066,0
216453,387447,SKOV3,-8.054565661,0
216453,387447,SW620,-2.366407976,0
216453,387447,SW837,-2.17274842,0
216453,387447,T47D,-18.88599842,0
216453,387447,UACC62,-13.1407886,0
216453,387447,UWB1289,-16.20441172,0
216453,387447,UWB1289BRCA1,-4.304110328,0
216453,387447,VCAP,-6.317024764,0
216453,387447,ZR751,-19.58453346,0
216453,3062316,A2058,38.94681739,1
216453,3062316,A2780,57.53602649,1
216453,3062316,A375,44.02755137,1
216453,3062316,A427,46.50293489,1
216453,3062316,EFM192B,46.22507277,1
216453,3062316,HT144,-5.227808881,0
216453,3062316,HT29,54.3615549,1
216453,3062316,LOVO,46.91523611,1
216453,3062316,MSTO,68.348704,1
216453,3062316,NCIH1650,35.69584712,1
216453,3062316,NCIH2122,-59.85214459,0
216453,3062316,NCIH23,-58.21245074,0
216453,3062316,NCIH520,53.28735753,1
216453,3062316,OVCAR3,49.66372363,1
216453,3062316,PA1,39.44227246,1
216453,3062316,RKO,38.19936369,1
216453,3062316,SKMEL30,-5.080822558,0
216453,3062316,SKMES1,33.59497725,1
216453,3062316,SW620,44.95753677,1
216453,3062316,T47D,31.75982728,1
216453,3062316,UACC62,42.35479652,1
216453,5288382,A427,30.83757204,1
216453,5288382,LNCAP,32.36907528,1
216453,5288382,NCIH460,31.10478431,1
216453,5288382,OVCAR3,-22.3225805,0
216453,5288382,RKO,30.50704571,1
216453,5288382,T47D,-3.749419951,0
216453,5288382,UACC62,35.07442761,1
216453,5288382,UWB1289BRCA1,-8.398749848,0
216453,5288382,ZR751,-2.288784,0
216453,5311497,CAOV3,-7.524684093,0
216453,5311497,EFM192B,-18.4874913,0
216453,5311497,ES2,-3.16464357,0
216453,5311497,HCT116,-5.409595076,0
216453,5311497,HT29,-6.116402262,0
216453,5311497,KPL1,-0.974104519,0
216453,5311497,NCIH2122,-27.18852434,0
216453,5311497,NCIH23,-101.7144172,0
216453,5311497,NCIH520,-10.91514974,0
216453,5311497,OV90,40.21417194,1
216453,5311497,OVCAR3,-34.1304177,0
216453,5311497,PA1,-6.174368907,0
216453,5311497,RKO,-5.890660718,0
216453,5311497,SKOV3,-7.006392416,0
216453,5311497,SW837,-9.958078477,0
216453,5311497,T47D,-8.7099148,0
216453,5311497,UACC62,-0.628559817,0
216453,5311497,VCAP,-8.700899499,0
216453,9826528,A2780,32.49092847,1
216453,9826528,CAOV3,51.29024931,1
216453,9826528,COLO320DM,-0.099704801,0
216453,9826528,KPL1,-7.38211565,0
216453,9826528,NCIH2122,34.99398612,1
216453,9826528,OVCAR3,-17.28322256,0
216453,9826528,T47D,-14.86371545,0
216453,9887053,A2780,-1.617463864,0
216453,9887053,EFM192B,-9.476911953,0
216453,9887053,ES2,-15.6629728,0
216453,9887053,HT144,-6.607703841,0
216453,9887053,KPL1,-3.102658609,0
216453,9887053,LNCAP,-47.54112621,0
216453,9887053,LOVO,-2.452649064,0
216453,9887053,MDAMB436,-5.750765641,0
216453,9887053,NCIH23,-0.428246271,0
216453,9887053,NCIH460,-14.91146278,0
216453,9887053,OV90,-9.179727273,0
216453,9887053,OVCAR3,-19.17660064,0
216453,9887053,PA1,-15.59762171,0
216453,9887053,RPMI7951,-1.767069666,0
216453,9887053,SW837,-7.328068519,0
216453,9887053,T47D,-22.10312984,0
216453,9887053,UACC62,-12.01542931,0
216453,11520894,A2058,46.45451741,1
216453,11520894,A2780,38.88260616,1
216453,11520894,A375,35.29503018,1
216453,11520894,A427,34.65111263,1
216453,11520894,CAOV3,34.4946645,1
216453,11520894,EFM192B,45.26333918,1
216453,11520894,HT144,40.54201311,1
216453,11520894,HT29,42.35166973,1
216453,11520894,KPL1,37.74392779,1
216453,11520894,LNCAP,54.39460903,1
216453,11520894,MDAMB436,34.19421959,1
216453,11520894,MSTO,44.80655134,1
216453,11520894,NCIH1650,41.86767898,1
216453,11520894,NCIH2122,39.990865,1
216453,11520894,NCIH520,43.73504997,1
216453,11520894,OCUBM,47.65133978,1
216453,11520894,OV90,35.90390591,1
216453,11520894,OVCAR3,39.05316644,1
216453,11520894,RKO,45.6577058,1
216453,11520894,RPMI7951,31.63901828,1
216453,11520894,SKMEL30,41.24719032,1
216453,11520894,SKMES1,30.66591236,1
216453,11520894,SKOV3,48.44299796,1
216453,11520894,SW837,30.8585163,1
216453,11520894,T47D,40.04916007,1
216453,11520894,UACC62,39.92569565,1
216453,11520894,UWB1289,50.98532887,1
216453,11520894,UWB1289BRCA1,43.38043018,1
216453,11520894,VCAP,51.97185783,1
216453,11520894,ZR751,31.46964042,1
216453,11960529,ES2,-6.633143708,0
216453,11960529,HT144,-5.051855266,0
216453,11960529,KPL1,-0.626628202,0
216453,11960529,MSTO,-1.895974778,0
216453,11960529,NCIH460,-3.151637368,0
216453,11960529,OVCAR3,-4.000461923,0
216453,11960529,RPMI7951,-3.68405123,0
216453,11960529,SKMES1,-1.066783145,0
216453,11960529,SW620,-3.519162882,0
216453,11960529,T47D,-17.30650985,0
216453,11960529,ZR751,-5.002761062,0
216453,11977753,A2058,33.03465929,1
216453,11977753,A375,49.11677734,1
216453,11977753,A427,34.3008476,1
216453,11977753,CAOV3,35.09678896,1
216453,11977753,COLO320DM,32.16481163,1
216453,11977753,HCT116,31.51439978,1
216453,11977753,HT144,35.9706855,1
216453,11977753,HT29,43.25882996,1
216453,11977753,LNCAP,73.09012501,1
216453,11977753,MDAMB436,30.49842585,1
216453,11977753,NCIH1650,35.86061966,1
216453,11977753,NCIH2122,34.39858584,1
216453,11977753,NCIH460,38.53944321,1
216453,11977753,NCIH520,32.73324095,1
216453,11977753,OV90,31.1769722,1
216453,11977753,PA1,36.41592958,1
216453,11977753,RKO,39.13736584,1
216453,11977753,SKMES1,31.13382529,1
216453,11977753,T47D,100.7168772,1
216453,11977753,UWB1289,35.20268826,1
216453,11977753,UWB1289BRCA1,36.08804377,1
216453,11977753,VCAP,36.2040566,1
216453,11977753,ZR751,30.20053617,1
216453,16224745,A2058,34.40433372,1
216453,16224745,HT144,-69.55298015,0
216453,16224745,KPL1,-4.502453403,0
216453,16224745,LNCAP,-69.91688569,0
216453,16224745,NCIH1650,-0.685812337,0
216453,16224745,NCIH2122,-8.437759166,0
216453,16224745,OVCAR3,-20.13894756,0
216453,16224745,SKMES1,-4.931175506,0
216453,16224745,SW837,-87.12752054,0
216453,16224745,T47D,-3.498935788,0
216453,16224745,UWB1289BRCA1,-4.694688832,0
216453,24748204,A427,31.11662341,1
216453,24748204,COLO320DM,-44.63630794,0
216453,24748204,EFM192B,-8.015258611,0
216453,24748204,KPL1,-2.596329697,0
216453,24748204,LNCAP,-48.41904865,0
216453,24748204,NCIH23,-0.014129706,0
216453,24748204,NCIH460,-0.231289186,0
216453,24748204,OVCAR3,-9.869982382,0
216453,24748204,PA1,42.3692131,1
216453,24748204,T47D,-9.012630935,0
216453,24748204,VCAP,-5.500935539,0
216453,24748204,ZR751,-10.64945264,0
216453,24856436,A427,-4.459675226,0
216453,24856436,NCIH1650,-0.488767614,0
216453,24856436,NCIH2122,-0.038740567,0
216453,24856436,PA1,-1.269594696,0
216453,24856436,T47D,-7.370101776,0
216453,24856436,UWB1289,56.65296547,1
216453,24958200,A2058,32.17033318,1
216453,24958200,CAOV3,-8.68991999,0
216453,24958200,HT144,-53.48177148,0
216453,24958200,KPL1,-4.967836373,0
216453,24958200,LNCAP,-73.61146513,0
216453,24958200,MSTO,-12.67266585,0
216453,24958200,SW837,-43.41334659,0
216453,24958200,ZR751,-0.415905426,0
216453,24964624,A2780,35.52529402,1
216453,24964624,A375,32.16353676,1
216453,24964624,A427,33.54284733,1
216453,24964624,CAOV3,60.49488599,1
216453,24964624,HT29,38.46365786,1
216453,24964624,KPL1,45.62393463,1
216453,24964624,OVCAR3,-3.797381078,0
216453,24964624,UWB1289,37.07742811,1
216453,24964624,UWB1289BRCA1,31.94441439,1
216453,46926350,MSTO,-7.165135344,0
216453,46926350,NCIH460,-3.66083253,0
216453,46926350,OVCAR3,-5.157480798,0
216453,46926350,PA1,-4.081307263,0
216453,46926350,SKMES1,-0.467078121,0
216453,46926350,SW837,-3.599934965,0
216453,46926350,T47D,-11.03031711,0
216453,46926350,ZR751,-0.617946794,0
387447,60700,A2058,-12.18818438,0
387447,60700,A2780,-2.587899735,0
387447,60700,A375,-52.78331514,0
387447,60700,A427,-0.005490045,0
387447,60700,CAOV3,-3.896399576,0
387447,60700,COLO320DM,-11.96534425,0
387447,60700,EFM192B,-23.44329872,0
387447,60700,ES2,-21.45833034,0
387447,60700,HCT116,-2.197618563,0
387447,60700,HT144,-5.68452805,0
387447,60700,HT29,-18.18157992,0
387447,60700,LNCAP,-16.8464289,0
387447,60700,NCIH1650,-37.35306375,0
387447,60700,NCIH2122,-8.776582069,0
387447,60700,NCIH23,-17.17711556,0
387447,60700,NCIH460,-33.81974983,0
387447,60700,NCIH520,-22.45005136,0
387447,60700,OCUBM,-8.481072636,0
387447,60700,OV90,-12.20427248,0
387447,60700,OVCAR3,-15.35002177,0
387447,60700,PA1,-13.78759597,0
387447,60700,RKO,-3.210901418,0
387447,60700,RPMI7951,-6.338895574,0
387447,60700,SKMEL30,-4.762114246,0
387447,60700,SKMES1,-28.94272555,0
387447,60700,SKOV3,-10.78558961,0
387447,60700,T47D,-0.682078892,0
387447,60700,UACC62,-1.498008886,0
387447,60700,UWB1289,-8.535184662,0
387447,60700,UWB1289BRCA1,-1.877482978,0
387447,60700,VCAP,-13.31920317,0
387447,60700,ZR751,-22.41353036,0
387447,104842,A2780,-22.74125359,0
387447,104842,A427,-9.759148724,0
387447,104842,CAOV3,-36.21089519,0
387447,104842,COLO320DM,-1.909821882,0
387447,104842,EFM192B,-1.816098959,0
387447,104842,ES2,-27.17578999,0
387447,104842,HT144,-5.167653185,0
387447,104842,HT29,-22.62474929,0
387447,104842,MSTO,64.75092073,1
387447,104842,NCIH1650,-17.35480308,0
387447,104842,NCIH2122,-3.170624804,0
387447,104842,NCIH23,-7.15582119,0
387447,104842,NCIH520,-36.06637464,0
387447,104842,OV90,-23.92654268,0
387447,104842,PA1,-22.38778664,0
387447,104842,RPMI7951,-14.95782149,0
387447,104842,SKMEL30,-13.02435125,0
387447,104842,SKMES1,-10.95026714,0
387447,104842,SKOV3,-11.00320161,0
387447,104842,SW620,-1.334621875,0
387447,104842,SW837,-5.738343875,0
387447,104842,T47D,-11.05282061,0
387447,104842,UACC62,-12.11596686,0
387447,104842,UWB1289,-23.34921213,0
387447,216239,A2780,-9.618158337,0
387447,216239,A375,-1.510791697,0
387447,216239,A427,-0.51958745,0
387447,216239,CAOV3,-32.20388168,0
387447,216239,COLO320DM,-19.26735704,0
387447,216239,DLD1,-1.744798895,0
387447,216239,EFM192B,-11.9380773,0
387447,216239,ES2,-23.74510742,0
387447,216239,HCT116,-4.896653257,0
387447,216239,HT144,-8.798393335,0
387447,216239,HT29,-14.24369719,0
387447,216239,KPL1,-5.81851023,0
387447,216239,LNCAP,-7.974840686,0
387447,216239,LOVO,-12.18622651,0
387447,216239,MDAMB436,-16.92885239,0
387447,216239,MSTO,-20.90589063,0
387447,216239,NCIH1650,-11.89760523,0
387447,216239,NCIH2122,-14.79454224,0
387447,216239,NCIH23,-10.49909452,0
387447,216239,NCIH460,-5.46597089,0
387447,216239,NCIH520,-21.3325054,0
387447,216239,OCUBM,-2.12519994,0
387447,216239,OV90,-12.67239461,0
387447,216239,OVCAR3,-27.50875818,0
387447,216239,PA1,-10.66376469,0
387447,216239,RKO,-2.631282431,0
387447,216239,RPMI7951,-20.15788074,0
387447,216239,SKMEL30,-3.118219504,0
387447,216239,SKMES1,-18.67537574,0
387447,216239,SW837,-4.021398572,0
387447,216239,T47D,-6.748286209,0
387447,216239,UACC62,-11.40104496,0
387447,216239,UWB1289,-9.939358624,0
387447,216239,UWB1289BRCA1,-9.004723472,0
387447,216239,VCAP,-20.68077486,0
387447,216239,ZR751,-27.04694572,0
387447,3062316,CAOV3,-2.12586358,0
387447,3062316,COLO320DM,-11.53186418,0
387447,3062316,HCT116,-9.217891277,0
387447,3062316,HT144,-13.58574463,0
387447,3062316,HT29,-4.76018466,0
387447,3062316,LNCAP,-24.84117669,0
387447,3062316,LOVO,38.26264078,1
387447,3062316,MSTO,101.8360377,1
387447,3062316,NCIH1650,-4.792095598,0
387447,3062316,NCIH2122,-44.78519575,0
387447,3062316,NCIH23,-203.7000358,0
387447,3062316,NCIH460,36.82935113,1
387447,3062316,NCIH520,-2.926807633,0
387447,3062316,OCUBM,-1.714288065,0
387447,3062316,OV90,-12.67982596,0
387447,3062316,PA1,-8.499866484,0
387447,3062316,SKMEL30,-11.63233672,0
387447,3062316,SKMES1,-10.15485192,0
387447,3062316,SKOV3,-16.71126553,0
387447,3062316,UACC62,-4.79626446,0
387447,3062316,UWB1289,-17.29039914,0
387447,3062316,UWB1289BRCA1,-1.535347509,0
387447,3062316,VCAP,-6.85515238,0
387447,3062316,ZR751,39.53908878,1
387447,5288382,A2058,-12.34475241,0
387447,5288382,A2780,-17.02476713,0
387447,5288382,CAOV3,-20.85491468,0
387447,5288382,DLD1,-6.082900755,0
387447,5288382,EFM192B,-15.58675869,0
387447,5288382,HCT116,-4.008197312,0
387447,5288382,HT144,-13.74556196,0
387447,5288382,HT29,-30.91418954,0
387447,5288382,KPL1,-13.38945178,0
387447,5288382,MSTO,50.83693548,1
387447,5288382,NCIH1650,-35.69315773,0
387447,5288382,NCIH2122,-25.06318521,0
387447,5288382,NCIH23,-41.08430335,0
387447,5288382,NCIH460,-19.40727362,0
387447,5288382,NCIH520,-56.43622674,0
387447,5288382,OCUBM,-1.422994097,0
387447,5288382,OV90,-24.82392367,0
387447,5288382,OVCAR3,-36.85741473,0
387447,5288382,RPMI7951,-8.300668844,0
387447,5288382,SKMEL30,-5.73759191,0
387447,5288382,SKMES1,-35.14950673,0
387447,5288382,SKOV3,-5.76096405,0
387447,5288382,SW620,-20.84675917,0
387447,5288382,SW837,-33.36509163,0
387447,5288382,T47D,-54.25105653,0
387447,5288382,UACC62,-45.52184568,0
387447,5288382,UWB1289,-55.58412712,0
387447,5288382,UWB1289BRCA1,-28.52349051,0
387447,5288382,VCAP,-3.415464665,0
387447,5288382,ZR751,-65.75981373,0
387447,9887053,A2780,-17.15707226,0
387447,9887053,A375,-14.39687901,0
387447,9887053,A427,-20.66192282,0
387447,9887053,CAOV3,-35.32046491,0
387447,9887053,COLO320DM,-9.670686254,0
387447,9887053,EFM192B,-10.91323151,0
387447,9887053,ES2,-18.17370489,0
387447,9887053,HCT116,-2.620694735,0
387447,9887053,HT144,-8.644649457,0
387447,9887053,HT29,-9.234353625,0
387447,9887053,LNCAP,-38.45014756,0
387447,9887053,LOVO,-12.43250146,0
387447,9887053,MDAMB436,-4.970604687,0
387447,9887053,MSTO,57.34722023,1
387447,9887053,NCIH1650,-19.20901352,0
387447,9887053,NCIH23,-16.01517651,0
387447,9887053,NCIH460,-32.03863619,0
387447,9887053,NCIH520,-25.48082813,0
387447,9887053,OV90,-21.923979,0
387447,9887053,OVCAR3,-5.494604694,0
387447,9887053,PA1,-32.6864961,0
387447,9887053,RPMI7951,-26.00293045,0
387447,9887053,SKMEL30,-1.604084876,0
387447,9887053,SKMES1,-34.93898042,0
387447,9887053,SW620,-1.770553895,0
387447,9887053,T47D,-37.74654365,0
387447,9887053,UACC62,-10.81822536,0
387447,9887053,UWB1289,-20.78255547,0
387447,9887053,UWB1289BRCA1,-6.065850335,0
387447,9887053,VCAP,-3.693664962,0
387447,9887053,ZR751,-30.64873194,0
387447,11520894,A2058,-6.295088843,0
387447,11520894,A375,-23.32659332,0
387447,11520894,A427,-2.704414265,0
387447,11520894,COLO320DM,-17.34464319,0
387447,11520894,HT144,-11.57656028,0
387447,11520894,HT29,-16.90233122,0
387447,11520894,KPL1,34.40381568,1
387447,11520894,MSTO,114.1798682,1
387447,11520894,NCIH1650,-12.13689924,0
387447,11520894,NCIH2122,37.59401095,1
387447,11520894,NCIH520,-26.76576926,0
387447,11520894,OV90,-2.306785862,0
387447,11520894,PA1,-4.287753991,0
387447,11520894,SKMES1,-13.9048135,0
387447,11520894,SKOV3,-2.419684565,0
387447,11520894,SW620,-2.606203184,0
387447,11520894,T47D,-11.06971667,0
387447,11520894,UACC62,-13.51387453,0
387447,11520894,UWB1289,-15.07240688,0
387447,11520894,ZR751,-0.305533088,0
387447,11960529,A2780,-7.797682304,0
387447,11960529,A427,-4.917174981,0
387447,11960529,COLO320DM,-13.57683179,0
387447,11960529,ES2,-2.230632319,0
387447,11960529,HT144,-2.168953777,0
387447,11960529,HT29,-15.42171027,0
387447,11960529,NCIH1650,-11.33553539,0
387447,11960529,NCIH23,-1.349348796,0
387447,11960529,NCIH520,-21.12397099,0
387447,11960529,OVCAR3,-1.306324328,0
387447,11960529,SKMEL30,-0.891900965,0
387447,11960529,SKMES1,-8.558738198,0
387447,11960529,SW837,-11.22651581,0
387447,11960529,T47D,-18.76073137,0
387447,11960529,UACC62,-7.514837482,0
387447,11960529,UWB1289,-11.61664795,0
387447,11960529,ZR751,-21.03920298,0
387447,11977753,CAOV3,-2.713845115,0
387447,11977753,COLO320DM,-4.774126039,0
387447,11977753,LNCAP,71.13581489,1
387447,11977753,MSTO,72.65026596,1
387447,11977753,NCIH1650,-11.10806125,0
387447,11977753,NCIH2122,-2.796461281,0
387447,11977753,NCIH520,-20.11544403,0
387447,11977753,OV90,-1.14269365,0
387447,11977753,OVCAR3,-5.125809948,0
387447,11977753,SKMES1,-0.268602953,0
387447,11977753,T47D,87.02122222,1
387447,11977753,UACC62,-3.01473291,0
387447,11977753,UWB1289,-11.45222996,0
387447,16224745,A2780,-12.22617953,0
387447,16224745,A427,-7.561743762,0
387447,16224745,CAOV3,-15.75781949,0
387447,16224745,COLO320DM,-29.64125734,0
387447,16224745,EFM192B,-4.1475822,0
387447,16224745,ES2,-33.73188195,0
387447,16224745,HT144,-167.5247327,0
387447,16224745,HT29,-18.4238796,0
387447,16224745,KPL1,-0.913838034,0
387447,16224745,LNCAP,-181.2876039,0
387447,16224745,LOVO,-3.359921649,0
387447,16224745,MDAMB436,-5.892559953,0
387447,16224745,NCIH1650,-22.29307766,0
387447,16224745,NCIH2122,-44.45731987,0
387447,16224745,NCIH23,-18.10129902,0
387447,16224745,NCIH520,-26.96549692,0
387447,16224745,OV90,-15.86483071,0
387447,16224745,OVCAR3,-15.33051891,0
387447,16224745,PA1,-4.615356542,0
387447,16224745,RKO,-1.102151952,0
387447,16224745,RPMI7951,-22.10843367,0
387447,16224745,SKMEL30,-11.38392655,0
387447,16224745,SKMES1,-29.32207731,0
387447,16224745,SKOV3,-16.16944838,0
387447,16224745,SW837,-194.361426,0
387447,16224745,T47D,-8.126399187,0
387447,16224745,UACC62,-14.22081134,0
387447,16224745,UWB1289,-26.30370985,0
387447,16224745,UWB1289BRCA1,-30.67570713,0
387447,16224745,ZR751,-25.92906309,0
387447,46926350,A2058,-20.0646923,0
387447,46926350,A2780,-27.63468162,0
387447,46926350,A375,-9.021721259,0
387447,46926350,A427,-13.08659913,0
387447,46926350,CAOV3,-23.1522558,0
387447,46926350,COLO320DM,-35.61378794,0
387447,46926350,DLD1,-8.513093383,0
387447,46926350,EFM192B,-17.77242153,0
387447,46926350,ES2,-29.55305764,0
387447,46926350,HCT116,-23.24848597,0
387447,46926350,HT144,-18.78198328,0
387447,46926350,HT29,-20.60522746,0
387447,46926350,KPL1,-3.155660255,0
387447,46926350,LNCAP,-10.75062215,0
387447,46926350,LOVO,-16.74289563,0
387447,46926350,MDAMB436,-21.86566212,0
387447,46926350,MSTO,-10.37374052,0
387447,46926350,NCIH1650,-36.35803272,0
387447,46926350,NCIH2122,-25.36699326,0
387447,46926350,NCIH23,-21.38269258,0
387447,46926350,NCIH460,-24.29165293,0
387447,46926350,NCIH520,-42.04754365,0
387447,46926350,OCUBM,-7.663905007,0
387447,46926350,OV90,-28.66736455,0
387447,46926350,OVCAR3,-29.3334622,0
387447,46926350,PA1,-17.48055749,0
387447,46926350,RKO,-17.38781674,0
387447,46926350,RPMI7951,-10.20828102,0
387447,46926350,SKMEL30,-11.61182111,0
387447,46926350,SKMES1,-33.42437027,0
387447,46926350,SKOV3,-32.0419469,0
387447,46926350,SW620,-17.56227003,0
387447,46926350,SW837,-33.78299517,0
387447,46926350,T47D,-30.84448292,0
387447,46926350,UACC62,-20.94367758,0
387447,46926350,UWB1289,-38.93730384,0
387447,46926350,UWB1289BRCA1,-21.87318412,0
387447,46926350,VCAP,-21.60681736,0
387447,46926350,ZR751,-28.27517706,0
426756,5311,A2058,-23.29399798,0
426756,5311,A427,-29.53116203,0
426756,5311,COLO320DM,-0.166464617,0
426756,5311,DLD1,-3.408634619,0
426756,5311,EFM192B,-4.784087207,0
426756,5311,ES2,-3.361711386,0
426756,5311,MSTO,-0.699256102,0
426756,5311,NCIH1650,-8.14993513,0
426756,5311,NCIH23,-20.82674627,0
426756,5311,NCIH520,-9.915142007,0
426756,5311,OCUBM,-13.66303184,0
426756,5311,OV90,-6.848438492,0
426756,5311,OVCAR3,-5.045484957,0
426756,5311,PA1,-13.32872094,0
426756,5311,RPMI7951,-4.760023907,0
426756,5311,SKMEL30,-1.237884744,0
426756,5311,SW620,-12.76253901,0
426756,5311,SW837,-0.824075768,0
426756,5311,T47D,39.85203418,1
426756,5311,ZR751,-3.942899532,0
426756,5394,A2058,-14.56298729,0
426756,5394,A2780,-2.742600075,0
426756,5394,A375,-20.91919522,0
426756,5394,A427,-11.57812003,0
426756,5394,CAOV3,-36.36116069,0
426756,5394,COLO320DM,-0.999442062,0
426756,5394,DLD1,-19.10162123,0
426756,5394,EFM192B,-30.62935068,0
426756,5394,ES2,-9.036404376,0
426756,5394,HCT116,-9.321668267,0
426756,5394,HT144,-33.50202799,0
426756,5394,HT29,-13.24835973,0
426756,5394,LNCAP,-42.80536021,0
426756,5394,MDAMB436,-2.212359892,0
426756,5394,MSTO,-24.53744741,0
426756,5394,NCIH1650,-35.00891969,0
426756,5394,NCIH2122,-18.42841882,0
426756,5394,NCIH23,-35.45029363,0
426756,5394,NCIH460,-33.16823411,0
426756,5394,NCIH520,-2.430803914,0
426756,5394,OCUBM,-10.9671359,0
426756,5394,OV90,-10.54687423,0
426756,5394,OVCAR3,-21.7482679,0
426756,5394,PA1,-7.948085197,0
426756,5394,RKO,-1.231125407,0
426756,5394,SKMES1,-10.69268337,0
426756,5394,SKOV3,-20.80908008,0
426756,5394,SW837,-27.05329304,0
426756,5394,T47D,-136.9097827,0
426756,5394,UACC62,-11.9998905,0
426756,5394,VCAP,-19.65881702,0
426756,5394,ZR751,-41.81727556,0
426756,176870,A2058,-7.666082701,0
426756,176870,DLD1,-6.264516549,0
426756,176870,EFM192B,-9.571818622,0
426756,176870,ES2,-5.581038758,0
426756,176870,HT144,-5.531550137,0
426756,176870,MSTO,-12.91358398,0
426756,176870,NCIH1650,-7.976512941,0
426756,176870,NCIH23,-11.59287646,0
426756,176870,NCIH520,-11.30191609,0
426756,176870,OV90,-11.56268319,0
426756,176870,PA1,-17.48724963,0
426756,176870,RPMI7951,-9.189800072,0
426756,176870,SKMEL30,-2.097137031,0
426756,176870,SKOV3,-7.411041211,0
426756,176870,SW620,-5.224596139,0
426756,176870,T47D,-27.82929323,0
426756,176870,VCAP,31.53383947,1
426756,176870,ZR751,31.16733832,1
426756,208908,A2058,-5.284885615,0
426756,208908,A427,-15.05626094,0
426756,208908,CAOV3,-2.549850481,0
426756,208908,DLD1,-1.438849987,0
426756,208908,ES2,-2.071941291,0
426756,208908,LNCAP,-31.01633863,0
426756,208908,MSTO,-22.36100988,0
426756,208908,NCIH1650,-3.912603388,0
426756,208908,NCIH2122,-4.695955319,0
426756,208908,NCIH23,-6.743798977,0
426756,208908,NCIH460,-21.721153,0
426756,208908,NCIH520,-6.657165866,0
426756,208908,OV90,-15.3343322,0
426756,208908,RKO,-5.360226105,0
426756,208908,SKMEL30,-15.19171246,0
426756,208908,SKOV3,-0.285454067,0
426756,208908,SW620,-11.09715062,0
426756,208908,T47D,-6.685440192,0
426756,208908,UWB1289,-4.716091803,0
426756,216239,A2058,-33.27180552,0
426756,216239,A2780,-13.54425066,0
426756,216239,A375,-7.882448899,0
426756,216239,A427,-1.501405371,0
426756,216239,CAOV3,-47.16109214,0
426756,216239,COLO320DM,-14.58716543,0
426756,216239,DLD1,-4.540249474,0
426756,216239,EFM192B,-32.08518594,0
426756,216239,ES2,-19.10266007,0
426756,216239,HCT116,-10.05745061,0
426756,216239,HT144,-6.389939162,0
426756,216239,HT29,-12.76639355,0
426756,216239,KPL1,-9.066176761,0
426756,216239,LNCAP,-15.39931953,0
426756,216239,LOVO,-20.72438161,0
426756,216239,MDAMB436,-23.04864922,0
426756,216239,MSTO,-9.988417928,0
426756,216239,NCIH1650,-11.71254948,0
426756,216239,NCIH2122,-13.31654234,0
426756,216239,NCIH23,-25.78553809,0
426756,216239,NCIH460,-16.76776281,0
426756,216239,NCIH520,-3.270890723,0
426756,216239,OCUBM,-7.830975458,0
426756,216239,OV90,-14.73537115,0
426756,216239,OVCAR3,-35.35980954,0
426756,216239,PA1,-13.75971558,0
426756,216239,RKO,-4.726102732,0
426756,216239,RPMI7951,-36.57187788,0
426756,216239,SKMEL30,-2.38363499,0
426756,216239,SKMES1,-8.095838601,0
426756,216239,SKOV3,-21.48554066,0
426756,216239,SW620,-15.74352148,0
426756,216239,SW837,-12.04613895,0
426756,216239,T47D,-17.01062835,0
426756,216239,UACC62,-12.10473557,0
426756,216239,UWB1289,-9.218621727,0
426756,216239,UWB1289BRCA1,-16.03990738,0
426756,216239,VCAP,-3.848787748,0
426756,216239,ZR751,-24.46010539,0
426756,216453,A375,-2.301953733,0
426756,216453,CAOV3,-6.064886487,0
426756,216453,COLO320DM,-4.154962869,0
426756,216453,DLD1,-3.181728309,0
426756,216453,EFM192B,-13.5446877,0
426756,216453,ES2,-2.806642966,0
426756,216453,HCT116,-7.790459361,0
426756,216453,HT144,-7.339121505,0
426756,216453,KPL1,-8.643088451,0
426756,216453,LNCAP,-3.925631977,0
426756,216453,MDAMB436,-0.006106315,0
426756,216453,MSTO,-17.33426569,0
426756,216453,NCIH1650,-15.02989012,0
426756,216453,NCIH460,-7.656799859,0
426756,216453,NCIH520,-2.773454552,0
426756,216453,OV90,-0.159034866,0
426756,216453,OVCAR3,-28.37266333,0
426756,216453,PA1,-4.684948406,0
426756,216453,RPMI7951,-7.578800232,0
426756,216453,SKMEL30,-4.103852167,0
426756,216453,SKOV3,-1.550855541,0
426756,216453,SW620,-13.83402497,0
426756,216453,SW837,-2.40733831,0
426756,216453,T47D,-31.79073985,0
426756,216453,UACC62,-9.772898473,0
426756,216453,UWB1289BRCA1,-0.68206213,0
426756,387447,A2058,-15.81349783,0
426756,387447,A2780,-18.20108583,0
426756,387447,A427,-7.195475802,0
426756,387447,CAOV3,-43.53796854,0
426756,387447,COLO320DM,-5.959322977,0
426756,387447,EFM192B,-15.8477608,0
426756,387447,ES2,-15.74418934,0
426756,387447,HT29,-14.87691148,0
426756,387447,LNCAP,-37.4313717,0
426756,387447,MSTO,61.6441241,1
426756,387447,NCIH1650,-19.43807637,0
426756,387447,NCIH23,-13.66824762,0
426756,387447,NCIH460,-4.633031103,0
426756,387447,NCIH520,-33.80801207,0
426756,387447,OCUBM,-2.983426116,0
426756,387447,OV90,-3.815011922,0
426756,387447,OVCAR3,-19.53073488,0
426756,387447,PA1,-26.80019025,0
426756,387447,RPMI7951,-20.36941743,0
426756,387447,SKMEL30,-1.493747636,0
426756,387447,SKMES1,-20.60228195,0
426756,387447,SKOV3,-19.2884252,0
426756,387447,T47D,-49.58871529,0
426756,387447,UACC62,-10.78724735,0
426756,387447,UWB1289,-36.03757421,0
426756,387447,UWB1289BRCA1,-10.43453137,0
426756,387447,VCAP,-10.81324567,0
426756,387447,ZR751,30.4483021,1
426756,3062316,A2058,36.55631235,1
426756,3062316,A2780,63.0464369,1
426756,3062316,A427,32.28492491,1
426756,3062316,DLD1,-0.197079177,0
426756,3062316,HCT116,-31.47329527,0
426756,3062316,HT144,-29.28648393,0
426756,3062316,LNCAP,-6.06132707,0
426756,3062316,LOVO,42.00388849,1
426756,3062316,MSTO,57.59637034,1
426756,3062316,NCIH1650,31.87699816,1
426756,3062316,NCIH2122,-68.82801598,0
426756,3062316,NCIH520,37.28491173,1
426756,3062316,OV90,-1.408698774,0
426756,3062316,OVCAR3,76.83615454,1
426756,3062316,SKMEL30,-27.09030659,0
426756,3062316,SKOV3,-8.514250008,0
426756,3062316,T47D,-33.14228116,0
426756,5288382,A427,-7.396824764,0
426756,5288382,EFM192B,-14.69971241,0
426756,5288382,HT144,-1.214146938,0
426756,5288382,HT29,-14.20824045,0
426756,5288382,KPL1,-6.14808973,0
426756,5288382,LNCAP,-5.863142598,0
426756,5288382,LOVO,-1.086357681,0
426756,5288382,MSTO,-7.310020455,0
426756,5288382,NCIH1650,-17.17816444,0
426756,5288382,NCIH2122,-13.82894409,0
426756,5288382,NCIH23,-14.84048435,0
426756,5288382,NCIH460,-10.29219948,0
426756,5288382,NCIH520,-5.174296883,0
426756,5288382,OV90,-11.74914405,0
426756,5288382,OVCAR3,-4.117966198,0
426756,5288382,PA1,-8.021660165,0
426756,5288382,RPMI7951,-5.78365295,0
426756,5288382,SKMEL30,37.29371495,1
426756,5288382,SKMES1,-7.937660565,0
426756,5288382,SKOV3,-37.33862208,0
426756,5288382,SW620,-24.43476091,0
426756,5288382,SW837,-20.87283103,0
426756,5288382,T47D,-71.20630142,0
426756,5288382,UACC62,-9.669846923,0
426756,5288382,UWB1289BRCA1,-25.36372552,0
426756,5288382,ZR751,-34.84951104,0
426756,5329102,A2058,-8.820303158,0
426756,5329102,EFM192B,-4.372566576,0
426756,5329102,LNCAP,-9.491926778,0
426756,5329102,MSTO,-3.78948314,0
426756,5329102,NCIH2122,-0.492154552,0
426756,5329102,NCIH23,-10.18796425,0
426756,5329102,PA1,-8.451488623,0
426756,5329102,RPMI7951,-17.91324141,0
426756,5329102,SKMEL30,-5.528383663,0
426756,5329102,SKOV3,-3.569954283,0
426756,5329102,SW837,-12.85046281,0
426756,5329102,T47D,-14.48081501,0
426756,9826528,A2058,-31.64625021,0
426756,9826528,A427,-18.11821222,0
426756,9826528,ES2,-3.513719197,0
426756,9826528,HCT116,-1.166006656,0
426756,9826528,HT29,-11.69085555,0
426756,9826528,LNCAP,-43.48359364,0
426756,9826528,LOVO,-0.555141023,0
426756,9826528,MSTO,-3.140336026,0
426756,9826528,NCIH2122,-11.1190136,0
426756,9826528,NCIH520,-5.35572884,0
426756,9826528,OVCAR3,-4.533271388,0
426756,9826528,PA1,-16.56370455,0
426756,9826528,RPMI7951,-0.679702412,0
426756,9826528,SKMEL30,-19.4100816,0
426756,9826528,SKMES1,-32.5297219,0
426756,9826528,SKOV3,-8.476769503,0
426756,9826528,SW620,-17.20620842,0
426756,9826528,SW837,-21.7294747,0
426756,9826528,T47D,-27.46159368,0
426756,9826528,UACC62,-0.949337012,0
426756,9826528,UWB1289BRCA1,-1.411150826,0
426756,9826528,ZR751,-22.47486626,0
426756,11520894,DLD1,-0.299593638,0
426756,11520894,EFM192B,41.00109484,1
426756,11520894,KPL1,51.64067036,1
426756,11520894,OCUBM,32.00567581,1
426756,11520894,RKO,35.52026131,1
426756,11520894,SKMEL30,38.98004749,1
426756,11520894,T47D,-30.60922974,0
426756,11520894,VCAP,37.00291381,1
426756,11960529,A427,-9.082147286,0
426756,11960529,CAOV3,-1.505182868,0
426756,11960529,ES2,-6.650363949,0
426756,11960529,LNCAP,-27.49041399,0
426756,11960529,NCIH1650,-2.527151964,0
426756,11960529,NCIH23,-2.141383183,0
426756,11960529,NCIH520,-5.628367695,0
426756,11960529,OCUBM,39.46694008,1
426756,11960529,OV90,-5.317817347,0
426756,11960529,OVCAR3,-14.53498044,0
426756,11960529,RKO,30.1128109,1
426756,11960529,RPMI7951,-12.84212961,0
426756,11960529,SKMES1,-3.474836046,0
426756,11960529,SKOV3,-0.549431143,0
426756,11960529,SW837,-8.487630561,0
426756,11960529,T47D,-72.75826409,0
426756,11960529,UWB1289,-9.751659594,0
426756,11960529,UWB1289BRCA1,-10.63142524,0
426756,11977753,A2058,-6.074527607,0
426756,11977753,A375,61.59260176,1
426756,11977753,HCT116,35.44634659,1
426756,11977753,HT29,33.24999869,1
426756,11977753,LNCAP,51.33644168,1
426756,11977753,LOVO,30.01072674,1
426756,11977753,NCIH23,42.18142697,1
426756,11977753,NCIH460,62.99607998,1
426756,11977753,SKMEL30,34.989681,1
426756,11977753,SKOV3,-6.232224846,0
426756,11977753,T47D,107.9732847,1
426756,11977753,UACC62,30.80556593,1
426756,16224745,A2058,32.69822782,1
426756,16224745,CAOV3,35.154463,1
426756,16224745,DLD1,-5.033318805,0
426756,16224745,EFM192B,33.14624389,1
426756,16224745,LNCAP,-10.55765057,0
426756,16224745,MSTO,-3.499512748,0
426756,16224745,NCIH2122,-12.78607476,0
426756,16224745,OCUBM,37.76332606,1
426756,16224745,OVCAR3,46.47558852,1
426756,16224745,PA1,-0.305269716,0
426756,16224745,RPMI7951,-4.079684984,0
426756,16224745,SKMEL30,39.09045434,1
426756,16224745,SKMES1,-5.031923251,0
426756,16224745,SW620,-3.851474053,0
426756,16224745,SW837,-9.382041201,0
426756,16224745,T47D,-51.43911997,0
426756,16224745,UWB1289,-3.949621243,0
426756,16224745,UWB1289BRCA1,-8.228608413,0
426756,24748204,A2058,-20.01384213,0
426756,24748204,A427,-11.41444606,0
426756,24748204,CAOV3,-20.16584465,0
426756,24748204,COLO320DM,-1.211424724,0
426756,24748204,DLD1,-2.525171863,0
426756,24748204,EFM192B,-11.56481591,0
426756,24748204,LNCAP,-39.25299902,0
426756,24748204,LOVO,-6.419117723,0
426756,24748204,NCIH1650,-11.55129095,0
426756,24748204,NCIH2122,-10.4698957,0
426756,24748204,NCIH460,-17.53249021,0
426756,24748204,NCIH520,-16.66840556,0
426756,24748204,OCUBM,-1.755799527,0
426756,24748204,OV90,-9.179406103,0
426756,24748204,OVCAR3,-16.51897059,0
426756,24748204,RPMI7951,-6.509124445,0
426756,24748204,SKMES1,-9.324557536,0
426756,24748204,SW837,-15.75843953,0
426756,24748204,UACC62,-4.110728644,0
426756,24748204,UWB1289BRCA1,-5.961142495,0
426756,24856436,DLD1,-5.434746683,0
426756,24856436,LNCAP,-4.760845757,0
426756,24856436,MSTO,-7.713255136,0
426756,24856436,NCIH2122,-2.855947822,0
426756,24856436,NCIH23,-8.638057918,0
426756,24856436,NCIH520,-0.652269083,0
426756,24856436,OV90,-6.175086086,0
426756,24856436,OVCAR3,43.82447818,1
426756,24856436,SW620,-5.326798928,0
426756,24856436,T47D,-6.150639911,0
426756,24856436,UWB1289,70.15141306,1
426756,24856436,VCAP,-0.966999032,0
426756,24856436,ZR751,-5.660102576,0
426756,24958200,A427,-4.16591827,0
426756,24958200,CAOV3,-0.910421226,0
426756,24958200,DLD1,-10.95666922,0
426756,24958200,ES2,-11.78191068,0
426756,24958200,LNCAP,-12.05081525,0
426756,24958200,LOVO,-12.1726948,0
426756,24958200,MSTO,-6.03105686,0
426756,24958200,NCIH23,-7.487608923,0
426756,24958200,OV90,-9.005526846,0
426756,24958200,PA1,-1.424009821,0
426756,24958200,RPMI7951,-0.31620399,0
426756,24958200,SKMES1,-0.015143814,0
426756,24958200,SW837,-18.40104179,0
426756,24958200,T47D,-45.05215893,0
426756,24958200,UACC62,-3.091508635,0
426756,24958200,ZR751,-4.787798221,0
426756,24964624,CAOV3,46.60076664,1
426756,24964624,DLD1,-4.415779226,0
426756,24964624,EFM192B,-37.69588947,0
426756,24964624,ES2,-2.104279801,0
426756,24964624,HCT116,34.11266685,1
426756,24964624,LNCAP,-31.20332341,0
426756,24964624,LOVO,-11.79848688,0
426756,24964624,MSTO,-16.99096249,0
426756,24964624,NCIH2122,-1.573056126,0
426756,24964624,NCIH23,-6.460278074,0
426756,24964624,NCIH520,-5.34689033,0
426756,24964624,OCUBM,-24.81371048,0
426756,24964624,OV90,-1.587902966,0
426756,24964624,OVCAR3,-16.21619077,0
426756,24964624,RKO,35.34757486,1
426756,24964624,SKMES1,-0.21728732,0
426756,24964624,SKOV3,-10.92221268,0
426756,24964624,SW837,-2.426845304,0
426756,24964624,T47D,-43.91738999,0
426756,24964624,VCAP,-4.833249795,0
426756,24964624,ZR751,-15.41671552,0
426756,46926350,A2058,-19.95747162,0
426756,46926350,A2780,-1.841154546,0
426756,46926350,A427,-10.53552869,0
426756,46926350,CAOV3,-24.82670415,0
426756,46926350,COLO320DM,-5.205674417,0
426756,46926350,DLD1,-8.327349752,0
426756,46926350,EFM192B,-15.91833179,0
426756,46926350,ES2,-11.29425912,0
426756,46926350,HCT116,-9.065488124,0
426756,46926350,HT144,-3.090013319,0
426756,46926350,HT29,-6.729760429,0
426756,46926350,KPL1,-12.7052747,0
426756,46926350,LOVO,-2.044819159,0
426756,46926350,MSTO,-15.38971734,0
426756,46926350,NCIH1650,-5.246602943,0
426756,46926350,NCIH2122,-6.47054898,0
426756,46926350,NCIH23,-11.78334128,0
426756,46926350,NCIH460,-6.259301849,0
426756,46926350,NCIH520,-17.96937542,0
426756,46926350,OCUBM,-0.958303272,0
426756,46926350,OV90,-18.91682886,0
426756,46926350,OVCAR3,-15.04866023,0
426756,46926350,PA1,-7.033524665,0
426756,46926350,RPMI7951,-8.876754993,0
426756,46926350,SKMEL30,-9.932358999,0
426756,46926350,SKMES1,-6.581484315,0
426756,46926350,SKOV3,-27.09062181,0
426756,46926350,SW620,-6.377867155,0
426756,46926350,SW837,-15.4178226,0
426756,46926350,T47D,-76.6840883,0
426756,46926350,UWB1289,-6.597758039,0
426756,46926350,UWB1289BRCA1,-10.01199663,0
426756,46926350,VCAP,-4.684342044,0
426756,46926350,ZR751,-9.821462401,0
3062316,60700,A2780,33.44677757,1
3062316,60700,A375,-2.776096294,0
3062316,60700,A427,57.6444937,1
3062316,60700,COLO320DM,-1.015883923,0
3062316,60700,DLD1,-0.419867823,0
3062316,60700,EFM192B,-0.799896301,0
3062316,60700,ES2,-15.04850207,0
3062316,60700,HT144,-31.7610064,0
3062316,60700,MDAMB436,-1.463668701,0
3062316,60700,MSTO,35.84331315,1
3062316,60700,NCIH2122,-29.80506527,0
3062316,60700,NCIH23,-14.48832753,0
3062316,60700,NCIH460,-27.42383273,0
3062316,60700,NCIH520,62.19001366,1
3062316,60700,OVCAR3,58.23643741,1
3062316,60700,SKMEL30,-18.64284517,0
3062316,60700,SKMES1,-19.58670156,0
3062316,60700,SW620,51.34207805,1
3062316,60700,UACC62,-13.96532217,0
3062316,60700,ZR751,-0.046731686,0
3062316,104842,A2058,34.01496226,1
3062316,104842,A2780,74.36260912,1
3062316,104842,HT144,-8.464701365,0
3062316,104842,LNCAP,-11.84251921,0
3062316,104842,LOVO,39.68598911,1
3062316,104842,MSTO,89.08812266,1
3062316,104842,NCIH1650,35.80399235,1
3062316,104842,NCIH2122,-29.04323059,0
3062316,104842,NCIH520,47.29077303,1
3062316,104842,OVCAR3,94.66059386,1
3062316,104842,PA1,35.56567163,1
3062316,104842,SKMEL30,-11.11532941,0
3062316,104842,SW620,30.3963556,1
3062316,104842,SW837,36.39944491,1
3062316,104842,T47D,40.41995678,1
3062316,104842,VCAP,31.3949814,1
3062316,104842,ZR751,-4.675033726,0
3062316,216239,A2058,36.32943556,1
3062316,216239,MSTO,-17.64735276,0
3062316,216239,NCIH520,30.51259643,1
3062316,216239,SKMEL30,-17.45443374,0
3062316,216239,SKMES1,-5.190580664,0
3062316,5288382,A2058,-6.112381722,0
3062316,5288382,A2780,36.06922119,1
3062316,5288382,A375,47.07251276,1
3062316,5288382,CAOV3,-24.22489573,0
3062316,5288382,COLO320DM,-3.683023071,0
3062316,5288382,EFM192B,44.96408811,1
3062316,5288382,ES2,-5.742383223,0
3062316,5288382,HCT116,32.12280936,1
3062316,5288382,HT144,-55.13889756,0
3062316,5288382,HT29,31.18587051,1
3062316,5288382,LNCAP,65.54190601,1
3062316,5288382,MSTO,90.46363381,1
3062316,5288382,NCIH1650,52.49632011,1
3062316,5288382,NCIH2122,-5.772702014,0
3062316,5288382,NCIH23,33.69553393,1
3062316,5288382,OVCAR3,32.7740719,1
3062316,5288382,SKMEL30,-22.05733284,0
3062316,5288382,SKMES1,32.96730514,1
3062316,5288382,SW837,31.32391017,1
3062316,5288382,T47D,-1.787261036,0
3062316,5288382,UACC62,-19.75905096,0
3062316,5288382,UWB1289,-11.91698228,0
3062316,5288382,UWB1289BRCA1,-23.44695444,0
3062316,5288382,ZR751,-23.64692556,0
3062316,9887053,A375,-13.40345779,0
3062316,9887053,COLO320DM,-8.133914307,0
3062316,9887053,DLD1,-11.93451369,0
3062316,9887053,ES2,-24.89503753,0
3062316,9887053,HCT116,-25.15967665,0
3062316,9887053,HT144,-60.76404898,0
3062316,9887053,KPL1,-3.179126892,0
3062316,9887053,MDAMB436,-17.06662765,0
3062316,9887053,MSTO,43.90040463,1
3062316,9887053,NCIH2122,-61.8275678,0
3062316,9887053,NCIH23,-23.76712751,0
3062316,9887053,NCIH460,-30.16387668,0
3062316,9887053,OCUBM,-3.198507049,0
3062316,9887053,OV90,-23.48921597,0
3062316,9887053,OVCAR3,49.51983657,1
3062316,9887053,RKO,-4.436224008,0
3062316,9887053,RPMI7951,-4.231082651,0
3062316,9887053,SKMEL30,-14.07237812,0
3062316,9887053,SKMES1,-2.611678336,0
3062316,9887053,T47D,-16.1681578,0
3062316,9887053,UACC62,-24.48169264,0
3062316,9887053,UWB1289BRCA1,-2.883528444,0
3062316,9887053,VCAP,-12.69564219,0
3062316,11520894,A2058,84.44534771,1
3062316,11520894,A2780,98.67657525,1
3062316,11520894,A375,59.73889523,1
3062316,11520894,A427,48.60369186,1
3062316,11520894,DLD1,37.92892963,1
3062316,11520894,EFM192B,51.97721788,1
3062316,11520894,ES2,35.70094507,1
3062316,11520894,HCT116,-18.70635478,0
3062316,11520894,HT144,-11.91084118,0
3062316,11520894,HT29,58.36220417,1
3062316,11520894,KPL1,50.60157143,1
3062316,11520894,LOVO,56.92641316,1
3062316,11520894,MDAMB436,47.52944836,1
3062316,11520894,MSTO,113.1061478,1
3062316,11520894,NCIH1650,44.66867203,1
3062316,11520894,NCIH2122,-40.14701598,0
3062316,11520894,NCIH23,56.75221701,1
3062316,11520894,NCIH460,39.81920777,1
3062316,11520894,NCIH520,73.28046519,1
3062316,11520894,OV90,54.93310811,1
3062316,11520894,OVCAR3,75.92298423,1
3062316,11520894,PA1,-7.457147151,0
3062316,11520894,RKO,58.27169161,1
3062316,11520894,RPMI7951,54.7248702,1
3062316,11520894,SW620,45.55292089,1
3062316,11520894,SW837,51.55723616,1
3062316,11520894,T47D,54.01528824,1
3062316,11520894,UWB1289BRCA1,-2.761816345,0
3062316,11520894,VCAP,52.51983895,1
3062316,11960529,A2780,40.28481032,1
3062316,11960529,EFM192B,38.97848322,1
3062316,11960529,HCT116,-20.07587466,0
3062316,11960529,HT144,-15.59125746,0
3062316,11960529,MSTO,95.96490103,1
3062316,11960529,NCIH2122,-46.36721793,0
3062316,11960529,OCUBM,-0.9232923,0
3062316,11960529,OVCAR3,56.54903337,1
3062316,11960529,RKO,-11.54700146,0
3062316,11960529,SKMEL30,-27.18860154,0
3062316,11960529,T47D,-14.32665176,0
3062316,11960529,ZR751,-15.68714113,0
3062316,11977753,A2058,70.18047839,1
3062316,11977753,A2780,70.18079056,1
3062316,11977753,A375,64.92870443,1
3062316,11977753,A427,73.63375761,1
3062316,11977753,CAOV3,42.77143229,1
3062316,11977753,DLD1,46.99172077,1
3062316,11977753,EFM192B,59.40809968,1
3062316,11977753,HCT116,56.53418947,1
3062316,11977753,HT29,38.47714415,1
3062316,11977753,KPL1,36.77448459,1
3062316,11977753,LNCAP,106.5608575,1
3062316,11977753,LOVO,49.58537842,1
3062316,11977753,MDAMB436,47.9805984,1
3062316,11977753,MSTO,65.61774831,1
3062316,11977753,NCIH1650,63.5705615,1
3062316,11977753,NCIH23,58.28804452,1
3062316,11977753,NCIH460,80.69566922,1
3062316,11977753,NCIH520,60.14042907,1
3062316,11977753,OCUBM,34.59425843,1
3062316,11977753,OV90,46.79932479,1
3062316,11977753,OVCAR3,89.80020459,1
3062316,11977753,PA1,33.93629876,1
3062316,11977753,RKO,34.95048098,1
3062316,11977753,RPMI7951,39.40212291,1
3062316,11977753,SKMEL30,34.11083944,1
3062316,11977753,SKMES1,36.13155243,1
3062316,11977753,SKOV3,40.89812387,1
3062316,11977753,SW620,59.52088474,1
3062316,11977753,SW837,82.68758365,1
3062316,11977753,T47D,169.7166583,1
3062316,11977753,UACC62,38.85407314,1
3062316,11977753,VCAP,47.2309885,1
3062316,16224745,A2058,56.6710871,1
3062316,16224745,A2780,69.69484662,1
3062316,16224745,A375,106.2906404,1
3062316,16224745,A427,78.39036702,1
3062316,16224745,CAOV3,34.99629326,1
3062316,16224745,EFM192B,55.50004581,1
3062316,16224745,HT29,46.89219019,1
3062316,16224745,KPL1,38.42459009,1
3062316,16224745,LNCAP,36.67144953,1
3062316,16224745,LOVO,39.55692692,1
3062316,16224745,MDAMB436,32.80019709,1
3062316,16224745,MSTO,81.67940849,1
3062316,16224745,NCIH1650,42.61535213,1
3062316,16224745,NCIH2122,-35.7604814,0
3062316,16224745,NCIH23,47.52933073,1
3062316,16224745,NCIH460,43.00839655,1
3062316,16224745,NCIH520,57.29755945,1
3062316,16224745,OCUBM,40.09040906,1
3062316,16224745,OVCAR3,74.00840623,1
3062316,16224745,PA1,32.51850585,1
3062316,16224745,RKO,45.41291221,1
3062316,16224745,SW620,54.12601608,1
3062316,16224745,UACC62,38.13487615,1
3062316,16224745,UWB1289,-9.536377617,0
3062316,16224745,UWB1289BRCA1,-24.06333589,0
3062316,16224745,VCAP,34.84155261,1
3062316,46926350,A2058,48.91716359,1
3062316,46926350,EFM192B,47.24556346,1
3062316,46926350,HCT116,-0.310984996,0
3062316,46926350,LNCAP,58.06515215,1
3062316,46926350,MSTO,57.13086584,1
3062316,46926350,NCIH2122,-22.61659214,0
3062316,46926350,NCIH23,33.30649066,1
3062316,46926350,OVCAR3,59.9755103,1
3062316,46926350,SKMES1,-0.393732274,0
3062316,46926350,SKOV3,-12.88273056,0
3062316,46926350,UACC62,30.660164,1
3062316,46926350,UWB1289,-1.957601948,0
3062316,46926350,ZR751,-17.04907589,0
5288382,60700,A2780,-1.700187674,0
5288382,60700,A375,-16.3920222,0
5288382,60700,CAOV3,-2.912022437,0
5288382,60700,EFM192B,-16.56625305,0
5288382,60700,HCT116,-1.188891298,0
5288382,60700,HT144,-1.170588908,0
5288382,60700,HT29,-2.196506457,0
5288382,60700,LNCAP,-5.369615006,0
5288382,60700,LOVO,-5.569631965,0
5288382,60700,MDAMB436,-1.484816029,0
5288382,60700,MSTO,-14.63725658,0
5288382,60700,NCIH1650,-15.30165422,0
5288382,60700,NCIH2122,-6.216653629,0
5288382,60700,NCIH23,-17.97647101,0
5288382,60700,NCIH460,-23.95784414,0
5288382,60700,OV90,-8.437739934,0
5288382,60700,PA1,-11.22419818,0
5288382,60700,RKO,-10.70715216,0
5288382,60700,RPMI7951,-2.583781052,0
5288382,60700,SKMEL30,48.38401733,1
5288382,60700,SKMES1,-15.97279372,0
5288382,60700,SKOV3,-2.276912987,0
5288382,60700,UACC62,-9.436397961,0
5288382,104842,ES2,-3.700456762,0
5288382,104842,HT29,-3.8519533,0
5288382,104842,LNCAP,33.95907446,1
5288382,104842,LOVO,-18.13081596,0
5288382,104842,MSTO,-6.443313455,0
5288382,104842,OV90,-2.638315986,0
5288382,104842,OVCAR3,68.46338668,1
5288382,104842,RPMI7951,-2.070346623,0
5288382,104842,SKMEL30,38.26844823,1
5288382,104842,SKOV3,-12.02502079,0
5288382,104842,SW620,-1.370646685,0
5288382,104842,UACC62,-7.316655441,0
5288382,104842,VCAP,-0.826332506,0
5288382,104842,ZR751,-8.55058823,0
5288382,216239,A2780,-8.927535094,0
5288382,216239,CAOV3,-4.477458483,0
5288382,216239,EFM192B,-4.707884807,0
5288382,216239,HT144,-0.575324429,0
5288382,216239,HT29,-4.474906683,0
5288382,216239,KPL1,-4.067597152,0
5288382,216239,LNCAP,-6.892392724,0
5288382,216239,LOVO,-8.422196512,0
5288382,216239,MDAMB436,-17.59525207,0
5288382,216239,MSTO,-43.62177115,0
5288382,216239,NCIH1650,-4.607045057,0
5288382,216239,NCIH23,-0.314813933,0
5288382,216239,NCIH460,-1.452244971,0
5288382,216239,OV90,-5.189856146,0
5288382,216239,OVCAR3,-32.68314045,0
5288382,216239,RKO,-4.608155422,0
5288382,216239,RPMI7951,-11.75896295,0
5288382,216239,SKMEL30,-1.793855383,0
5288382,216239,SKMES1,-13.59548446,0
5288382,216239,SKOV3,-3.190399936,0
5288382,216239,SW620,-10.96608563,0
5288382,216239,SW837,-5.25362457,0
5288382,216239,UWB1289BRCA1,-11.71866295,0
5288382,216239,VCAP,-13.33651052,0
5288382,216239,ZR751,-17.09555794,0
5288382,9887053,A2780,-4.574264625,0
5288382,9887053,A375,-8.069874153,0
5288382,9887053,CAOV3,-6.419299337,0
5288382,9887053,COLO320DM,-2.683047865,0
5288382,9887053,EFM192B,-19.21107942,0
5288382,9887053,ES2,-26.81921548,0
5288382,9887053,HT144,-10.33252131,0
5288382,9887053,HT29,-4.167884355,0
5288382,9887053,LNCAP,-64.20722083,0
5288382,9887053,LOVO,-24.37481524,0
5288382,9887053,NCIH1650,-15.35308599,0
5288382,9887053,NCIH23,-15.15007571,0
5288382,9887053,NCIH460,-9.523011659,0
5288382,9887053,NCIH520,-0.455778707,0
5288382,9887053,OV90,-11.53351607,0
5288382,9887053,PA1,-40.18357728,0
5288382,9887053,RKO,-0.314569654,0
5288382,9887053,RPMI7951,-9.974522282,0
5288382,9887053,SKMES1,-2.709265909,0
5288382,9887053,SKOV3,-4.267788402,0
5288382,9887053,SW620,-13.60640049,0
5288382,9887053,SW837,-5.951312795,0
5288382,9887053,T47D,-37.34066605,0
5288382,9887053,UACC62,-24.58577099,0
5288382,9887053,UWB1289,-8.772972219,0
5288382,9887053,UWB1289BRCA1,-23.49322203,0
5288382,9887053,VCAP,-3.145967729,0
5288382,9887053,ZR751,-8.50721665,0
5288382,11977753,A2058,34.57333585,1
5288382,11977753,COLO320DM,30.65561173,1
5288382,11977753,EFM192B,-0.044183027,0
5288382,11977753,HCT116,35.76379658,1
5288382,11977753,HT144,45.48122797,1
5288382,11977753,LNCAP,107.6222417,1
5288382,11977753,NCIH460,34.03656802,1
5288382,11977753,OVCAR3,-7.142892435,0
5288382,11977753,RPMI7951,-3.235888022,0
5288382,11977753,SKMEL30,48.27593907,1
5288382,11977753,SKMES1,45.63680144,1
5288382,11977753,SKOV3,-1.111587344,0
5288382,11977753,T47D,155.3899654,1
5288382,16224745,A2058,51.41963491,1
5288382,16224745,EFM192B,-3.435336394,0
5288382,16224745,HCT116,30.28012904,1
5288382,16224745,HT144,-198.6874066,0
5288382,16224745,HT29,-3.556540507,0
5288382,16224745,KPL1,-2.26846652,0
5288382,16224745,LNCAP,-105.3544017,0
5288382,16224745,MSTO,-36.80066992,0
5288382,16224745,NCIH1650,-0.880216531,0
5288382,16224745,NCIH2122,-17.72773735,0
5288382,16224745,NCIH23,-11.01680765,0
5288382,16224745,OV90,-6.587359461,0
5288382,16224745,OVCAR3,-19.67567254,0
5288382,16224745,RKO,32.13845443,1
5288382,16224745,RPMI7951,-4.989611748,0
5288382,16224745,SKMEL30,37.16106996,1
5288382,16224745,SKMES1,-23.43171311,0
5288382,16224745,SKOV3,-31.75296787,0
5288382,16224745,SW620,-6.888644012,0
5288382,16224745,SW837,-184.7983901,0
5288382,16224745,T47D,-34.98235241,0
5288382,16224745,UWB1289,-7.275047774,0
5288382,16224745,UWB1289BRCA1,-13.02276442,0
5288382,16224745,ZR751,-28.73240892,0
5288382,46926350,A2780,-17.97817111,0
5288382,46926350,HT29,-3.265971374,0
5288382,46926350,LNCAP,33.17178636,1
5288382,46926350,LOVO,-2.492823839,0
5288382,46926350,MSTO,-22.90589188,0
5288382,46926350,NCIH1650,-23.08653485,0
5288382,46926350,NCIH23,-12.48833358,0
5288382,46926350,OV90,-9.089980403,0
5288382,46926350,OVCAR3,-25.42782364,0
5288382,46926350,RPMI7951,-11.41869766,0
5288382,46926350,SKMES1,-10.94429024,0
5288382,46926350,SKOV3,-22.80868825,0
5288382,46926350,SW620,-13.56571062,0
5288382,46926350,SW837,-13.89481261,0
5288382,46926350,T47D,-39.85034847,0
5288382,46926350,UACC62,-7.45032494,0
5288382,46926350,UWB1289,-22.41107601,0
5288382,46926350,UWB1289BRCA1,-23.57095562,0
5288382,46926350,VCAP,-2.639714416,0
5288382,46926350,ZR751,-19.07458503,0
5311497,5311,A2058,-40.10431441,0
5311497,5311,A2780,-27.52343257,0
5311497,5311,A375,-27.31844798,0
5311497,5311,A427,-29.45950488,0
5311497,5311,CAOV3,-40.83691599,0
5311497,5311,EFM192B,-0.103716611,0
5311497,5311,HCT116,-25.70139462,0
5311497,5311,HT144,-0.727033407,0
5311497,5311,HT29,-3.096168513,0
5311497,5311,MDAMB436,-8.024368861,0
5311497,5311,MSTO,73.17899317,1
5311497,5311,NCIH2122,-16.9331785,0
5311497,5311,NCIH23,-40.53933726,0
5311497,5311,NCIH460,-17.89887461,0
5311497,5311,OCUBM,-29.80708268,0
5311497,5311,OVCAR3,-16.24345857,0
5311497,5311,PA1,-20.02191123,0
5311497,5311,RKO,-15.49178939,0
5311497,5311,RPMI7951,-12.14337574,0
5311497,5311,SKMEL30,-17.32848254,0
5311497,5311,SW620,-11.39460999,0
5311497,5311,SW837,-3.088421311,0
5311497,5311,T47D,-4.311401839,0
5311497,5311,UACC62,-13.941095,0
5311497,5311,UWB1289,-2.699125608,0
5311497,5311,UWB1289BRCA1,-4.176424937,0
5311497,5311,VCAP,-14.693083,0
5311497,5311,ZR751,-14.37442145,0
5311497,5394,A2058,-29.221793,0
5311497,5394,A2780,-7.666662769,0
5311497,5394,A375,-87.0690888,0
5311497,5394,CAOV3,-56.09371921,0
5311497,5394,EFM192B,-28.0438796,0
5311497,5394,ES2,-8.300608733,0
5311497,5394,HCT116,-35.52399066,0
5311497,5394,HT144,-26.79147363,0
5311497,5394,HT29,-25.58921534,0
5311497,5394,KPL1,-27.61349129,0
5311497,5394,LOVO,-1.346435171,0
5311497,5394,MDAMB436,-2.871652509,0
5311497,5394,NCIH1650,-21.27508551,0
5311497,5394,NCIH2122,-29.83515237,0
5311497,5394,NCIH23,-9.859464746,0
5311497,5394,NCIH460,-22.7366223,0
5311497,5394,NCIH520,-15.04684188,0
5311497,5394,OCUBM,-29.69520207,0
5311497,5394,OV90,32.66093222,1
5311497,5394,OVCAR3,-14.72755446,0
5311497,5394,PA1,-28.24623847,0
5311497,5394,RKO,-10.81931754,0
5311497,5394,RPMI7951,-14.43882285,0
5311497,5394,SKOV3,-13.22595106,0
5311497,5394,SW837,-3.376065146,0
5311497,5394,T47D,-26.7374178,0
5311497,5394,UACC62,-6.59304315,0
5311497,5394,VCAP,-30.95316635,0
5311497,5394,ZR751,-23.76690881,0
5311497,176870,A2058,-13.18998542,0
5311497,176870,A2780,-7.818341321,0
5311497,176870,A375,52.30453418,1
5311497,176870,A427,-6.930193354,0
5311497,176870,CAOV3,-23.50326318,0
5311497,176870,COLO320DM,32.50117558,1
5311497,176870,DLD1,42.25150563,1
5311497,176870,HT29,-13.10761589,0
5311497,176870,KPL1,-3.243215721,0
5311497,176870,LNCAP,-3.951882053,0
5311497,176870,LOVO,34.26409169,1
5311497,176870,NCIH2122,-4.85388605,0
5311497,176870,NCIH460,34.54849981,1
5311497,176870,OV90,52.54043322,1
5311497,176870,OVCAR3,-18.85665187,0
5311497,176870,PA1,-21.07828117,0
5311497,176870,RPMI7951,-11.82033785,0
5311497,176870,SKMES1,37.35065015,1
5311497,176870,SKOV3,34.85126701,1
5311497,176870,SW837,37.38803088,1
5311497,176870,T47D,-12.29831992,0
5311497,176870,UACC62,33.63713202,1
5311497,176870,ZR751,31.46014941,1
5311497,208908,A2058,-16.50783592,0
5311497,208908,A2780,-9.752950617,0
5311497,208908,A375,55.47446162,1
5311497,208908,A427,-30.63221224,0
5311497,208908,CAOV3,-20.90626385,0
5311497,208908,COLO320DM,39.8229648,1
5311497,208908,DLD1,38.46555703,1
5311497,208908,ES2,45.95639602,1
5311497,208908,HCT116,-14.41182799,0
5311497,208908,HT29,-25.90104775,0
5311497,208908,KPL1,-4.802306101,0
5311497,208908,LNCAP,-0.258520953,0
5311497,208908,LOVO,44.24021216,1
5311497,208908,NCIH2122,-23.24493042,0
5311497,208908,NCIH460,42.47381611,1
5311497,208908,NCIH520,-12.12266334,0
5311497,208908,OCUBM,-6.496868728,0
5311497,208908,OV90,36.20680413,1
5311497,208908,OVCAR3,-11.94835355,0
5311497,208908,PA1,-13.97842128,0
5311497,208908,RKO,-5.780504933,0
5311497,208908,RPMI7951,-7.741392683,0
5311497,208908,SKMES1,38.5294507,1
5311497,208908,SW620,-0.100550932,0
5311497,208908,UACC62,-13.51336409,0
5311497,208908,UWB1289BRCA1,-1.974824941,0
5311497,208908,VCAP,-18.13521888,0
5311497,216239,A2058,-11.62252891,0
5311497,216239,A2780,-7.150894151,0
5311497,216239,CAOV3,-22.98306964,0
5311497,216239,EFM192B,-9.761205437,0
5311497,216239,HCT116,-2.795269809,0
5311497,216239,HT29,-15.19965939,0
5311497,216239,LOVO,-5.44181107,0
5311497,216239,MDAMB436,-16.43867393,0
5311497,216239,MSTO,-12.63770398,0
5311497,216239,NCIH1650,-5.412664532,0
5311497,216239,NCIH2122,-20.42331708,0
5311497,216239,NCIH23,-9.276550055,0
5311497,216239,NCIH520,-2.362092146,0
5311497,216239,OCUBM,-9.799319178,0
5311497,216239,OVCAR3,-44.2537743,0
5311497,216239,PA1,-8.153289807,0
5311497,216239,RKO,-2.716414762,0
5311497,216239,RPMI7951,-20.71270282,0
5311497,216239,SW837,-0.729852312,0
5311497,216239,T47D,-5.832759401,0
5311497,216239,UACC62,-37.32485392,0
5311497,216239,UWB1289BRCA1,-0.879643565,0
5311497,216239,VCAP,-21.14018405,0
5311497,216239,ZR751,-20.51243426,0
5311497,387447,A2058,-29.6509664,0
5311497,387447,A2780,-33.09195683,0
5311497,387447,A375,-9.598752946,0
5311497,387447,A427,-23.932998,0
5311497,387447,CAOV3,-42.79262801,0
5311497,387447,COLO320DM,-15.38314394,0
5311497,387447,EFM192B,-50.8313661,0
5311497,387447,ES2,-28.59156521,0
5311497,387447,HCT116,-23.6526331,0
5311497,387447,HT144,-9.779495746,0
5311497,387447,HT29,-42.68826455,0
5311497,387447,KPL1,-0.482273404,0
5311497,387447,LNCAP,-15.55903704,0
5311497,387447,LOVO,-2.567892115,0
5311497,387447,MDAMB436,-3.679128732,0
5311497,387447,MSTO,130.1395174,1
5311497,387447,NCIH1650,-28.18792891,0
5311497,387447,NCIH2122,-57.52759998,0
5311497,387447,NCIH23,-257.759711,0
5311497,387447,NCIH460,-19.99638989,0
5311497,387447,NCIH520,-35.36046364,0
5311497,387447,OCUBM,-34.37750382,0
5311497,387447,OVCAR3,-43.40354984,0
5311497,387447,PA1,-37.72201491,0
5311497,387447,RKO,-19.38519443,0
5311497,387447,RPMI7951,-19.90547782,0
5311497,387447,SKMEL30,-4.440245489,0
5311497,387447,SKMES1,-24.46352917,0
5311497,387447,SKOV3,-22.2226484,0
5311497,387447,SW837,-24.5002518,0
5311497,387447,T47D,-35.92059286,0
5311497,387447,UACC62,-25.41493952,0
5311497,387447,UWB1289,-4.839122816,0
5311497,387447,UWB1289BRCA1,-13.60803223,0
5311497,387447,VCAP,-38.01516994,0
5311497,387447,ZR751,-36.74445526,0
5311497,3062316,A2780,40.08347788,1
5311497,3062316,A375,32.24296154,1
5311497,3062316,A427,39.37162018,1
5311497,3062316,CAOV3,-14.9173314,0
5311497,3062316,COLO320DM,-0.248261473,0
5311497,3062316,HCT116,-23.81764076,0
5311497,3062316,HT144,-35.84801821,0
5311497,3062316,HT29,-1.339533577,0
5311497,3062316,LOVO,53.84310556,1
5311497,3062316,MSTO,102.4901933,1
5311497,3062316,NCIH1650,47.46346021,1
5311497,3062316,NCIH2122,-50.14297404,0
5311497,3062316,NCIH460,30.91293171,1
5311497,3062316,NCIH520,43.75611313,1
5311497,3062316,OCUBM,-26.23073633,0
5311497,3062316,OV90,53.73242187,1
5311497,3062316,PA1,-5.168295138,0
5311497,3062316,SKMEL30,-14.38894625,0
5311497,3062316,SW620,31.29388992,1
5311497,3062316,T47D,45.21935482,1
5311497,3062316,UACC62,-15.86528262,0
5311497,3062316,VCAP,-10.3994299,0
5311497,3062316,ZR751,-15.54601539,0
5311497,5288382,A2058,-8.566032555,0
5311497,5288382,A2780,-21.02989869,0
5311497,5288382,A375,35.97263906,1
5311497,5288382,A427,-4.157776813,0
5311497,5288382,CAOV3,-30.3852445,0
5311497,5288382,COLO320DM,-1.058606408,0
5311497,5288382,DLD1,-21.19016355,0
5311497,5288382,EFM192B,-64.43327092,0
5311497,5288382,ES2,-1.262762216,0
5311497,5288382,HCT116,-12.53972622,0
5311497,5288382,HT29,-27.8607575,0
5311497,5288382,KPL1,-11.34986421,0
5311497,5288382,LOVO,-15.41936663,0
5311497,5288382,NCIH1650,-12.12292657,0
5311497,5288382,NCIH2122,-37.22831577,0
5311497,5288382,NCIH23,-277.8941379,0
5311497,5288382,NCIH460,-10.50222311,0
5311497,5288382,NCIH520,-18.72141057,0
5311497,5288382,OCUBM,-44.61778959,0
5311497,5288382,OVCAR3,-39.94594297,0
5311497,5288382,PA1,-14.67876125,0
5311497,5288382,RKO,-9.15232124,0
5311497,5288382,RPMI7951,-5.7887341,0
5311497,5288382,SKMES1,-6.63249399,0
5311497,5288382,SKOV3,-17.37401835,0
5311497,5288382,SW620,-13.20939451,0
5311497,5288382,SW837,-17.55487522,0
5311497,5288382,T47D,-37.58848261,0
5311497,5288382,UACC62,-5.121442804,0
5311497,5288382,UWB1289BRCA1,-28.59740184,0
5311497,5288382,VCAP,-45.238919,0
5311497,5288382,ZR751,-13.43801841,0
5311497,5329102,A2058,-13.16174107,0
5311497,5329102,A2780,-4.034886991,0
5311497,5329102,CAOV3,-15.57139808,0
5311497,5329102,EFM192B,-1.719933001,0
5311497,5329102,HT29,-20.32413561,0
5311497,5329102,LNCAP,-0.282404087,0
5311497,5329102,MDAMB436,-3.48460492,0
5311497,5329102,NCIH2122,-14.95378332,0
5311497,5329102,NCIH23,-6.657451472,0
5311497,5329102,OCUBM,-30.43927817,0
5311497,5329102,OVCAR3,-9.623908863,0
5311497,5329102,PA1,-13.07893713,0
5311497,5329102,RKO,-11.60615082,0
5311497,5329102,RPMI7951,-22.45454545,0
5311497,5329102,SW837,-5.774803505,0
5311497,5329102,T47D,-14.37814881,0
5311497,5329102,UACC62,-10.71145822,0
5311497,5329102,UWB1289,-0.951918272,0
5311497,5329102,VCAP,-16.79739198,0
5311497,5329102,ZR751,-11.84772549,0
5311497,9826528,A2058,-27.22694143,0
5311497,9826528,A427,-1.556299227,0
5311497,9826528,CAOV3,-32.91543819,0
5311497,9826528,COLO320DM,-6.215318214,0
5311497,9826528,DLD1,-0.359781033,0
5311497,9826528,EFM192B,-32.29731273,0
5311497,9826528,ES2,-2.207908899,0
5311497,9826528,HT144,31.86028838,1
5311497,9826528,HT29,-21.87293757,0
5311497,9826528,KPL1,-1.057216051,0
5311497,9826528,MDAMB436,-2.648674886,0
5311497,9826528,NCIH1650,-10.68215805,0
5311497,9826528,NCIH2122,-32.04655251,0
5311497,9826528,NCIH23,-177.6700632,0
5311497,9826528,NCIH520,-21.92731353,0
5311497,9826528,OCUBM,-11.3065477,0
5311497,9826528,OV90,36.77178889,1
5311497,9826528,OVCAR3,-11.25666824,0
5311497,9826528,PA1,-10.39090619,0
5311497,9826528,RPMI7951,-10.77719272,0
5311497,9826528,SKMES1,-23.29585728,0
5311497,9826528,SW837,-3.918443551,0
5311497,9826528,T47D,-72.32759015,0
5311497,9826528,UWB1289BRCA1,-5.548205315,0
5311497,9826528,VCAP,-23.63375513,0
5311497,11520894,A2058,-3.395956748,0
5311497,11520894,A2780,-0.472499446,0
5311497,11520894,A427,-8.304004558,0
5311497,11520894,CAOV3,-47.92854183,0
5311497,11520894,HCT116,-24.45436765,0
5311497,11520894,HT29,-5.871155719,0
5311497,11520894,KPL1,37.31074359,1
5311497,11520894,MSTO,39.19542594,1
5311497,11520894,NCIH2122,-18.47638679,0
5311497,11520894,NCIH23,-3.807844118,0
5311497,11520894,OCUBM,-7.231391933,0
5311497,11520894,OV90,57.71085461,1
5311497,11520894,OVCAR3,-24.88815835,0
5311497,11520894,PA1,-19.33738657,0
5311497,11520894,SKOV3,59.31285459,1
5311497,11520894,UWB1289BRCA1,-0.87772382,0
5311497,11520894,VCAP,-1.043912262,0
5311497,11960529,A2058,-14.72948136,0
5311497,11960529,A2780,-13.93949131,0
5311497,11960529,A427,-15.82842416,0
5311497,11960529,CAOV3,-34.17870763,0
5311497,11960529,DLD1,-1.221444002,0
5311497,11960529,EFM192B,-6.512095384,0
5311497,11960529,HCT116,-10.42891778,0
5311497,11960529,HT144,-3.374578758,0
5311497,11960529,HT29,-21.08220023,0
5311497,11960529,LOVO,-2.38539239,0
5311497,11960529,MSTO,53.05526747,1
5311497,11960529,NCIH1650,-10.63729132,0
5311497,11960529,NCIH2122,-11.45134565,0
5311497,11960529,NCIH23,-99.70601119,0
5311497,11960529,NCIH520,-10.23345184,0
5311497,11960529,OCUBM,-2.301165079,0
5311497,11960529,OVCAR3,-15.27165062,0
5311497,11960529,PA1,-6.322344176,0
5311497,11960529,RKO,-1.336451327,0
5311497,11960529,RPMI7951,-11.41582919,0
5311497,11960529,SW620,-2.032071629,0
5311497,11960529,SW837,-22.60500538,0
5311497,11960529,T47D,-62.14153045,0
5311497,11960529,UACC62,-4.148839186,0
5311497,11960529,UWB1289BRCA1,-17.41623304,0
5311497,11960529,VCAP,-15.99404826,0
5311497,11960529,ZR751,-18.10633388,0
5311497,11977753,A375,41.50912604,1
5311497,11977753,CAOV3,-37.17291918,0
5311497,11977753,EFM192B,-2.040873614,0
5311497,11977753,HCT116,-5.615952202,0
5311497,11977753,HT144,39.3234412,1
5311497,11977753,HT29,-8.977501003,0
5311497,11977753,KPL1,31.96210272,1
5311497,11977753,LNCAP,68.11021209,1
5311497,11977753,MSTO,82.33127458,1
5311497,11977753,NCIH2122,-26.51424638,0
5311497,11977753,NCIH23,-212.4597872,0
5311497,11977753,NCIH460,37.07844145,1
5311497,11977753,OCUBM,-13.62368783,0
5311497,11977753,OV90,56.16738368,1
5311497,11977753,OVCAR3,-27.050723,0
5311497,11977753,PA1,-9.605136084,0
5311497,11977753,SKMEL30,32.38480959,1
5311497,11977753,T47D,121.2857062,1
5311497,11977753,VCAP,-23.50668559,0
5311497,11977753,ZR751,34.158294,1
5311497,16224745,A2058,-8.060528772,0
5311497,16224745,A2780,-10.79449255,0
5311497,16224745,A375,42.62957748,1
5311497,16224745,CAOV3,-16.86694139,0
5311497,16224745,HCT116,-3.773890005,0
5311497,16224745,HT29,-13.56510198,0
5311497,16224745,KPL1,-6.020894255,0
5311497,16224745,NCIH2122,-34.7723178,0
5311497,16224745,OCUBM,-10.65015719,0
5311497,16224745,OV90,33.17631367,1
5311497,16224745,OVCAR3,-27.34867801,0
5311497,16224745,PA1,-14.78618207,0
5311497,16224745,RPMI7951,-15.47640521,0
5311497,16224745,SKMES1,-12.26919238,0
5311497,16224745,SW837,-2.574129752,0
5311497,16224745,T47D,-46.02558266,0
5311497,16224745,UACC62,-22.13441821,0
5311497,16224745,UWB1289,-11.93474361,0
5311497,16224745,UWB1289BRCA1,-16.49797379,0
5311497,16224745,VCAP,-18.61847602,0
5311497,16224745,ZR751,-24.33332147,0
5311497,24748204,A2058,-37.91217965,0
5311497,24748204,A2780,-18.87262033,0
5311497,24748204,A375,-15.55207563,0
5311497,24748204,A427,-13.83169443,0
5311497,24748204,CAOV3,-19.7367165,0
5311497,24748204,DLD1,-8.948670574,0
5311497,24748204,EFM192B,-13.65031169,0
5311497,24748204,ES2,-8.951698971,0
5311497,24748204,HCT116,-10.27464795,0
5311497,24748204,HT144,-14.14444788,0
5311497,24748204,HT29,-8.367215948,0
5311497,24748204,KPL1,-4.510690656,0
5311497,24748204,LOVO,-0.167024828,0
5311497,24748204,MDAMB436,-3.507162117,0
5311497,24748204,NCIH2122,-27.00710331,0
5311497,24748204,NCIH23,-14.3339427,0
5311497,24748204,NCIH460,-18.937027,0
5311497,24748204,NCIH520,-11.1253861,0
5311497,24748204,OCUBM,-13.925041,0
5311497,24748204,OVCAR3,-41.74974743,0
5311497,24748204,PA1,-28.44807996,0
5311497,24748204,RKO,-22.72519608,0
5311497,24748204,RPMI7951,-28.13845329,0
5311497,24748204,SKMES1,-0.473463574,0
5311497,24748204,SKOV3,-2.862110166,0
5311497,24748204,SW620,-3.646732155,0
5311497,24748204,T47D,-7.486704755,0
5311497,24748204,UACC62,-35.9022166,0
5311497,24748204,UWB1289,-11.47931561,0
5311497,24748204,UWB1289BRCA1,-20.30735359,0
5311497,24748204,VCAP,-21.4123089,0
5311497,24748204,ZR751,-4.288576182,0
5311497,24856436,A2058,-15.9386191,0
5311497,24856436,A2780,-7.693447052,0
5311497,24856436,A375,-2.046446009,0
5311497,24856436,A427,-5.436623676,0
5311497,24856436,CAOV3,-13.69612259,0
5311497,24856436,EFM192B,-3.5585877,0
5311497,24856436,HCT116,-2.020542738,0
5311497,24856436,HT29,-19.93858255,0
5311497,24856436,MDAMB436,-0.89317161,0
5311497,24856436,NCIH2122,-29.0534773,0
5311497,24856436,NCIH23,-19.15332801,0
5311497,24856436,NCIH460,-4.121007713,0
5311497,24856436,OCUBM,-17.0999843,0
5311497,24856436,OVCAR3,-13.21570338,0
5311497,24856436,PA1,-8.200734786,0
5311497,24856436,RKO,-1.425780016,0
5311497,24856436,RPMI7951,-12.04218059,0
5311497,24856436,SKMEL30,-6.006259633,0
5311497,24856436,SKMES1,-7.898912167,0
5311497,24856436,SW620,-0.374495026,0
5311497,24856436,SW837,-11.16208807,0
5311497,24856436,T47D,-13.60598844,0
5311497,24856436,UACC62,-1.616712196,0
5311497,24856436,UWB1289,72.69809685,1
5311497,24856436,VCAP,-33.10078146,0
5311497,24856436,ZR751,-16.44969908,0
5311497,24958200,A2058,-47.23456054,0
5311497,24958200,A2780,-15.68910384,0
5311497,24958200,A375,-15.7736201,0
5311497,24958200,A427,-20.34321629,0
5311497,24958200,CAOV3,-35.8802506,0
5311497,24958200,DLD1,-5.771699135,0
5311497,24958200,EFM192B,-4.687706109,0
5311497,24958200,ES2,-11.91309188,0
5311497,24958200,HCT116,-27.46891861,0
5311497,24958200,HT144,-36.68971871,0
5311497,24958200,HT29,-38.68908041,0
5311497,24958200,KPL1,-23.04030589,0
5311497,24958200,LNCAP,-7.50969161,0
5311497,24958200,LOVO,-4.522987365,0
5311497,24958200,MDAMB436,-3.556359147,0
5311497,24958200,MSTO,-6.462145237,0
5311497,24958200,NCIH1650,-5.270746947,0
5311497,24958200,NCIH2122,-13.41470575,0
5311497,24958200,NCIH23,-25.97198273,0
5311497,24958200,NCIH520,-28.67860789,0
5311497,24958200,OCUBM,-27.41984272,0
5311497,24958200,OVCAR3,-42.85939409,0
5311497,24958200,PA1,-29.82980537,0
5311497,24958200,RKO,-23.05733444,0
5311497,24958200,RPMI7951,-19.02440312,0
5311497,24958200,SKMEL30,-1.494659955,0
5311497,24958200,SKOV3,-0.443259044,0
5311497,24958200,SW620,-0.996065592,0
5311497,24958200,SW837,-29.16157401,0
5311497,24958200,T47D,-30.51521593,0
5311497,24958200,UACC62,-42.39205054,0
5311497,24958200,UWB1289,-22.22443353,0
5311497,24958200,UWB1289BRCA1,-20.75762787,0
5311497,24958200,VCAP,-28.56345145,0
5311497,24958200,ZR751,-25.75959198,0
5311497,24964624,A2058,-7.303578373,0
5311497,24964624,A375,44.85448884,1
5311497,24964624,A427,-0.589638241,0
5311497,24964624,CAOV3,-32.08234072,0
5311497,24964624,EFM192B,-3.144718955,0
5311497,24964624,ES2,30.61990596,1
5311497,24964624,HT29,-7.286209264,0
5311497,24964624,KPL1,50.69438552,1
5311497,24964624,LOVO,31.50647277,1
5311497,24964624,MSTO,58.54239757,1
5311497,24964624,NCIH2122,-15.29527655,0
5311497,24964624,NCIH460,32.62178141,1
5311497,24964624,OCUBM,-15.78100742,0
5311497,24964624,OV90,52.94671783,1
5311497,24964624,OVCAR3,-16.12845222,0
5311497,24964624,PA1,-5.852325804,0
5311497,24964624,RPMI7951,-4.132841959,0
5311497,24964624,SKMES1,31.70298181,1
5311497,24964624,VCAP,-23.5722952,0
5311497,46926350,A2058,-16.0429611,0
5311497,46926350,A2780,-19.1765067,0
5311497,46926350,A375,-123.0291404,0
5311497,46926350,A427,-4.42479913,0
5311497,46926350,CAOV3,-27.19305306,0
5311497,46926350,EFM192B,-13.58838126,0
5311497,46926350,HCT116,-25.11713456,0
5311497,46926350,HT144,-0.034825488,0
5311497,46926350,HT29,-29.92559853,0
5311497,46926350,LOVO,-4.391422366,0
5311497,46926350,MDAMB436,-6.397553795,0
5311497,46926350,MSTO,48.62661809,1
5311497,46926350,NCIH1650,-4.694852871,0
5311497,46926350,NCIH2122,-22.26362069,0
5311497,46926350,NCIH23,-16.26098577,0
5311497,46926350,NCIH460,-4.223147214,0
5311497,46926350,NCIH520,-8.598759935,0
5311497,46926350,OCUBM,-25.02748106,0
5311497,46926350,OV90,30.33318701,1
5311497,46926350,OVCAR3,-17.91964113,0
5311497,46926350,PA1,-24.07607823,0
5311497,46926350,RPMI7951,-4.567851719,0
5311497,46926350,SKMES1,-7.766238297,0
5311497,46926350,SKOV3,-15.23066253,0
5311497,46926350,SW620,-1.81497949,0
5311497,46926350,SW837,-12.76025598,0
5311497,46926350,T47D,-13.1210252,0
5311497,46926350,UWB1289,-7.510373378,0
5311497,46926350,VCAP,-36.73261246,0
5329102,5394,CAOV3,-5.808996324,0
5329102,5394,EFM192B,-5.509028117,0
5329102,5394,ES2,-1.173216865,0
5329102,5394,HT144,-6.557315683,0
5329102,5394,LNCAP,-4.426995447,0
5329102,5394,NCIH1650,-2.186762907,0
5329102,5394,NCIH23,-4.136447747,0
5329102,5394,OCUBM,-4.164940496,0
5329102,5394,RPMI7951,-15.69254211,0
5329102,5394,SW837,-9.052458242,0
5329102,5394,ZR751,-20.71692107,0
5329102,60700,A2058,-7.878076211,0
5329102,60700,A375,-9.162108,0
5329102,60700,DLD1,-13.64395857,0
5329102,60700,ES2,-9.187216032,0
5329102,60700,HCT116,-1.089935583,0
5329102,60700,HT144,-6.779262802,0
5329102,60700,HT29,-17.94488035,0
5329102,60700,LNCAP,-15.1695617,0
5329102,60700,LOVO,-2.977936625,0
5329102,60700,MDAMB436,-6.770040716,0
5329102,60700,MSTO,-6.358478211,0
5329102,60700,NCIH23,-12.06479848,0
5329102,60700,NCIH460,-0.447544343,0
5329102,60700,NCIH520,-0.932909457,0
5329102,60700,OCUBM,-4.50141731,0
5329102,60700,OV90,-14.40264226,0
5329102,60700,OVCAR3,-33.06806292,0
5329102,60700,PA1,-6.620154513,0
5329102,60700,RKO,-2.247449962,0
5329102,60700,RPMI7951,-6.236702466,0
5329102,60700,SKMES1,-5.005911562,0
5329102,60700,SKOV3,-11.46861828,0
5329102,60700,SW837,-5.680591548,0
5329102,60700,T47D,-23.30031907,0
5329102,60700,UACC62,-4.968162568,0
5329102,60700,UWB1289,-12.7867775,0
5329102,60700,UWB1289BRCA1,-4.072827587,0
5329102,60700,ZR751,-0.270612368,0
5329102,104842,A2058,-5.573718765,0
5329102,104842,A427,-0.497387424,0
5329102,104842,CAOV3,-1.680760145,0
5329102,104842,HT29,-2.130163866,0
5329102,104842,LNCAP,-1.666294775,0
5329102,104842,OV90,-6.557606175,0
5329102,104842,PA1,-3.0377706,0
5329102,104842,SW620,-1.174906796,0
5329102,104842,UWB1289,-4.796675783,0
5329102,104842,ZR751,-14.27012356,0
5329102,176870,LNCAP,-5.837167574,0
5329102,176870,MSTO,-55.64842832,0
5329102,208908,A2058,32.91888222,1
5329102,208908,LNCAP,-17.74302313,0
5329102,208908,SKOV3,31.15298142,1
5329102,216239,A2058,-4.861110278,0
5329102,216239,A2780,-3.44595291,0
5329102,216239,CAOV3,-6.608898434,0
5329102,216239,COLO320DM,-0.511372057,0
5329102,216239,EFM192B,-3.574109469,0
5329102,216239,HT29,-3.393707479,0
5329102,216239,KPL1,-4.921306255,0
5329102,216239,LNCAP,-15.96997332,0
5329102,216239,LOVO,-5.681687192,0
5329102,216239,MDAMB436,-7.507104181,0
5329102,216239,MSTO,-20.86987375,0
5329102,216239,NCIH1650,-1.202664846,0
5329102,216239,NCIH2122,-4.013638694,0
5329102,216239,NCIH23,-3.949715964,0
5329102,216239,NCIH460,-0.089599002,0
5329102,216239,NCIH520,-1.812117181,0
5329102,216239,OVCAR3,-11.87287581,0
5329102,216239,PA1,-4.820600531,0
5329102,216239,RKO,-3.788890106,0
5329102,216239,RPMI7951,-11.48395923,0
5329102,216239,SKMES1,-9.970090741,0
5329102,216239,SKOV3,-6.110633478,0
5329102,216239,SW620,-2.035418095,0
5329102,216239,SW837,-8.032003855,0
5329102,216239,UWB1289,-1.924877905,0
5329102,216239,UWB1289BRCA1,-3.074745541,0
5329102,216239,VCAP,-5.333325203,0
5329102,216239,ZR751,-8.202305525,0
5329102,387447,A2058,-3.789201191,0
5329102,387447,A2780,-4.073962558,0
5329102,387447,A375,-1.288482842,0
5329102,387447,A427,-3.704346694,0
5329102,387447,CAOV3,-10.75026614,0
5329102,387447,COLO320DM,-12.56003458,0
5329102,387447,EFM192B,-1.282864576,0
5329102,387447,ES2,-1.246230639,0
5329102,387447,HCT116,-4.261502744,0
5329102,387447,HT144,-6.670205292,0
5329102,387447,HT29,-9.481369315,0
5329102,387447,LNCAP,-11.13507221,0
5329102,387447,MDAMB436,-3.056366193,0
5329102,387447,NCIH1650,-6.335197539,0
5329102,387447,NCIH23,-11.42714897,0
5329102,387447,NCIH520,-21.27042427,0
5329102,387447,OVCAR3,-3.00214848,0
5329102,387447,PA1,-14.48060136,0
5329102,387447,RKO,-4.675703293,0
5329102,387447,RPMI7951,-11.23959783,0
5329102,387447,SKMEL30,-4.430028433,0
5329102,387447,SKMES1,-14.86661156,0
5329102,387447,SKOV3,-7.965745492,0
5329102,387447,SW620,-5.067798652,0
5329102,387447,SW837,-1.834328921,0
5329102,387447,UACC62,-6.5817428,0
5329102,387447,UWB1289,-11.48708888,0
5329102,387447,ZR751,-23.3950552,0
5329102,3062316,A2058,41.58251285,1
5329102,3062316,A2780,40.04370628,1
5329102,3062316,A375,33.82410935,1
5329102,3062316,A427,30.75548923,1
5329102,3062316,HCT116,38.9382048,1
5329102,3062316,HT144,-5.942262492,0
5329102,3062316,HT29,41.16852468,1
5329102,3062316,NCIH520,31.99993727,1
5329102,3062316,OVCAR3,33.77453847,1
5329102,3062316,RKO,34.35606881,1
5329102,3062316,SW620,35.40155136,1
5329102,3062316,UWB1289BRCA1,-6.857013872,0
5329102,5288382,KPL1,-0.644970978,0
5329102,5288382,NCIH2122,-0.293559651,0
5329102,5288382,NCIH23,-6.556924997,0
5329102,5288382,NCIH520,-2.529266953,0
5329102,5288382,OV90,-4.510424389,0
5329102,5288382,RPMI7951,-4.932645741,0
5329102,5288382,SW620,-3.434700564,0
5329102,5288382,SW837,-5.613156432,0
5329102,5288382,UWB1289,-8.699294999,0
5329102,5288382,UWB1289BRCA1,-9.143949744,0
5329102,5288382,ZR751,-15.70454178,0
5329102,9826528,HCT116,33.46939087,1
5329102,9826528,LNCAP,-3.569953902,0
5329102,9826528,RPMI7951,-4.169719613,0
5329102,9826528,ZR751,-5.620822449,0
5329102,9887053,A2058,-4.427608427,0
5329102,9887053,A2780,-2.991848419,0
5329102,9887053,A375,-5.753885712,0
5329102,9887053,CAOV3,-6.761399738,0
5329102,9887053,DLD1,-6.12573237,0
5329102,9887053,EFM192B,-9.780901583,0
5329102,9887053,ES2,-10.70424767,0
5329102,9887053,HCT116,-2.761434454,0
5329102,9887053,HT144,-9.520072906,0
5329102,9887053,HT29,-2.381448696,0
5329102,9887053,LNCAP,-9.24294204,0
5329102,9887053,LOVO,-3.221487713,0
5329102,9887053,MDAMB436,-11.76718544,0
5329102,9887053,MSTO,-10.57727853,0
5329102,9887053,NCIH1650,-6.20879139,0
5329102,9887053,NCIH2122,-7.259412273,0
5329102,9887053,NCIH23,-18.34910417,0
5329102,9887053,NCIH460,-14.16787081,0
5329102,9887053,NCIH520,-8.118597185,0
5329102,9887053,OV90,-9.504166825,0
5329102,9887053,OVCAR3,-4.338031573,0
5329102,9887053,PA1,-14.66035141,0
5329102,9887053,RKO,-11.62244957,0
5329102,9887053,RPMI7951,-30.95236774,0
5329102,9887053,SKMEL30,-7.445609627,0
5329102,9887053,SKMES1,-1.30740982,0
5329102,9887053,SW620,-5.112277629,0
5329102,9887053,SW837,-9.789146426,0
5329102,9887053,UACC62,-8.757806778,0
5329102,9887053,VCAP,-4.581335943,0
5329102,9887053,ZR751,-4.373484872,0
5329102,11520894,A2058,39.69465197,1
5329102,11520894,A375,30.14062261,1
5329102,11520894,DLD1,32.93390159,1
5329102,11520894,ES2,35.48605718,1
5329102,11520894,HT144,35.08260116,1
5329102,11520894,NCIH2122,31.07778854,1
5329102,11520894,NCIH23,30.99170677,1
5329102,11520894,SKOV3,37.92118634,1
5329102,11520894,T47D,35.21040548,1
5329102,11520894,UACC62,37.77738472,1
5329102,11520894,ZR751,33.32250999,1
5329102,11960529,LNCAP,-0.837415958,0
5329102,11960529,ZR751,-1.391696834,0
5329102,11977753,A427,31.47767467,1
5329102,11977753,HCT116,31.61578366,1
5329102,11977753,LNCAP,53.16574069,1
5329102,11977753,NCIH460,32.62195013,1
5329102,11977753,T47D,72.21669983,1
5329102,11977753,VCAP,32.79137954,1
5329102,16224745,LNCAP,-8.476897484,0
5329102,16224745,MSTO,-10.82486857,0
5329102,16224745,NCIH2122,-14.96504772,0
5329102,16224745,NCIH23,-7.600824792,0
5329102,16224745,RPMI7951,-16.66751866,0
5329102,16224745,SKMES1,-12.1713736,0
5329102,16224745,SKOV3,-7.402815885,0
5329102,16224745,SW837,-4.96875227,0
5329102,16224745,UWB1289,-10.38613876,0
5329102,16224745,UWB1289BRCA1,-23.00522884,0
5329102,24748204,A2058,-6.071754351,0
5329102,24748204,CAOV3,-5.4901884,0
5329102,24748204,EFM192B,-6.148960343,0
5329102,24748204,HT144,-0.989572305,0
5329102,24748204,LNCAP,-24.4631434,0
5329102,24748204,NCIH1650,-1.016252826,0
5329102,24748204,NCIH2122,-2.156589462,0
5329102,24748204,NCIH23,-7.521024777,0
5329102,24748204,NCIH460,-6.118623906,0
5329102,24748204,NCIH520,-2.208129952,0
5329102,24748204,OCUBM,-11.3783538,0
5329102,24748204,RPMI7951,-14.12451317,0
5329102,24748204,SKMES1,-6.99550949,0
5329102,24748204,SW837,-5.099103008,0
5329102,24748204,UWB1289,-0.992292919,0
5329102,24748204,VCAP,-2.336895757,0
5329102,24748204,ZR751,-2.535758746,0
5329102,24856436,A2058,-3.421858913,0
5329102,24856436,A2780,-4.047938984,0
5329102,24856436,A427,-0.220716613,0
5329102,24856436,COLO320DM,-3.847038928,0
5329102,24856436,EFM192B,-7.796097762,0
5329102,24856436,HT29,-7.596774595,0
5329102,24856436,LNCAP,-4.799060976,0
5329102,24856436,LOVO,-0.626435798,0
5329102,24856436,MSTO,-5.495271697,0
5329102,24856436,NCIH1650,-3.310086855,0
5329102,24856436,NCIH2122,-6.890146387,0
5329102,24856436,NCIH23,-11.39252389,0
5329102,24856436,NCIH460,-0.876154519,0
5329102,24856436,PA1,-2.346546627,0
5329102,24856436,RKO,-7.737022845,0
5329102,24856436,SKMEL30,-5.36167626,0
5329102,24856436,SKMES1,-0.539526185,0
5329102,24856436,SW620,-7.940614741,0
5329102,24856436,SW837,-9.964231481,0
5329102,24856436,UWB1289,48.64333719,1
5329102,24856436,UWB1289BRCA1,-1.223488319,0
5329102,24856436,VCAP,-11.69308854,0
5329102,24856436,ZR751,-6.11319733,0
5329102,24958200,A2058,-4.387178672,0
5329102,24958200,A2780,-0.995208495,0
5329102,24958200,CAOV3,-1.38998247,0
5329102,24958200,ES2,-0.596448595,0
5329102,24958200,HT144,-0.10733779,0
5329102,24958200,LNCAP,-18.95486338,0
5329102,24958200,MSTO,-7.901669785,0
5329102,24958200,NCIH1650,-0.824095405,0
5329102,24958200,NCIH23,-4.257797952,0
5329102,24958200,NCIH460,-3.678163276,0
5329102,24958200,OV90,-1.997198474,0
5329102,24958200,PA1,-14.19756788,0
5329102,24958200,RKO,-2.643642924,0
5329102,24958200,RPMI7951,-13.22158697,0
5329102,24958200,SKMES1,-0.383447446,0
5329102,24958200,SW837,-8.318537982,0
5329102,24964624,A2058,42.28215968,1
5329102,24964624,HT29,35.49247373,1
5329102,24964624,KPL1,32.70902397,1
5329102,24964624,MSTO,-6.035027417,0
5329102,24964624,OCUBM,-3.293458448,0
5329102,24964624,PA1,39.77188452,1
5329102,24964624,SKOV3,31.18890972,1
5329102,24964624,UACC62,34.74326094,1
5329102,24964624,UWB1289BRCA1,38.23378914,1
5329102,46926350,CAOV3,-1.859558828,0
5329102,46926350,HCT116,-1.621711541,0
5329102,46926350,LNCAP,-4.863174995,0
5329102,46926350,MSTO,-1.799244366,0
5329102,46926350,NCIH520,-0.410110115,0
5329102,46926350,PA1,-3.170481639,0
5329102,46926350,SKMES1,-5.429672303,0
5329102,46926350,SKOV3,-9.48091285,0
5329102,46926350,SW620,-2.08265384,0
5329102,46926350,SW837,-13.36383855,0
9826528,60700,A375,-25.96691079,0
9826528,60700,A427,30.54030101,1
9826528,60700,EFM192B,-2.346933343,0
9826528,60700,HT144,30.22445686,1
9826528,60700,HT29,-0.465283936,0
9826528,60700,NCIH460,-6.699444096,0
9826528,60700,OCUBM,-2.329990166,0
9826528,60700,OV90,38.43309167,1
9826528,60700,PA1,-8.370020968,0
9826528,60700,SKMES1,-10.56883635,0
9826528,104842,A2058,-6.372133234,0
9826528,104842,A427,-0.679594748,0
9826528,104842,ES2,-1.064738321,0
9826528,104842,HT29,-9.904444475,0
9826528,104842,LOVO,-16.71873555,0
9826528,104842,NCIH23,-5.573449988,0
9826528,104842,NCIH520,-3.55394939,0
9826528,104842,OV90,-5.165111963,0
9826528,104842,OVCAR3,31.58342868,1
9826528,104842,PA1,-4.714915947,0
9826528,104842,RPMI7951,-7.191041943,0
9826528,104842,SKMES1,-6.091978749,0
9826528,104842,SW620,-3.554914437,0
9826528,104842,UACC62,-7.810269329,0
9826528,216239,A2058,32.75493425,1
9826528,216239,DLD1,30.22122,1
9826528,216239,HCT116,32.04243007,1
9826528,216239,MSTO,-23.53988819,0
9826528,216239,NCIH2122,32.4165219,1
9826528,216239,RKO,49.22600161,1
9826528,216239,SKOV3,33.77086076,1
9826528,387447,A2780,-3.940639723,0
9826528,387447,CAOV3,-9.187364815,0
9826528,387447,ES2,-15.93212605,0
9826528,387447,HCT116,-5.000841598,0
9826528,387447,HT29,-16.79457932,0
9826528,387447,MDAMB436,-3.250700826,0
9826528,387447,MSTO,78.61081827,1
9826528,387447,NCIH1650,-12.36159749,0
9826528,387447,NCIH2122,-3.637784277,0
9826528,387447,NCIH23,-0.524368166,0
9826528,387447,NCIH520,-27.07550907,0
9826528,387447,OV90,-17.52413716,0
9826528,387447,OVCAR3,-1.316412817,0
9826528,387447,RPMI7951,-9.085918798,0
9826528,387447,SKMEL30,-1.917287217,0
9826528,387447,SKMES1,-27.36745967,0
9826528,387447,T47D,-39.78659037,0
9826528,387447,UACC62,-16.44288365,0
9826528,387447,UWB1289,-13.92079772,0
9826528,387447,UWB1289BRCA1,-6.140557463,0
9826528,387447,ZR751,-3.138240244,0
9826528,3062316,A2058,34.41183286,1
9826528,3062316,A2780,120.2632418,1
9826528,3062316,A375,63.89158362,1
9826528,3062316,A427,50.60409503,1
9826528,3062316,CAOV3,34.11806853,1
9826528,3062316,COLO320DM,-15.42389804,0
9826528,3062316,DLD1,47.32359237,1
9826528,3062316,EFM192B,32.14932731,1
9826528,3062316,ES2,45.11024632,1
9826528,3062316,HCT116,42.5461097,1
9826528,3062316,HT144,-54.10049698,0
9826528,3062316,HT29,76.26944305,1
9826528,3062316,KPL1,-6.044644141,0
9826528,3062316,LNCAP,-30.32642869,0
9826528,3062316,LOVO,47.84534611,1
9826528,3062316,MSTO,88.51099713,1
9826528,3062316,NCIH1650,35.53857695,1
9826528,3062316,NCIH2122,-35.33041775,0
9826528,3062316,NCIH23,74.787982,1
9826528,3062316,NCIH460,36.16984486,1
9826528,3062316,NCIH520,-30.88625145,0
9826528,3062316,OV90,67.0068205,1
9826528,3062316,OVCAR3,77.82184811,1
9826528,3062316,PA1,65.05788716,1
9826528,3062316,RPMI7951,39.03794428,1
9826528,3062316,SKMEL30,-74.52087255,0
9826528,3062316,SKMES1,53.92022376,1
9826528,3062316,SKOV3,-12.96332142,0
9826528,3062316,SW837,71.57091661,1
9826528,3062316,UACC62,-1.793532484,0
9826528,3062316,UWB1289,-2.606365219,0
9826528,3062316,UWB1289BRCA1,-6.917942488,0
9826528,3062316,VCAP,-21.25831569,0
9826528,3062316,ZR751,-39.65916131,0
9826528,5288382,A2058,-15.64318047,0
9826528,5288382,LNCAP,44.22996314,1
9826528,5288382,LOVO,-14.47538408,0
9826528,5288382,NCIH460,-2.191197648,0
9826528,5288382,NCIH520,-17.98898167,0
9826528,5288382,OV90,-0.77354204,0
9826528,5288382,RKO,47.15851302,1
9826528,5288382,RPMI7951,-5.137383072,0
9826528,5288382,SKMEL30,-9.278465487,0
9826528,5288382,SKOV3,-0.26009098,0
9826528,5288382,T47D,-6.199922289,0
9826528,5288382,UACC62,-5.884258669,0
9826528,5288382,UWB1289,-43.46051136,0
9826528,5288382,UWB1289BRCA1,-35.14370262,0
9826528,5288382,ZR751,-12.01401292,0
9826528,9887053,A375,-13.80740012,0
9826528,9887053,A427,-12.08707517,0
9826528,9887053,COLO320DM,-0.64864568,0
9826528,9887053,ES2,-24.78502744,0
9826528,9887053,HT144,-6.812391935,0
9826528,9887053,LOVO,-4.443887966,0
9826528,9887053,NCIH23,-20.60289978,0
9826528,9887053,NCIH460,-7.608752566,0
9826528,9887053,NCIH520,-10.26993237,0
9826528,9887053,OV90,-9.809738932,0
9826528,9887053,PA1,-22.44085823,0
9826528,9887053,RKO,-5.897914817,0
9826528,9887053,RPMI7951,-5.33346211,0
9826528,9887053,SKMEL30,-13.13455833,0
9826528,9887053,SKMES1,-4.0905831,0
9826528,9887053,T47D,-16.70918504,0
9826528,9887053,UACC62,-10.64491787,0
9826528,9887053,UWB1289BRCA1,-2.336654642,0
9826528,9887053,VCAP,-2.820856737,0
9826528,11520894,A2058,50.59972885,1
9826528,11520894,A2780,54.54255062,1
9826528,11520894,CAOV3,77.15122912,1
9826528,11520894,DLD1,35.1101822,1
9826528,11520894,EFM192B,67.83657605,1
9826528,11520894,ES2,36.35480318,1
9826528,11520894,HT144,39.98456586,1
9826528,11520894,HT29,31.43070139,1
9826528,11520894,KPL1,53.78491201,1
9826528,11520894,LNCAP,-4.549952975,0
9826528,11520894,MDAMB436,32.34487278,1
9826528,11520894,NCIH23,51.74273559,1
9826528,11520894,NCIH460,36.43127311,1
9826528,11520894,OCUBM,42.01139212,1
9826528,11520894,OV90,45.84785379,1
9826528,11520894,OVCAR3,33.22692621,1
9826528,11520894,RKO,51.32240866,1
9826528,11520894,RPMI7951,70.2233617,1
9826528,11520894,SKMEL30,30.46282896,1
9826528,11520894,SKOV3,38.31413469,1
9826528,11520894,UACC62,31.20494603,1
9826528,11520894,UWB1289,76.38346048,1
9826528,11520894,UWB1289BRCA1,47.43505416,1
9826528,11960529,A427,-2.105544987,0
9826528,11960529,COLO320DM,-1.954067487,0
9826528,11960529,DLD1,-4.780427498,0
9826528,11960529,ES2,-7.096916271,0
9826528,11960529,HCT116,-1.689554608,0
9826528,11960529,HT29,-4.779914587,0
9826528,11960529,LNCAP,-6.563127434,0
9826528,11960529,LOVO,-11.59020276,0
9826528,11960529,MSTO,-1.408729086,0
9826528,11960529,NCIH1650,-23.07056729,0
9826528,11960529,NCIH2122,-2.592660615,0
9826528,11960529,NCIH23,-12.52732318,0
9826528,11960529,NCIH460,-2.390639768,0
9826528,11960529,OV90,-8.056692792,0
9826528,11960529,RPMI7951,-11.08008248,0
9826528,11960529,SKMES1,-15.46075834,0
9826528,11960529,SKOV3,-1.062750396,0
9826528,11960529,SW620,-3.379320858,0
9826528,11960529,SW837,-0.47413384,0
9826528,11960529,T47D,-6.510557004,0
9826528,11960529,UACC62,-5.99096109,0
9826528,11960529,UWB1289,-11.94077929,0
9826528,11960529,UWB1289BRCA1,-25.45258733,0
9826528,11960529,VCAP,-23.29336041,0
9826528,11977753,A2058,56.55298829,1
9826528,11977753,A2780,55.25542126,1
9826528,11977753,A427,56.29794436,1
9826528,11977753,CAOV3,67.43370517,1
9826528,11977753,DLD1,41.19178924,1
9826528,11977753,EFM192B,37.85332433,1
9826528,11977753,ES2,34.51209776,1
9826528,11977753,HCT116,58.77744986,1
9826528,11977753,HT144,43.96735962,1
9826528,11977753,HT29,42.3826261,1
9826528,11977753,KPL1,44.46943124,1
9826528,11977753,LNCAP,104.2725936,1
9826528,11977753,LOVO,36.87698726,1
9826528,11977753,MDAMB436,34.39053497,1
9826528,11977753,NCIH1650,32.20930586,1
9826528,11977753,NCIH2122,49.33437959,1
9826528,11977753,NCIH23,34.18933049,1
9826528,11977753,NCIH460,71.75220368,1
9826528,11977753,NCIH520,30.60408842,1
9826528,11977753,OCUBM,41.35762963,1
9826528,11977753,OV90,38.85826007,1
9826528,11977753,OVCAR3,44.7254643,1
9826528,11977753,PA1,43.88176788,1
9826528,11977753,RKO,47.23282881,1
9826528,11977753,RPMI7951,46.56904693,1
9826528,11977753,SKMEL30,30.01412908,1
9826528,11977753,SW837,37.44030911,1
9826528,11977753,T47D,148.1269392,1
9826528,11977753,UACC62,33.66707617,1
9826528,11977753,UWB1289,75.36403282,1
9826528,11977753,UWB1289BRCA1,55.33950076,1
9826528,11977753,VCAP,33.06126982,1
9826528,11977753,ZR751,54.7557835,1
9826528,16224745,CAOV3,53.32122266,1
9826528,16224745,HT144,-176.1606766,0
9826528,16224745,KPL1,-6.197808223,0
9826528,16224745,LNCAP,-62.2128178,0
9826528,16224745,MSTO,-18.660576,0
9826528,16224745,NCIH2122,-16.6014571,0
9826528,16224745,NCIH460,-2.84952831,0
9826528,16224745,NCIH520,-17.19483765,0
9826528,16224745,PA1,-0.290148434,0
9826528,16224745,SKMES1,-12.06854377,0
9826528,16224745,SKOV3,-5.941580743,0
9826528,16224745,SW620,-3.287145518,0
9826528,16224745,SW837,-176.8580535,0
9826528,16224745,T47D,-11.48607748,0
9826528,16224745,UWB1289,-9.593121102,0
9826528,16224745,UWB1289BRCA1,-10.61265728,0
9826528,46926350,A2058,-1.484776392,0
9826528,46926350,A375,-3.609612401,0
9826528,46926350,ES2,-3.445684658,0
9826528,46926350,HCT116,-8.75493993,0
9826528,46926350,HT144,-0.420816145,0
9826528,46926350,HT29,-0.555340983,0
9826528,46926350,LNCAP,60.86109975,1
9826528,46926350,LOVO,-2.628099968,0
9826528,46926350,NCIH460,-3.124940875,0
9826528,46926350,NCIH520,-9.293548607,0
9826528,46926350,OV90,-6.920825616,0
9826528,46926350,RPMI7951,-3.596017684,0
9826528,46926350,SKMEL30,-13.13116448,0
9826528,46926350,SKMES1,-25.41461151,0
9826528,46926350,SW620,-5.33768366,0
9826528,46926350,SW837,-15.58755929,0
9826528,46926350,T47D,-15.72237938,0
9826528,46926350,UACC62,-3.210692536,0
9826528,46926350,ZR751,-3.388674918,0
9887053,216239,A2058,-9.441001633,0
9887053,216239,A2780,-8.533011335,0
9887053,216239,A375,-11.91348074,0
9887053,216239,CAOV3,-32.25085599,0
9887053,216239,COLO320DM,-0.950084902,0
9887053,216239,DLD1,-0.501682994,0
9887053,216239,EFM192B,-20.07339267,0
9887053,216239,ES2,-10.37285303,0
9887053,216239,HCT116,-7.68047831,0
9887053,216239,HT144,-6.059305622,0
9887053,216239,HT29,-7.007454416,0
9887053,216239,KPL1,-0.389367194,0
9887053,216239,LNCAP,-10.83009361,0
9887053,216239,LOVO,-25.00545046,0
9887053,216239,MDAMB436,-19.47629769,0
9887053,216239,MSTO,-9.052521103,0
9887053,216239,NCIH1650,-13.58384506,0
9887053,216239,NCIH2122,-8.984288102,0
9887053,216239,NCIH23,-18.10014381,0
9887053,216239,NCIH460,-19.37057839,0
9887053,216239,NCIH520,-2.544461423,0
9887053,216239,OCUBM,-3.273753455,0
9887053,216239,OV90,-10.26134953,0
9887053,216239,OVCAR3,-29.09520828,0
9887053,216239,PA1,-9.485756505,0
9887053,216239,RKO,-10.77261563,0
9887053,216239,RPMI7951,-23.85590248,0
9887053,216239,SKMEL30,-4.153849272,0
9887053,216239,SKMES1,-1.614444268,0
9887053,216239,SW620,-7.630457944,0
9887053,216239,SW837,-6.162160333,0
9887053,216239,T47D,-2.199542126,0
9887053,216239,UACC62,-14.18030601,0
9887053,216239,UWB1289BRCA1,-3.584503132,0
9887053,216239,VCAP,-10.30358434,0
9887053,216239,ZR751,-25.79401481,0
9887053,16224745,DLD1,-1.716511903,0
9887053,16224745,ES2,-5.602184464,0
9887053,16224745,MSTO,-26.23575655,0
9887053,16224745,NCIH2122,-9.113545066,0
9887053,16224745,NCIH23,-1.663241461,0
9887053,16224745,NCIH460,-11.0891712,0
9887053,16224745,OCUBM,38.03655741,1
9887053,16224745,OV90,-11.11732225,0
9887053,16224745,PA1,-23.79138569,0
9887053,16224745,SKMES1,-7.814118585,0
9887053,16224745,SW620,-3.860670818,0
9887053,16224745,SW837,-13.43017929,0
9887053,16224745,UACC62,-1.754512186,0
9887053,16224745,UWB1289,-4.36549813,0
9887053,16224745,UWB1289BRCA1,-11.42100965,0
9887053,16224745,ZR751,-13.28791287,0
9887053,46926350,A2058,-3.458463492,0
9887053,46926350,A2780,-9.995560461,0
9887053,46926350,A375,-12.04884023,0
9887053,46926350,A427,-10.21129288,0
9887053,46926350,CAOV3,-21.10970822,0
9887053,46926350,DLD1,-10.26511007,0
9887053,46926350,EFM192B,-13.41711199,0
9887053,46926350,HCT116,-5.083338695,0
9887053,46926350,HT144,-6.188499423,0
9887053,46926350,HT29,-3.9093105,0
9887053,46926350,LNCAP,-6.651065026,0
9887053,46926350,LOVO,-19.22260651,0
9887053,46926350,MDAMB436,-6.266165075,0
9887053,46926350,MSTO,-15.3596008,0
9887053,46926350,NCIH1650,-12.60942501,0
9887053,46926350,NCIH23,-21.34586637,0
9887053,46926350,NCIH460,-19.09815546,0
9887053,46926350,NCIH520,-7.260951851,0
9887053,46926350,OV90,-10.75410285,0
9887053,46926350,OVCAR3,-4.736769456,0
9887053,46926350,PA1,-12.510747,0
9887053,46926350,RPMI7951,-8.990085125,0
9887053,46926350,SKMES1,-7.247399673,0
9887053,46926350,SKOV3,-20.23507408,0
9887053,46926350,SW620,-8.450351792,0
9887053,46926350,SW837,-21.08617999,0
9887053,46926350,UWB1289,-8.18199221,0
9887053,46926350,UWB1289BRCA1,-8.986474297,0
9887053,46926350,VCAP,-5.635040056,0
9887053,46926350,ZR751,-26.71087311,0
11520894,60700,A2058,-12.66791778,0
11520894,60700,HT144,33.45451181,1
11520894,60700,KPL1,53.40176866,1
11520894,60700,LNCAP,-151.6624548,0
11520894,60700,OCUBM,-6.534761219,0
11520894,60700,PA1,-14.15142293,0
11520894,60700,SKMEL30,31.66894971,1
11520894,60700,SKOV3,32.90660924,1
11520894,60700,UWB1289,-2.519983906,0
11520894,104842,EFM192B,37.90775382,1
11520894,104842,HCT116,-3.973335813,0
11520894,104842,KPL1,41.01096111,1
11520894,104842,LNCAP,-5.340878148,0
11520894,104842,LOVO,-2.029860089,0
11520894,104842,MSTO,41.1560826,1
11520894,104842,RPMI7951,72.45465002,1
11520894,104842,T47D,-23.09505806,0
11520894,216239,MSTO,-7.598597801,0
11520894,216239,SKMES1,30.09994807,1
11520894,216239,ZR751,-2.905225386,0
11520894,5288382,EFM192B,37.52360622,1
11520894,5288382,HT29,-0.524660922,0
11520894,5288382,KPL1,40.09982029,1
11520894,5288382,LNCAP,46.33929327,1
11520894,5288382,MSTO,58.24143384,1
11520894,5288382,SKMEL30,42.51383953,1
11520894,5288382,SW620,-4.220686346,0
11520894,5288382,T47D,31.55305418,1
11520894,5288382,UWB1289,-14.25676924,0
11520894,5288382,UWB1289BRCA1,-14.67658687,0
11520894,9887053,A2780,-6.030236867,0
11520894,9887053,A375,-4.207626691,0
11520894,9887053,CAOV3,-12.98368173,0
11520894,9887053,DLD1,-1.066727448,0
11520894,9887053,ES2,-6.230802528,0
11520894,9887053,HCT116,-5.669667804,0
11520894,9887053,HT144,-3.097087387,0
11520894,9887053,LOVO,-12.62806223,0
11520894,9887053,NCIH2122,-6.124797983,0
11520894,9887053,NCIH23,-22.07445918,0
11520894,9887053,NCIH460,-22.52064028,0
11520894,9887053,NCIH520,-6.072327346,0
11520894,9887053,OV90,-2.4627537,0
11520894,9887053,PA1,-16.74006526,0
11520894,9887053,RKO,-3.766125587,0
11520894,9887053,UACC62,-6.282814484,0
11520894,11977753,A2058,86.59857058,1
11520894,11977753,A2780,72.08907467,1
11520894,11977753,A375,69.91835046,1
11520894,11977753,A427,60.80700067,1
11520894,11977753,CAOV3,75.9558035,1
11520894,11977753,COLO320DM,53.06067388,1
11520894,11977753,DLD1,61.94896316,1
11520894,11977753,EFM192B,88.17896877,1
11520894,11977753,ES2,84.57574208,1
11520894,11977753,HCT116,40.8803063,1
11520894,11977753,HT144,93.01822106,1
11520894,11977753,HT29,52.84762555,1
11520894,11977753,KPL1,65.72843906,1
11520894,11977753,LNCAP,139.6131195,1
11520894,11977753,LOVO,56.87485083,1
11520894,11977753,MDAMB436,37.14062847,1
11520894,11977753,MSTO,155.2523888,1
11520894,11977753,NCIH1650,80.70328515,1
11520894,11977753,NCIH2122,107.4570426,1
11520894,11977753,NCIH23,64.79024972,1
11520894,11977753,NCIH460,75.05127147,1
11520894,11977753,NCIH520,77.37379228,1
11520894,11977753,OCUBM,55.23233902,1
11520894,11977753,OV90,63.57179273,1
11520894,11977753,OVCAR3,84.29086577,1
11520894,11977753,PA1,94.7031534,1
11520894,11977753,RKO,44.35690404,1
11520894,11977753,RPMI7951,75.29882288,1
11520894,11977753,SKMEL30,121.0564092,1
11520894,11977753,SKMES1,90.84458241,1
11520894,11977753,SKOV3,67.99989156,1
11520894,11977753,SW620,82.79496881,1
11520894,11977753,SW837,101.5509715,1
11520894,11977753,T47D,179.1233246,1
11520894,11977753,UACC62,102.4787821,1
11520894,11977753,UWB1289,80.78180204,1
11520894,11977753,UWB1289BRCA1,96.81602635,1
11520894,11977753,VCAP,88.20447518,1
11520894,11977753,ZR751,63.90878282,1
11520894,16224745,A2058,61.78624825,1
11520894,16224745,A2780,52.98183075,1
11520894,16224745,A375,60.06891772,1
11520894,16224745,A427,31.27105198,1
11520894,16224745,CAOV3,59.7006634,1
11520894,16224745,EFM192B,30.0619252,1
11520894,16224745,ES2,60.15761148,1
11520894,16224745,HCT116,-2.796646925,0
11520894,16224745,HT144,42.27239915,1
11520894,16224745,MDAMB436,31.09414288,1
11520894,16224745,NCIH2122,-7.509672576,0
11520894,16224745,OCUBM,32.44628847,1
11520894,16224745,OVCAR3,37.93570102,1
11520894,16224745,RKO,59.98909867,1
11520894,16224745,SKMEL30,57.25773487,1
11520894,16224745,SKMES1,-4.078115393,0
11520894,16224745,SKOV3,62.78158881,1
11520894,16224745,UACC62,33.02638245,1
11520894,16224745,UWB1289,-6.20061407,0
11520894,16224745,UWB1289BRCA1,-5.202126305,0
11520894,46926350,A2780,31.92794058,1
11520894,46926350,HCT116,-9.554414179,0
11520894,46926350,HT144,-0.143698773,0
11520894,46926350,HT29,-3.536244637,0
11520894,46926350,LNCAP,33.37503452,1
11520894,46926350,LOVO,-0.119382165,0
11520894,46926350,NCIH520,-1.990652148,0
11520894,46926350,SW620,-5.392112107,0
11960529,60700,A2058,-1.187531198,0
11960529,60700,A375,-30.05242132,0
11960529,60700,A427,-3.321785774,0
11960529,60700,COLO320DM,-9.609036298,0
11960529,60700,DLD1,-10.96641065,0
11960529,60700,EFM192B,-16.2045174,0
11960529,60700,ES2,-15.16316218,0
11960529,60700,HCT116,-5.778504579,0
11960529,60700,HT144,-12.71817083,0
11960529,60700,HT29,-13.74201482,0
11960529,60700,LNCAP,-5.314052222,0
11960529,60700,LOVO,-20.57774761,0
11960529,60700,MSTO,-3.889944556,0
11960529,60700,NCIH1650,-16.28525243,0
11960529,60700,NCIH2122,-5.01979887,0
11960529,60700,NCIH23,-13.17469848,0
11960529,60700,NCIH460,-35.55824357,0
11960529,60700,NCIH520,-3.088285265,0
11960529,60700,OCUBM,-9.486108967,0
11960529,60700,OV90,-8.185136381,0
11960529,60700,OVCAR3,-21.5827409,0
11960529,60700,PA1,-7.166889503,0
11960529,60700,RKO,-12.44712596,0
11960529,60700,RPMI7951,-2.173326235,0
11960529,60700,SKMEL30,-7.161263697,0
11960529,60700,SKMES1,-17.67508406,0
11960529,60700,SKOV3,-9.215505679,0
11960529,60700,SW837,-13.77537319,0
11960529,60700,UACC62,-5.778245151,0
11960529,60700,UWB1289,-18.45347178,0
11960529,60700,UWB1289BRCA1,-15.70654273,0
11960529,60700,VCAP,-16.73042364,0
11960529,60700,ZR751,-3.791271445,0
11960529,104842,A2058,37.19755244,1
11960529,104842,CAOV3,41.82261363,1
11960529,104842,EFM192B,30.14977964,1
11960529,104842,LOVO,-6.582623677,0
11960529,104842,OCUBM,33.42900164,1
11960529,104842,OVCAR3,33.01382776,1
11960529,104842,PA1,31.16670432,1
11960529,104842,RKO,30.53249026,1
11960529,104842,T47D,39.83231175,1
11960529,104842,UWB1289,-1.59956143,0
11960529,104842,VCAP,-8.532292059,0
11960529,104842,ZR751,-12.24364896,0
11960529,216239,A2058,36.19616521,1
11960529,216239,CAOV3,-2.172723037,0
11960529,216239,MDAMB436,-0.60226086,0
11960529,216239,MSTO,-6.859831707,0
11960529,216239,OVCAR3,-4.856993725,0
11960529,216239,UWB1289BRCA1,-1.140165318,0
11960529,216239,ZR751,-4.469226553,0
11960529,5288382,HT29,-4.782981467,0
11960529,5288382,NCIH1650,-5.261806453,0
11960529,5288382,NCIH23,-6.233105646,0
11960529,5288382,NCIH460,-2.126961774,0
11960529,5288382,NCIH520,-1.957498827,0
11960529,5288382,OCUBM,31.71762887,1
11960529,5288382,OV90,-8.587738631,0
11960529,5288382,RKO,33.83147768,1
11960529,5288382,SKMEL30,30.34189343,1
11960529,5288382,SKOV3,-10.74656256,0
11960529,5288382,SW620,-15.0026455,0
11960529,5288382,T47D,-27.25381749,0
11960529,5288382,UWB1289,-14.3043912,0
11960529,5288382,UWB1289BRCA1,-31.47062211,0
11960529,5288382,ZR751,-17.08015794,0
11960529,9887053,A2780,-3.386439791,0
11960529,9887053,A375,-9.998775377,0
11960529,9887053,A427,-18.91591586,0
11960529,9887053,DLD1,-6.618850861,0
11960529,9887053,ES2,-16.82213133,0
11960529,9887053,HT144,-25.65655126,0
11960529,9887053,HT29,-6.317305767,0
11960529,9887053,LNCAP,-27.21438006,0
11960529,9887053,LOVO,-22.77447668,0
11960529,9887053,MDAMB436,-6.533292446,0
11960529,9887053,NCIH1650,-17.38778235,0
11960529,9887053,NCIH23,-22.07509333,0
11960529,9887053,NCIH460,-20.36656057,0
11960529,9887053,NCIH520,-8.7509534,0
11960529,9887053,OV90,-27.74913591,0
11960529,9887053,OVCAR3,-3.208436172,0
11960529,9887053,PA1,-24.69461216,0
11960529,9887053,RPMI7951,-26.72258512,0
11960529,9887053,SKMES1,-13.38060668,0
11960529,9887053,SKOV3,-4.579134701,0
11960529,9887053,SW837,-9.0448007,0
11960529,9887053,T47D,-34.67794411,0
11960529,9887053,UACC62,-19.8337096,0
11960529,9887053,UWB1289,-14.05042379,0
11960529,9887053,UWB1289BRCA1,-10.62392281,0
11960529,9887053,VCAP,-5.137258651,0
11960529,9887053,ZR751,-16.11918667,0
11960529,11520894,COLO320DM,-5.488461238,0
11960529,11520894,EFM192B,30.33180491,1
11960529,11520894,ES2,-1.280599389,0
11960529,11520894,HCT116,-5.454117138,0
11960529,11520894,HT144,-6.734091569,0
11960529,11520894,KPL1,41.59951047,1
11960529,11520894,LNCAP,-1.773372245,0
11960529,11520894,MSTO,75.5280528,1
11960529,11520894,NCIH1650,-9.167662501,0
11960529,11520894,NCIH460,-7.257895244,0
11960529,11520894,OV90,-0.760299907,0
11960529,11520894,SKMEL30,-0.265864753,0
11960529,11520894,SW837,-16.01122021,0
11960529,11520894,VCAP,-2.565641344,0
11960529,11520894,ZR751,-1.645029592,0
11960529,11977753,CAOV3,48.3199691,1
11960529,11977753,LNCAP,78.70408281,1
11960529,11977753,MSTO,42.00615065,1
11960529,11977753,T47D,117.0012793,1
11960529,11977753,UWB1289,32.06766556,1
11960529,16224745,A427,-4.883183236,0
11960529,16224745,EFM192B,-2.959691844,0
11960529,16224745,ES2,-17.17202362,0
11960529,16224745,HT144,-51.21988037,0
11960529,16224745,HT29,-1.957588732,0
11960529,16224745,LNCAP,-40.5994196,0
11960529,16224745,NCIH1650,-3.263942497,0
11960529,16224745,NCIH2122,-7.600734919,0
11960529,16224745,NCIH23,-7.794220194,0
11960529,16224745,NCIH460,-0.296353842,0
11960529,16224745,NCIH520,-2.55467753,0
11960529,16224745,RKO,-0.017228748,0
11960529,16224745,RPMI7951,-0.944761769,0
11960529,16224745,SKMEL30,-2.321165113,0
11960529,16224745,SKMES1,-1.408604054,0
11960529,16224745,SW837,-85.53233701,0
11960529,16224745,UWB1289,-30.36395736,0
11960529,16224745,UWB1289BRCA1,-31.4103635,0
11960529,16224745,VCAP,-9.269693283,0
11960529,16224745,ZR751,-32.47762672,0
11960529,46926350,HT144,-1.294163858,0
11960529,46926350,LNCAP,44.93017733,1
11960529,46926350,OV90,-7.962884871,0
11960529,46926350,SW837,-5.38924194,0
11960529,46926350,T47D,-24.15595065,0
11960529,46926350,ZR751,-9.285286251,0
11977753,104842,KPL1,30.14680216,1
11977753,104842,LNCAP,82.50811929,1
11977753,104842,NCIH460,39.22686474,1
11977753,104842,T47D,33.15341607,1
11977753,216239,CAOV3,-0.136427034,0
11977753,216239,EFM192B,-3.291998438,0
11977753,216239,MSTO,-7.608615921,0
11977753,216239,OVCAR3,-9.586959088,0
11977753,216239,RPMI7951,-4.417128388,0
11977753,216239,SW837,-0.789725002,0
11977753,216239,T47D,36.98789056,1
11977753,216239,ZR751,-9.530870525,0
11977753,9887053,A2780,-0.763978121,0
11977753,9887053,LOVO,-0.67486542,0
11977753,9887053,NCIH23,-1.632216753,0
11977753,9887053,OV90,-1.655041901,0
11977753,9887053,PA1,-1.81780899,0
11977753,9887053,T47D,87.76943271,1
11977753,9887053,ZR751,-2.429190134,0
11977753,16224745,A2058,65.61573897,1
11977753,16224745,A375,84.87796409,1
11977753,16224745,A427,36.46922909,1
11977753,16224745,CAOV3,37.37857369,1
11977753,16224745,ES2,43.08752858,1
11977753,16224745,HT144,-140.3657077,0
11977753,16224745,LNCAP,-109.2773148,0
11977753,16224745,MDAMB436,36.99710833,1
11977753,16224745,NCIH2122,-5.35818739,0
11977753,16224745,NCIH460,41.27199381,1
11977753,16224745,RKO,67.46701741,1
11977753,16224745,SKMEL30,39.1988903,1
11977753,16224745,SW837,-166.377562,0
11977753,16224745,T47D,103.9669876,1
11977753,16224745,UWB1289,-17.58187181,0
11977753,16224745,UWB1289BRCA1,-18.52757591,0
11977753,46926350,HCT116,-7.527744625,0
11977753,46926350,MSTO,-3.605839159,0
11977753,46926350,NCIH1650,-1.120997508,0
11977753,46926350,SKOV3,-15.47790974,0
11977753,46926350,SW620,-0.653971449,0
11977753,46926350,T47D,90.99144315,1
11977753,46926350,VCAP,-1.834549475,0
24748204,60700,A427,-18.63846458,0
24748204,60700,HT144,-2.603746348,0
24748204,60700,LNCAP,-125.2246186,0
24748204,60700,NCIH2122,-12.8758394,0
24748204,60700,NCIH460,-11.42581725,0
24748204,60700,OCUBM,-26.28730551,0
24748204,60700,OVCAR3,-12.16072848,0
24748204,60700,PA1,-1.257858836,0
24748204,60700,ZR751,-1.065762698,0
24748204,104842,A2058,-7.887824656,0
24748204,104842,A427,-5.384330356,0
24748204,104842,CAOV3,-20.33650068,0
24748204,104842,COLO320DM,-2.088085561,0
24748204,104842,DLD1,-3.030684585,0
24748204,104842,EFM192B,-34.45197815,0
24748204,104842,HT144,-7.57554133,0
24748204,104842,KPL1,-3.310340502,0
24748204,104842,LNCAP,-13.02700325,0
24748204,104842,LOVO,-9.004606746,0
24748204,104842,NCIH1650,-5.164843249,0
24748204,104842,NCIH2122,-115.0417586,0
24748204,104842,NCIH460,-11.70061119,0
24748204,104842,NCIH520,-17.89989057,0
24748204,104842,OCUBM,-4.458730476,0
24748204,104842,OV90,-7.149053424,0
24748204,104842,RKO,-0.53347738,0
24748204,104842,SKMEL30,-5.942668325,0
24748204,104842,SKMES1,-3.09881304,0
24748204,104842,SW620,-3.596975451,0
24748204,104842,SW837,-3.877789198,0
24748204,104842,UACC62,-4.648599902,0
24748204,104842,UWB1289,41.61482157,1
24748204,176870,A2058,-5.283885936,0
24748204,176870,CAOV3,-3.600364512,0
24748204,176870,COLO320DM,30.57012508,1
24748204,176870,EFM192B,-2.392588424,0
24748204,176870,LNCAP,-12.05321803,0
24748204,176870,MDAMB436,-0.514635132,0
24748204,176870,MSTO,36.21998274,1
24748204,176870,NCIH1650,-3.401687637,0
24748204,176870,NCIH2122,-1.527899187,0
24748204,176870,NCIH460,-0.954044375,0
24748204,176870,NCIH520,-2.531556927,0
24748204,176870,RKO,-4.52743992,0
24748204,176870,T47D,37.66636466,1
24748204,176870,UACC62,31.40755313,1
24748204,176870,UWB1289,36.56554166,1
24748204,216239,A2058,-9.509510545,0
24748204,216239,CAOV3,-16.3547382,0
24748204,216239,EFM192B,-7.079907518,0
24748204,216239,LNCAP,-8.151098845,0
24748204,216239,LOVO,-7.198627001,0
24748204,216239,MSTO,-6.963281629,0
24748204,216239,NCIH2122,-10.33994055,0
24748204,216239,NCIH460,-0.126551679,0
24748204,216239,OCUBM,-0.38200485,0
24748204,216239,OVCAR3,-16.1880788,0
24748204,216239,RPMI7951,-8.650664116,0
24748204,216239,SKMES1,-6.232917319,0
24748204,216239,VCAP,-1.480833942,0
24748204,216239,ZR751,-8.65892212,0
24748204,387447,A2058,-4.628485846,0
24748204,387447,A2780,-12.50471573,0
24748204,387447,A427,-9.36394819,0
24748204,387447,CAOV3,-22.20998765,0
24748204,387447,COLO320DM,-104.1310132,0
24748204,387447,EFM192B,-15.12835407,0
24748204,387447,ES2,-9.932575169,0
24748204,387447,HCT116,-2.635067487,0
24748204,387447,HT144,-18.6569206,0
24748204,387447,HT29,-11.64902318,0
24748204,387447,KPL1,-8.081944176,0
24748204,387447,LNCAP,-169.1358709,0
24748204,387447,LOVO,-5.124067005,0
24748204,387447,MDAMB436,-5.763824323,0
24748204,387447,MSTO,64.70115627,1
24748204,387447,NCIH1650,-16.54932006,0
24748204,387447,NCIH2122,-27.80835809,0
24748204,387447,NCIH23,-0.352533679,0
24748204,387447,NCIH460,-29.3281424,0
24748204,387447,NCIH520,-28.45266802,0
24748204,387447,OCUBM,-10.57406826,0
24748204,387447,OV90,-7.544090699,0
24748204,387447,OVCAR3,-16.12694769,0
24748204,387447,PA1,-11.06747412,0
24748204,387447,RPMI7951,-8.217925235,0
24748204,387447,SKMES1,-21.71603783,0
24748204,387447,SW620,-4.847395221,0
24748204,387447,SW837,-0.608326088,0
24748204,387447,T47D,-8.625776934,0
24748204,387447,UACC62,-16.92233875,0
24748204,387447,UWB1289,-20.50429329,0
24748204,387447,UWB1289BRCA1,-4.485783245,0
24748204,387447,VCAP,-12.77397782,0
24748204,387447,ZR751,-28.80172155,0
24748204,3062316,A2058,31.7288986,1
24748204,3062316,A2780,62.05053129,1
24748204,3062316,A427,43.50856947,1
24748204,3062316,EFM192B,33.39502363,1
24748204,3062316,ES2,-0.958708067,0
24748204,3062316,HT144,-34.64473664,0
24748204,3062316,LOVO,42.36548126,1
24748204,3062316,MSTO,90.51750612,1
24748204,3062316,NCIH1650,30.63154386,1
24748204,3062316,NCIH2122,-63.79162144,0
24748204,3062316,NCIH520,40.76851974,1
24748204,3062316,OVCAR3,55.8942825,1
24748204,3062316,PA1,46.31769395,1
24748204,3062316,SKMEL30,-12.24510781,0
24748204,3062316,T47D,-5.799404429,0
24748204,5288382,A2058,-11.07479595,0
24748204,5288382,A375,-4.340813107,0
24748204,5288382,CAOV3,-15.45702269,0
24748204,5288382,COLO320DM,-28.57377706,0
24748204,5288382,ES2,-0.227549094,0
24748204,5288382,HT144,-1.382351997,0
24748204,5288382,HT29,-4.832047614,0
24748204,5288382,LNCAP,-126.1315601,0
24748204,5288382,LOVO,-8.031820198,0
24748204,5288382,MSTO,-3.115607334,0
24748204,5288382,NCIH2122,-16.17185397,0
24748204,5288382,NCIH520,-2.762137019,0
24748204,5288382,OV90,-3.213252297,0
24748204,5288382,OVCAR3,-0.181449984,0
24748204,5288382,PA1,-8.581111158,0
24748204,5288382,RPMI7951,-4.16500481,0
24748204,5288382,SW620,-0.857663562,0
24748204,5288382,T47D,44.78143317,1
24748204,5288382,UWB1289BRCA1,-8.725951348,0
24748204,5288382,VCAP,-5.880115564,0
24748204,5288382,ZR751,-23.11928787,0
24748204,9826528,A2058,-8.213741559,0
24748204,9826528,COLO320DM,-31.41992687,0
24748204,9826528,HCT116,40.87877443,1
24748204,9826528,KPL1,-2.99256195,0
24748204,9826528,LNCAP,-86.71063539,0
24748204,9826528,NCIH2122,-10.1646911,0
24748204,9826528,NCIH520,-10.06844079,0
24748204,9826528,PA1,-1.373767106,0
24748204,9826528,RPMI7951,-2.726826575,0
24748204,9826528,SKMES1,-6.63773857,0
24748204,9826528,UACC62,-2.557771952,0
24748204,9826528,ZR751,-18.51008646,0
24748204,9887053,A2058,-16.79960639,0
24748204,9887053,A2780,-4.352363774,0
24748204,9887053,A375,-5.330377389,0
24748204,9887053,A427,-3.50940173,0
24748204,9887053,CAOV3,-13.65555614,0
24748204,9887053,DLD1,-0.198215759,0
24748204,9887053,EFM192B,-13.54650855,0
24748204,9887053,ES2,-9.551346801,0
24748204,9887053,HT144,-8.397447923,0
24748204,9887053,KPL1,-4.933031352,0
24748204,9887053,LNCAP,-4.226338672,0
24748204,9887053,LOVO,-11.86178847,0
24748204,9887053,MDAMB436,-7.220853833,0
24748204,9887053,NCIH1650,-1.23314194,0
24748204,9887053,NCIH2122,-3.555153312,0
24748204,9887053,NCIH460,-19.66714605,0
24748204,9887053,NCIH520,-8.237247735,0
24748204,9887053,OV90,-10.79795276,0
24748204,9887053,PA1,-5.235035463,0
24748204,9887053,RPMI7951,-12.3428234,0
24748204,9887053,SKMES1,-6.498795806,0
24748204,9887053,UACC62,-10.33835301,0
24748204,9887053,UWB1289BRCA1,-0.921900737,0
24748204,9887053,ZR751,-19.66520543,0
24748204,11520894,A2780,49.68135611,1
24748204,11520894,CAOV3,35.00406323,1
24748204,11520894,LNCAP,-5.60366858,0
24748204,11520894,NCIH2122,-1.484713197,0
24748204,11520894,NCIH460,-10.61530885,0
24748204,11520894,SKMES1,-1.700556664,0
24748204,11520894,T47D,35.58025624,1
24748204,11520894,UWB1289BRCA1,31.88031589,1
24748204,11960529,COLO320DM,-15.21999459,0
24748204,11960529,LNCAP,-51.68081715,0
24748204,11960529,MSTO,-1.685461731,0
24748204,11960529,NCIH1650,-0.765299105,0
24748204,11960529,NCIH520,-4.414656847,0
24748204,11960529,RKO,32.22192775,1
24748204,11960529,SW837,-5.537768543,0
24748204,11960529,ZR751,-13.82285845,0
24748204,11977753,COLO320DM,-73.16320052,0
24748204,11977753,LNCAP,-60.32380102,0
24748204,11977753,NCIH2122,-6.612149976,0
24748204,11977753,T47D,114.567378,1
24748204,16224745,A2058,-4.972035404,0
24748204,16224745,CAOV3,-1.156328396,0
24748204,16224745,COLO320DM,-48.36407554,0
24748204,16224745,DLD1,-8.436501213,0
24748204,16224745,HT144,-6.360094738,0
24748204,16224745,KPL1,-5.455326356,0
24748204,16224745,LNCAP,-84.97298671,0
24748204,16224745,MSTO,-17.04799999,0
24748204,16224745,NCIH1650,-3.74838413,0
24748204,16224745,NCIH2122,-17.11363575,0
24748204,16224745,NCIH460,-10.55445105,0
24748204,16224745,NCIH520,-12.58569527,0
24748204,16224745,OV90,-5.521953069,0
24748204,16224745,RPMI7951,-0.689847806,0
24748204,16224745,SKMES1,-9.632354489,0
24748204,16224745,SW837,-9.932328808,0
24748204,16224745,T47D,-8.421481253,0
24748204,16224745,UWB1289,-0.921568445,0
24748204,16224745,VCAP,-1.66084623,0
24748204,16224745,ZR751,-8.31192453,0
24748204,24958200,CAOV3,-16.44230102,0
24748204,24958200,HT144,-3.992875532,0
24748204,24958200,KPL1,-0.089156096,0
24748204,24958200,LNCAP,-22.64114223,0
24748204,24958200,NCIH460,-0.426801644,0
24748204,24958200,NCIH520,-12.60974674,0
24748204,24958200,OVCAR3,32.85388999,1
24748204,24958200,RKO,48.30471226,1
24748204,24958200,UWB1289BRCA1,-9.276874134,0
24748204,24958200,VCAP,-1.640894638,0
24748204,24964624,CAOV3,39.86931558,1
24748204,24964624,EFM192B,-4.826766817,0
24748204,24964624,KPL1,38.0653465,1
24748204,24964624,LNCAP,-5.611321793,0
24748204,24964624,MSTO,65.69614413,1
24748204,24964624,PA1,31.53017113,1
24748204,24964624,SW837,-2.248045123,0
24748204,24964624,T47D,-10.81630074,0
24748204,46926350,A2058,-8.508984463,0
24748204,46926350,A2780,-6.282523924,0
24748204,46926350,A427,-5.535172597,0
24748204,46926350,CAOV3,-11.4823232,0
24748204,46926350,COLO320DM,-66.68723585,0
24748204,46926350,EFM192B,-0.41277856,0
24748204,46926350,ES2,-0.775314238,0
24748204,46926350,HCT116,-3.004474112,0
24748204,46926350,HT144,-7.096937013,0
24748204,46926350,LNCAP,-87.07463478,0
24748204,46926350,LOVO,-4.434959738,0
24748204,46926350,MDAMB436,-3.520798303,0
24748204,46926350,MSTO,-0.977044061,0
24748204,46926350,NCIH1650,-0.646989838,0
24748204,46926350,NCIH2122,-13.31410733,0
24748204,46926350,NCIH23,-6.964543084,0
24748204,46926350,NCIH460,-8.309028973,0
24748204,46926350,NCIH520,-18.26637956,0
24748204,46926350,OCUBM,-8.830402392,0
24748204,46926350,OV90,-7.175640848,0
24748204,46926350,PA1,-8.329785652,0
24748204,46926350,RPMI7951,-6.461987826,0
24748204,46926350,SKMES1,-14.07871494,0
24748204,46926350,SW620,-5.445262586,0
24748204,46926350,T47D,-12.40801934,0
24748204,46926350,UWB1289,-2.725069786,0
24748204,46926350,UWB1289BRCA1,-1.79419193,0
24748204,46926350,VCAP,-21.43257341,0
24748204,46926350,ZR751,-17.72158876,0
24856436,60700,A375,-3.38614777,0
24856436,60700,EFM192B,-5.552569116,0
24856436,60700,ES2,-6.469664092,0
24856436,60700,LNCAP,-94.59775759,0
24856436,60700,NCIH460,-17.06965137,0
24856436,60700,OV90,-9.075561375,0
24856436,60700,OVCAR3,40.6440856,1
24856436,60700,RKO,-5.713063878,0
24856436,60700,RPMI7951,-6.691130158,0
24856436,60700,SKMES1,-11.42575829,0
24856436,104842,CAOV3,-4.103601947,0
24856436,104842,NCIH2122,-80.17199576,0
24856436,104842,NCIH23,-2.356416866,0
24856436,104842,NCIH460,-2.372889603,0
24856436,104842,OV90,-5.598044899,0
24856436,104842,OVCAR3,66.72317518,1
24856436,104842,RKO,-11.98206191,0
24856436,104842,SW620,-3.248693431,0
24856436,104842,T47D,-18.69047823,0
24856436,104842,UWB1289,58.97709162,1
24856436,176870,A427,-0.642974741,0
24856436,176870,COLO320DM,-1.170495177,0
24856436,176870,HCT116,-4.058734724,0
24856436,176870,NCIH23,-3.41903346,0
24856436,176870,NCIH460,-1.129319468,0
24856436,176870,NCIH520,-0.657913547,0
24856436,176870,OV90,-3.758827589,0
24856436,176870,PA1,-1.209698719,0
24856436,176870,SKMEL30,-2.161574901,0
24856436,176870,SW620,-7.662819577,0
24856436,176870,UWB1289,71.36218648,1
24856436,208908,A427,-0.424247435,0
24856436,208908,HT29,-0.763121553,0
24856436,208908,LNCAP,-12.22936762,0
24856436,208908,NCIH460,-4.867320428,0
24856436,208908,OV90,-6.395195141,0
24856436,208908,SW620,-1.392521851,0
24856436,208908,SW837,33.69723988,1
24856436,208908,UWB1289,83.04565373,1
24856436,208908,ZR751,-12.03149739,0
24856436,216239,A2058,-7.530589635,0
24856436,216239,A2780,-1.507640394,0
24856436,216239,CAOV3,-6.22326259,0
24856436,216239,COLO320DM,-5.141198045,0
24856436,216239,EFM192B,-2.638177166,0
24856436,216239,ES2,-3.386825906,0
24856436,216239,HT29,-7.323390906,0
24856436,216239,LNCAP,-2.635551587,0
24856436,216239,LOVO,-6.000398286,0
24856436,216239,MDAMB436,-3.4964197,0
24856436,216239,MSTO,-7.593609703,0
24856436,216239,NCIH2122,-8.830157899,0
24856436,216239,NCIH23,-10.55821782,0
24856436,216239,OV90,-5.025095386,0
24856436,216239,OVCAR3,-17.3878998,0
24856436,216239,RKO,-1.166652543,0
24856436,216239,RPMI7951,-4.941736166,0
24856436,216239,SKMES1,-7.363682557,0
24856436,216239,SW620,-2.811948278,0
24856436,216239,SW837,-1.303139641,0
24856436,216239,UWB1289BRCA1,-4.65638725,0
24856436,216239,VCAP,-20.82927107,0
24856436,216239,ZR751,-15.88240417,0
24856436,387447,A2780,-17.55948042,0
24856436,387447,A427,-18.34661485,0
24856436,387447,CAOV3,-20.03555451,0
24856436,387447,COLO320DM,-34.72870023,0
24856436,387447,EFM192B,-10.78914679,0
24856436,387447,ES2,-18.64255603,0
24856436,387447,HCT116,-3.033524443,0
24856436,387447,HT144,-1.617554506,0
24856436,387447,HT29,-18.92954483,0
24856436,387447,KPL1,-2.976110225,0
24856436,387447,LNCAP,-11.56046415,0
24856436,387447,LOVO,-6.806273259,0
24856436,387447,MDAMB436,-5.016650683,0
24856436,387447,MSTO,36.59996851,1
24856436,387447,NCIH1650,-19.84631947,0
24856436,387447,NCIH2122,-16.26938113,0
24856436,387447,NCIH23,-18.820814,0
24856436,387447,NCIH520,-18.59569714,0
24856436,387447,OCUBM,-10.42875904,0
24856436,387447,OV90,-11.91326085,0
24856436,387447,OVCAR3,-16.93259274,0
24856436,387447,PA1,-9.717805139,0
24856436,387447,RKO,-12.67666435,0
24856436,387447,RPMI7951,-17.90369234,0
24856436,387447,SKMEL30,-15.70918499,0
24856436,387447,SKMES1,-18.74799388,0
24856436,387447,SW620,-6.008926524,0
24856436,387447,T47D,-16.28306878,0
24856436,387447,UACC62,-5.240501085,0
24856436,387447,UWB1289,42.07240376,1
24856436,387447,UWB1289BRCA1,-4.125461557,0
24856436,387447,VCAP,-24.43246657,0
24856436,387447,ZR751,-11.21496757,0
24856436,3062316,A2058,34.97062024,1
24856436,3062316,A2780,63.3161055,1
24856436,3062316,A375,63.34866372,1
24856436,3062316,A427,39.57408251,1
24856436,3062316,KPL1,35.72886618,1
24856436,3062316,MDAMB436,39.31007727,1
24856436,3062316,MSTO,56.50941313,1
24856436,3062316,NCIH2122,-29.14558342,0
24856436,3062316,NCIH23,39.04268663,1
24856436,3062316,NCIH520,42.09049498,1
24856436,3062316,OVCAR3,52.799135,1
24856436,3062316,RKO,41.91153524,1
24856436,3062316,SW620,64.27435309,1
24856436,3062316,SW837,37.53767894,1
24856436,3062316,UWB1289,36.84844558,1
24856436,3062316,ZR751,-23.97165911,0
24856436,5288382,A2780,-3.119884147,0
24856436,5288382,A427,-8.031940028,0
24856436,5288382,HT29,-9.885905517,0
24856436,5288382,LOVO,-9.604777135,0
24856436,5288382,MSTO,-14.8467137,0
24856436,5288382,NCIH1650,-6.795157456,0
24856436,5288382,NCIH2122,-11.43914148,0
24856436,5288382,NCIH23,-19.31689367,0
24856436,5288382,NCIH460,-5.186641338,0
24856436,5288382,NCIH520,-3.428920809,0
24856436,5288382,OV90,-16.49296861,0
24856436,5288382,OVCAR3,-23.09594295,0
24856436,5288382,RPMI7951,-10.08765428,0
24856436,5288382,SKMES1,-0.464487801,0
24856436,5288382,SKOV3,-1.618784014,0
24856436,5288382,SW620,-9.336885378,0
24856436,5288382,SW837,-5.092495849,0
24856436,5288382,T47D,-15.83642827,0
24856436,5288382,UWB1289,82.13340905,1
24856436,5288382,UWB1289BRCA1,-6.929352287,0
24856436,5288382,VCAP,-20.01642439,0
24856436,5288382,ZR751,-12.46712116,0
24856436,9826528,LNCAP,-22.34432496,0
24856436,9826528,OV90,-2.457937878,0
24856436,9826528,SKMES1,-2.634238429,0
24856436,9826528,T47D,-2.849065015,0
24856436,9826528,UWB1289,98.87860425,1
24856436,9826528,ZR751,-5.428871101,0
24856436,9887053,A2058,-0.392419122,0
24856436,9887053,A2780,-9.416701007,0
24856436,9887053,A375,-1.374197556,0
24856436,9887053,COLO320DM,-2.40871313,0
24856436,9887053,DLD1,-6.366821248,0
24856436,9887053,EFM192B,-6.54300596,0
24856436,9887053,ES2,-7.967974787,0
24856436,9887053,HT144,-3.35251388,0
24856436,9887053,HT29,-5.463212997,0
24856436,9887053,KPL1,-7.59938814,0
24856436,9887053,LOVO,-2.694827624,0
24856436,9887053,MDAMB436,-6.239491783,0
24856436,9887053,MSTO,-6.285232237,0
24856436,9887053,NCIH1650,-1.18820448,0
24856436,9887053,NCIH2122,-8.880559199,0
24856436,9887053,NCIH23,-10.94954528,0
24856436,9887053,NCIH460,-11.92482495,0
24856436,9887053,NCIH520,-10.10476018,0
24856436,9887053,OV90,-21.61671093,0
24856436,9887053,RKO,-12.13394841,0
24856436,9887053,RPMI7951,-4.87999603,0
24856436,9887053,SKMEL30,-4.500513575,0
24856436,9887053,SW620,-5.759749556,0
24856436,9887053,SW837,-2.946618974,0
24856436,9887053,T47D,-2.739560542,0
24856436,9887053,UACC62,-2.913415953,0
24856436,9887053,UWB1289,58.5643853,1
24856436,9887053,UWB1289BRCA1,-2.035202077,0
24856436,9887053,VCAP,-10.10762358,0
24856436,9887053,ZR751,-6.539459225,0
24856436,11520894,A2058,38.93836298,1
24856436,11520894,A375,42.60021913,1
24856436,11520894,EFM192B,31.41552695,1
24856436,11520894,ES2,30.71813145,1
24856436,11520894,KPL1,32.90502518,1
24856436,11520894,NCIH1650,36.96883119,1
24856436,11520894,OCUBM,34.18528448,1
24856436,11520894,PA1,30.80415567,1
24856436,11520894,RPMI7951,33.03589298,1
24856436,11520894,SKOV3,46.2955311,1
24856436,11520894,UACC62,31.87602611,1
24856436,11520894,UWB1289,97.70362184,1
24856436,11960529,A427,-5.445983699,0
24856436,11960529,DLD1,-0.855570065,0
24856436,11960529,EFM192B,-9.002299148,0
24856436,11960529,ES2,-4.590645148,0
24856436,11960529,HCT116,-3.433794426,0
24856436,11960529,LNCAP,-11.56591243,0
24856436,11960529,LOVO,-3.458477151,0
24856436,11960529,NCIH1650,-0.312991935,0
24856436,11960529,NCIH2122,-4.003597153,0
24856436,11960529,NCIH23,-5.239526716,0
24856436,11960529,NCIH460,-6.604038563,0
24856436,11960529,OV90,-1.193231813,0
24856436,11960529,RKO,-2.089315318,0
24856436,11960529,RPMI7951,-0.368614747,0
24856436,11960529,SW620,-2.961819211,0
24856436,11960529,SW837,-10.75733812,0
24856436,11960529,T47D,-10.32331212,0
24856436,11960529,UWB1289,60.31694066,1
24856436,11960529,UWB1289BRCA1,-6.018377355,0
24856436,11960529,VCAP,-10.38201033,0
24856436,11960529,ZR751,-11.19139976,0
24856436,11977753,A375,51.63655767,1
24856436,11977753,DLD1,30.50680672,1
24856436,11977753,HT144,30.76397327,1
24856436,11977753,LNCAP,61.89051853,1
24856436,11977753,NCIH2122,-2.453586855,0
24856436,11977753,NCIH460,38.21325157,1
24856436,11977753,RKO,31.73685611,1
24856436,11977753,T47D,93.72819505,1
24856436,11977753,UWB1289,78.4206107,1
24856436,16224745,A2058,69.5765509,1
24856436,16224745,A2780,54.0791044,1
24856436,16224745,A375,66.96858448,1
24856436,16224745,A427,67.36023191,1
24856436,16224745,COLO320DM,35.95576605,1
24856436,16224745,EFM192B,42.03556396,1
24856436,16224745,ES2,42.84875816,1
24856436,16224745,HCT116,48.56639787,1
24856436,16224745,HT144,45.71018599,1
24856436,16224745,HT29,57.15392118,1
24856436,16224745,MDAMB436,47.22748984,1
24856436,16224745,MSTO,42.8606636,1
24856436,16224745,NCIH1650,42.51019114,1
24856436,16224745,NCIH23,39.39731818,1
24856436,16224745,NCIH460,33.94350197,1
24856436,16224745,NCIH520,40.75548759,1
24856436,16224745,OCUBM,65.90411961,1
24856436,16224745,OV90,32.25263687,1
24856436,16224745,OVCAR3,42.41436244,1
24856436,16224745,PA1,40.86023862,1
24856436,16224745,RKO,58.45222688,1
24856436,16224745,RPMI7951,32.4372578,1
24856436,16224745,SKMEL30,64.51711716,1
24856436,16224745,SKOV3,63.47893218,1
24856436,16224745,UACC62,43.18698553,1
24856436,16224745,UWB1289BRCA1,-8.887047629,0
24856436,16224745,VCAP,78.22509908,1
24856436,16224745,ZR751,36.01811775,1
24856436,24748204,A2058,-9.504263856,0
24856436,24748204,A427,-4.345642765,0
24856436,24748204,CAOV3,-7.53552606,0
24856436,24748204,EFM192B,-0.166174862,0
24856436,24748204,NCIH2122,-15.78427287,0
24856436,24748204,NCIH460,-2.649376712,0
24856436,24748204,RPMI7951,-4.481146443,0
24856436,24748204,SKMES1,-2.911218585,0
24856436,24748204,UWB1289,65.6475366,1
24856436,24748204,VCAP,-7.136631412,0
24856436,24748204,ZR751,-7.277957235,0
24856436,24958200,A2058,32.76872947,1
24856436,24958200,CAOV3,-0.744029904,0
24856436,24958200,COLO320DM,-1.64740255,0
24856436,24958200,DLD1,-1.874645652,0
24856436,24958200,ES2,-5.588515554,0
24856436,24958200,MSTO,-8.629142265,0
24856436,24958200,OCUBM,73.21985334,1
24856436,24958200,OV90,-1.462006373,0
24856436,24958200,OVCAR3,60.0744133,1
24856436,24958200,PA1,31.75829571,1
24856436,24958200,UWB1289,66.35613169,1
24856436,24958200,UWB1289BRCA1,-11.27183824,0
24856436,24964624,UWB1289,94.88728323,1
24856436,24964624,VCAP,-9.605536278,0
24856436,46926350,A2058,-12.36585978,0
24856436,46926350,A2780,-4.941389456,0
24856436,46926350,A427,-11.37380434,0
24856436,46926350,CAOV3,-21.76145014,0
24856436,46926350,COLO320DM,-5.732339979,0
24856436,46926350,EFM192B,-8.228113367,0
24856436,46926350,ES2,-6.191822846,0
24856436,46926350,HCT116,-3.426543564,0
24856436,46926350,HT144,-0.053685457,0
24856436,46926350,HT29,-8.139024226,0
24856436,46926350,KPL1,-2.589509381,0
24856436,46926350,LOVO,-15.35342803,0
24856436,46926350,MDAMB436,-0.869457093,0
24856436,46926350,MSTO,-6.215169685,0
24856436,46926350,NCIH1650,-9.251873363,0
24856436,46926350,NCIH2122,-11.4558726,0
24856436,46926350,NCIH23,-24.27417292,0
24856436,46926350,NCIH460,-3.545286749,0
24856436,46926350,NCIH520,-3.328376684,0
24856436,46926350,OCUBM,-2.770137242,0
24856436,46926350,OV90,-17.31290487,0
24856436,46926350,OVCAR3,-1.997484637,0
24856436,46926350,PA1,-10.04035301,0
24856436,46926350,RPMI7951,-6.600154786,0
24856436,46926350,SKMEL30,-9.038234997,0
24856436,46926350,SKMES1,-18.11300988,0
24856436,46926350,SKOV3,-6.234547437,0
24856436,46926350,SW620,-8.463039328,0
24856436,46926350,SW837,-5.084259188,0
24856436,46926350,T47D,-8.963166233,0
24856436,46926350,UWB1289,40.73011269,1
24856436,46926350,UWB1289BRCA1,-10.32750257,0
24856436,46926350,VCAP,-27.30666551,0
24856436,46926350,ZR751,-14.95849747,0
24958200,60700,A2058,-1.563094982,0
24958200,60700,EFM192B,32.71577214,1
24958200,60700,ES2,-1.382432755,0
24958200,60700,HCT116,30.38325699,1
24958200,60700,MSTO,32.98579469,1
24958200,60700,NCIH1650,32.85264182,1
24958200,60700,OCUBM,-16.15766336,0
24958200,60700,OVCAR3,-21.4269635,0
24958200,60700,PA1,-6.514869483,0
24958200,60700,RKO,30.62674777,1
24958200,60700,SKMES1,50.41670258,1
24958200,60700,SKOV3,33.75560629,1
24958200,60700,SW837,-8.234301821,0
24958200,60700,T47D,-15.72579511,0
24958200,60700,VCAP,36.83249416,1
24958200,104842,A2780,31.23605097,1
24958200,104842,A375,35.20710076,1
24958200,104842,CAOV3,31.02639734,1
24958200,104842,HCT116,30.37177161,1
24958200,104842,LOVO,-0.573360387,0
24958200,104842,MSTO,41.07253268,1
24958200,104842,OCUBM,44.14619294,1
24958200,104842,RKO,35.86583895,1
24958200,104842,RPMI7951,32.00144019,1
24958200,104842,SKMES1,32.24493211,1
24958200,104842,SKOV3,33.695974,1
24958200,104842,UACC62,35.62825131,1
24958200,104842,UWB1289BRCA1,31.64708677,1
24958200,104842,VCAP,38.2374649,1
24958200,176870,A427,-8.675867311,0
24958200,176870,DLD1,-5.543391547,0
24958200,176870,ES2,-8.09037242,0
24958200,176870,LNCAP,-15.22697238,0
24958200,176870,MSTO,33.17163046,1
24958200,176870,NCIH23,-6.630228417,0
24958200,176870,OCUBM,36.37939891,1
24958200,176870,OV90,-10.55693101,0
24958200,176870,RPMI7951,-2.448619482,0
24958200,176870,SKMEL30,-3.590055117,0
24958200,216239,A2058,-11.72755988,0
24958200,216239,CAOV3,-16.76167867,0
24958200,216239,ES2,-6.816569908,0
24958200,216239,LNCAP,-10.90478102,0
24958200,216239,LOVO,-5.59961435,0
24958200,216239,MDAMB436,-3.019767541,0
24958200,216239,MSTO,-8.594945461,0
24958200,216239,NCIH1650,-0.353930508,0
24958200,216239,OV90,-1.479686951,0
24958200,216239,OVCAR3,-4.351257453,0
24958200,216239,RPMI7951,-3.266563763,0
24958200,216239,T47D,-3.143078232,0
24958200,216239,VCAP,-7.865619709,0
24958200,216239,ZR751,-20.49732089,0
24958200,387447,A2780,-10.3967464,0
24958200,387447,A375,-22.39011546,0
24958200,387447,A427,-8.639953364,0
24958200,387447,CAOV3,-21.75172342,0
24958200,387447,COLO320DM,-15.15826099,0
24958200,387447,ES2,-19.95916294,0
24958200,387447,HT144,-153.9406707,0
24958200,387447,HT29,-17.70952785,0
24958200,387447,LNCAP,-151.2309129,0
24958200,387447,MSTO,36.17946125,1
24958200,387447,NCIH1650,-20.68081601,0
24958200,387447,NCIH23,-4.951219182,0
24958200,387447,NCIH520,-32.43348826,0
24958200,387447,OV90,-4.576218374,0
24958200,387447,PA1,-13.10386888,0
24958200,387447,RPMI7951,-12.09441404,0
24958200,387447,SKMEL30,-1.857247564,0
24958200,387447,SKMES1,-13.01422677,0
24958200,387447,SW837,-154.4375722,0
24958200,387447,T47D,-11.2295534,0
24958200,387447,UACC62,-3.583516463,0
24958200,387447,VCAP,-8.953781546,0
24958200,3062316,A2780,65.13695999,1
24958200,3062316,A375,31.83880147,1
24958200,3062316,EFM192B,33.78313972,1
24958200,3062316,ES2,-4.520860306,0
24958200,3062316,HCT116,-4.725566271,0
24958200,3062316,HT144,-38.13791476,0
24958200,3062316,LOVO,34.29853174,1
24958200,3062316,MSTO,90.80406156,1
24958200,3062316,NCIH1650,30.81865626,1
24958200,3062316,NCIH2122,-48.85307597,0
24958200,3062316,NCIH520,55.17163732,1
24958200,3062316,OCUBM,-8.176941601,0
24958200,3062316,OV90,-5.875722896,0
24958200,3062316,OVCAR3,77.7320836,1
24958200,3062316,SKMEL30,-23.27005194,0
24958200,3062316,SKOV3,-5.519415336,0
24958200,3062316,SW620,37.05633783,1
24958200,3062316,T47D,-15.38395731,0
24958200,5288382,A2058,33.02572565,1
24958200,5288382,A375,-23.72864256,0
24958200,5288382,CAOV3,-11.24477168,0
24958200,5288382,ES2,-1.21475759,0
24958200,5288382,HT144,-192.3795413,0
24958200,5288382,HT29,-1.834416092,0
24958200,5288382,LNCAP,-146.8610115,0
24958200,5288382,LOVO,-17.26781172,0
24958200,5288382,MSTO,-9.004330625,0
24958200,5288382,NCIH23,-14.19073386,0
24958200,5288382,OV90,-6.191225867,0
24958200,5288382,OVCAR3,57.85094584,1
24958200,5288382,RKO,-2.771483432,0
24958200,5288382,RPMI7951,-2.867792917,0
24958200,5288382,SKOV3,-6.642267796,0
24958200,5288382,SW837,-159.2956556,0
24958200,5288382,T47D,-21.71288315,0
24958200,5288382,UACC62,-15.75738636,0
24958200,5288382,ZR751,-11.93602233,0
24958200,9826528,A2780,34.58357927,1
24958200,9826528,A375,-0.773642645,0
24958200,9826528,A427,-10.84520718,0
24958200,9826528,ES2,-2.109087215,0
24958200,9826528,HT29,-2.484578446,0
24958200,9826528,KPL1,-2.592169102,0
24958200,9826528,LNCAP,-17.88288846,0
24958200,9826528,LOVO,-2.84261468,0
24958200,9826528,NCIH1650,-10.39191062,0
24958200,9826528,NCIH23,-2.839496171,0
24958200,9826528,NCIH520,-8.926643991,0
24958200,9826528,OV90,-9.756052268,0
24958200,9826528,OVCAR3,39.79809095,1
24958200,9826528,RPMI7951,-3.086341349,0
24958200,9826528,SKMEL30,-3.423256687,0
24958200,9826528,SKMES1,-18.76747563,0
24958200,9826528,SKOV3,-0.068983146,0
24958200,9826528,T47D,-8.539766165,0
24958200,9826528,UACC62,-14.9478733,0
24958200,9887053,A375,-13.12403416,0
24958200,9887053,A427,-12.08454218,0
24958200,9887053,CAOV3,-10.69339306,0
24958200,9887053,DLD1,-9.479845917,0
24958200,9887053,EFM192B,-0.953767123,0
24958200,9887053,ES2,-11.94318529,0
24958200,9887053,HT144,-12.90403791,0
24958200,9887053,HT29,-2.333874771,0
24958200,9887053,KPL1,-1.074116006,0
24958200,9887053,LOVO,-17.71637215,0
24958200,9887053,MDAMB436,-7.027663041,0
24958200,9887053,MSTO,-4.0413467,0
24958200,9887053,NCIH1650,-6.860174398,0
24958200,9887053,NCIH23,-15.55740914,0
24958200,9887053,NCIH460,-14.30528425,0
24958200,9887053,OV90,-24.31968963,0
24958200,9887053,PA1,-15.34818908,0
24958200,9887053,RKO,-6.000053455,0
24958200,9887053,RPMI7951,-26.16793285,0
24958200,9887053,SKMES1,-5.896323264,0
24958200,9887053,SW837,-1.208760378,0
24958200,9887053,T47D,-8.252042083,0
24958200,9887053,UACC62,-22.61040291,0
24958200,9887053,ZR751,-6.541435796,0
24958200,11520894,A375,43.98027013,1
24958200,11520894,A427,33.2012221,1
24958200,11520894,CAOV3,-3.446107071,0
24958200,11520894,EFM192B,57.06478373,1
24958200,11520894,HT29,31.83647965,1
24958200,11520894,KPL1,34.34160551,1
24958200,11520894,MSTO,-6.994062215,0
24958200,11520894,OCUBM,32.87484824,1
24958200,11520894,OVCAR3,47.26739906,1
24958200,11520894,RKO,33.37876583,1
24958200,11520894,T47D,34.45598785,1
24958200,11520894,UWB1289BRCA1,-11.84156204,0
24958200,11520894,VCAP,34.69813515,1
24958200,11960529,A2058,-21.70958503,0
24958200,11960529,A2780,-15.06682657,0
24958200,11960529,A375,-20.25680346,0
24958200,11960529,A427,-9.721448898,0
24958200,11960529,CAOV3,-44.05137957,0
24958200,11960529,DLD1,-1.507111972,0
24958200,11960529,EFM192B,-10.42305878,0
24958200,11960529,ES2,-6.552240007,0
24958200,11960529,HCT116,-2.968479833,0
24958200,11960529,HT144,-27.39012608,0
24958200,11960529,KPL1,-2.919967535,0
24958200,11960529,LNCAP,-50.21620144,0
24958200,11960529,LOVO,-10.49160317,0
24958200,11960529,MDAMB436,-3.415619053,0
24958200,11960529,MSTO,-10.98094925,0
24958200,11960529,NCIH1650,-15.65087664,0
24958200,11960529,NCIH2122,-3.193496465,0
24958200,11960529,NCIH23,-8.993707413,0
24958200,11960529,NCIH460,-13.33376737,0
24958200,11960529,NCIH520,-8.596830872,0
24958200,11960529,PA1,-0.29372278,0
24958200,11960529,RKO,-6.944775833,0
24958200,11960529,RPMI7951,-2.146500877,0
24958200,11960529,SKMEL30,-3.059967541,0
24958200,11960529,SKMES1,-6.998019041,0
24958200,11960529,SW620,-4.818807467,0
24958200,11960529,SW837,-60.44111464,0
24958200,11960529,T47D,-0.198489483,0
24958200,11960529,UACC62,-14.40390946,0
24958200,11960529,VCAP,-3.481466676,0
24958200,11960529,ZR751,-18.81288319,0
24958200,11977753,A375,45.06314429,1
24958200,11977753,CAOV3,-2.520259996,0
24958200,11977753,LNCAP,67.3045457,1
24958200,11977753,NCIH23,-4.527918302,0
24958200,11977753,NCIH460,31.66413676,1
24958200,11977753,T47D,110.1087282,1
24958200,16224745,A2058,59.71957345,1
24958200,16224745,A375,33.35963122,1
24958200,16224745,A427,-4.503186209,0
24958200,16224745,EFM192B,-4.385680689,0
24958200,16224745,ES2,-36.85975688,0
24958200,16224745,LNCAP,-12.09874647,0
24958200,16224745,LOVO,-10.47546151,0
24958200,16224745,NCIH1650,-7.483973823,0
24958200,16224745,NCIH2122,-13.43811325,0
24958200,16224745,NCIH23,-4.724629616,0
24958200,16224745,OCUBM,58.41661815,1
24958200,16224745,OVCAR3,61.02779635,1
24958200,16224745,RPMI7951,-6.406523712,0
24958200,16224745,SKMES1,-1.742250597,0
24958200,16224745,SW837,-11.45302592,0
24958200,16224745,T47D,-14.81381286,0
24958200,16224745,UWB1289,-14.42853377,0
24958200,16224745,UWB1289BRCA1,-30.14515,0
24958200,24964624,A2058,49.61826057,1
24958200,24964624,ES2,-0.143089336,0
24958200,24964624,KPL1,45.91860721,1
24958200,24964624,LNCAP,-1.151403425,0
24958200,24964624,NCIH2122,58.42670092,1
24958200,24964624,NCIH460,34.08631299,1
24958200,24964624,OCUBM,34.60286701,1
24958200,24964624,PA1,70.6119109,1
24958200,24964624,RKO,69.39351261,1
24958200,24964624,SW620,36.54412001,1
24958200,24964624,SW837,33.26789276,1
24958200,46926350,A2058,-3.324391676,0
24958200,46926350,A375,-12.75710589,0
24958200,46926350,A427,-5.512367032,0
24958200,46926350,CAOV3,-6.287873725,0
24958200,46926350,COLO320DM,-15.08825334,0
24958200,46926350,DLD1,-9.242275932,0
24958200,46926350,EFM192B,-13.26642816,0
24958200,46926350,ES2,-18.76921564,0
24958200,46926350,HCT116,-8.47155097,0
24958200,46926350,HT144,-6.752588361,0
24958200,46926350,HT29,-5.784939593,0
24958200,46926350,LNCAP,-1.870128722,0
24958200,46926350,LOVO,-12.53597676,0
24958200,46926350,MSTO,-2.555738146,0
24958200,46926350,NCIH23,-12.95214228,0
24958200,46926350,NCIH520,-11.57183416,0
24958200,46926350,OCUBM,-0.463980033,0
24958200,46926350,OV90,-19.65876003,0
24958200,46926350,PA1,-7.550272929,0
24958200,46926350,RPMI7951,-1.430816669,0
24958200,46926350,SKMEL30,-6.960430131,0
24958200,46926350,SW620,-6.138001231,0
24958200,46926350,SW837,-18.83432402,0
24958200,46926350,T47D,-28.79779446,0
24958200,46926350,UACC62,-0.104040789,0
24958200,46926350,UWB1289,-9.257661335,0
24958200,46926350,UWB1289BRCA1,-2.3584204,0
24964624,60700,A427,31.93715244,1
24964624,60700,EFM192B,-4.25075032,0
24964624,60700,HCT116,32.57503221,1
24964624,60700,KPL1,52.12661745,1
24964624,60700,LNCAP,-201.1613889,0
24964624,60700,NCIH520,33.89400746,1
24964624,60700,OV90,33.98540792,1
24964624,60700,OVCAR3,-1.81823831,0
24964624,60700,RKO,37.06036715,1
24964624,60700,SW837,33.06138247,1
24964624,60700,UWB1289,-0.549408022,0
24964624,60700,VCAP,30.99670532,1
24964624,60700,ZR751,31.52488246,1
24964624,104842,A375,45.8996785,1
24964624,104842,CAOV3,42.78067507,1
24964624,104842,EFM192B,-0.287441677,0
24964624,104842,HT144,44.70688808,1
24964624,104842,KPL1,53.37997312,1
24964624,104842,RKO,42.49491349,1
24964624,104842,T47D,53.95219497,1
24964624,104842,UACC62,35.03718369,1
24964624,176870,A2780,36.05292457,1
24964624,176870,CAOV3,32.50004987,1
24964624,176870,DLD1,55.24974748,1
24964624,176870,ES2,-7.060780947,0
24964624,176870,HT29,44.43340781,1
24964624,176870,KPL1,56.0780394,1
24964624,176870,LOVO,32.11986629,1
24964624,176870,MSTO,66.78584124,1
24964624,176870,NCIH1650,41.98183592,1
24964624,176870,NCIH2122,66.62353806,1
24964624,176870,OVCAR3,44.75582631,1
24964624,176870,SKMES1,55.93520513,1
24964624,176870,SKOV3,58.80524209,1
24964624,176870,SW620,-2.159067819,0
24964624,176870,SW837,89.3189494,1
24964624,176870,T47D,-3.958176299,0
24964624,176870,UACC62,38.33333565,1
24964624,176870,UWB1289,62.739321,1
24964624,176870,UWB1289BRCA1,52.41325453,1
24964624,176870,ZR751,51.87789229,1
24964624,216239,EFM192B,-9.054622087,0
24964624,216239,HCT116,30.04669652,1
24964624,216239,LNCAP,-1.506842154,0
24964624,216239,MSTO,-5.999380895,0
24964624,216239,OVCAR3,-12.53227498,0
24964624,216239,ZR751,-9.844146023,0
24964624,387447,A2058,-0.385856976,0
24964624,387447,A427,-0.942062624,0
24964624,387447,COLO320DM,-26.47411986,0
24964624,387447,EFM192B,-25.80877958,0
24964624,387447,ES2,-2.450428918,0
24964624,387447,HT144,-7.716251199,0
24964624,387447,HT29,-24.83132752,0
24964624,387447,MDAMB436,-16.37034622,0
24964624,387447,MSTO,64.83379718,1
24964624,387447,NCIH1650,-18.08187321,0
24964624,387447,NCIH23,-4.261548093,0
24964624,387447,NCIH520,-32.57259499,0
24964624,387447,OCUBM,-15.50090224,0
24964624,387447,OV90,-21.56278244,0
24964624,387447,OVCAR3,-19.64009397,0
24964624,387447,RPMI7951,-16.10889897,0
24964624,387447,SKMEL30,-0.616849632,0
24964624,387447,SKMES1,-12.31546068,0
24964624,387447,T47D,-10.6691753,0
24964624,387447,UACC62,-17.88266052,0
24964624,387447,UWB1289,-30.21339624,0
24964624,387447,VCAP,-13.71988607,0
24964624,387447,ZR751,-11.98836512,0
24964624,3062316,A2058,89.36773897,1
24964624,3062316,A2780,112.0310331,1
24964624,3062316,A375,74.12786525,1
24964624,3062316,A427,32.03986248,1
24964624,3062316,DLD1,53.19373088,1
24964624,3062316,HCT116,41.31261768,1
24964624,3062316,HT29,92.67634771,1
24964624,3062316,LNCAP,34.47084272,1
24964624,3062316,LOVO,58.9528984,1
24964624,3062316,MDAMB436,46.42935527,1
24964624,3062316,MSTO,88.33317664,1
24964624,3062316,NCIH1650,79.33795464,1
24964624,3062316,NCIH2122,62.33808977,1
24964624,3062316,NCIH23,38.73707855,1
24964624,3062316,NCIH460,52.99748664,1
24964624,3062316,NCIH520,60.18384285,1
24964624,3062316,OV90,58.60538753,1
24964624,3062316,OVCAR3,66.16723317,1
24964624,3062316,RKO,80.05392223,1
24964624,3062316,SKMEL30,-1.667679652,0
24964624,3062316,SKMES1,40.56600647,1
24964624,3062316,SKOV3,33.25620059,1
24964624,3062316,SW620,43.8597303,1
24964624,3062316,SW837,72.99388724,1
24964624,3062316,UACC62,55.61194107,1
24964624,3062316,UWB1289BRCA1,-0.197695234,0
24964624,5288382,A2780,41.57486072,1
24964624,5288382,EFM192B,-39.28309317,0
24964624,5288382,LOVO,-9.939653471,0
24964624,5288382,MSTO,-23.86586022,0
24964624,5288382,NCIH23,-0.12464385,0
24964624,5288382,NCIH520,-23.0962683,0
24964624,5288382,OV90,-4.240352032,0
24964624,5288382,OVCAR3,-26.30605614,0
24964624,5288382,RPMI7951,-6.624576626,0
24964624,5288382,T47D,-5.361513501,0
24964624,5288382,UWB1289,-18.66644822,0
24964624,5288382,UWB1289BRCA1,-5.563222549,0
24964624,5288382,VCAP,-5.151226471,0
24964624,9826528,A2058,45.15288676,1
24964624,9826528,A2780,81.99827512,1
24964624,9826528,A427,43.39414118,1
24964624,9826528,CAOV3,68.54531014,1
24964624,9826528,COLO320DM,-1.434498425,0
24964624,9826528,DLD1,36.72904523,1
24964624,9826528,EFM192B,-5.184323041,0
24964624,9826528,HCT116,38.16283319,1
24964624,9826528,HT29,40.04670144,1
24964624,9826528,KPL1,51.11354744,1
24964624,9826528,LOVO,40.30703362,1
24964624,9826528,MSTO,-9.942050809,0
24964624,9826528,NCIH1650,-0.959110819,0
24964624,9826528,NCIH2122,54.43648537,1
24964624,9826528,NCIH460,65.94852535,1
24964624,9826528,NCIH520,-2.174767077,0
24964624,9826528,OCUBM,-4.661767125,0
24964624,9826528,OVCAR3,34.11987924,1
24964624,9826528,PA1,36.46015222,1
24964624,9826528,RKO,33.83286488,1
24964624,9826528,RPMI7951,36.22199551,1
24964624,9826528,SKMES1,33.98259028,1
24964624,9826528,SKOV3,51.48965792,1
24964624,9826528,SW837,44.91738708,1
24964624,9826528,UACC62,33.04398437,1
24964624,9826528,UWB1289,74.34803554,1
24964624,9826528,UWB1289BRCA1,53.68988145,1
24964624,9826528,VCAP,-23.95662941,0
24964624,9826528,ZR751,41.92638833,1
24964624,9887053,A2058,-9.986970982,0
24964624,9887053,A2780,-9.73469332,0
24964624,9887053,A375,-17.8254914,0
24964624,9887053,A427,-17.79351704,0
24964624,9887053,COLO320DM,-10.66579134,0
24964624,9887053,DLD1,-5.460670706,0
24964624,9887053,EFM192B,-32.9817609,0
24964624,9887053,ES2,-13.61733275,0
24964624,9887053,HCT116,-9.371660739,0
24964624,9887053,HT144,-12.2398211,0
24964624,9887053,KPL1,-15.6877218,0
24964624,9887053,LNCAP,-17.73364224,0
24964624,9887053,LOVO,-8.652099811,0
24964624,9887053,MDAMB436,-15.43254491,0
24964624,9887053,MSTO,-39.5141783,0
24964624,9887053,NCIH1650,-14.14235256,0
24964624,9887053,NCIH2122,-18.65831622,0
24964624,9887053,NCIH23,-25.13135473,0
24964624,9887053,NCIH460,-36.83237217,0
24964624,9887053,NCIH520,-12.99181926,0
24964624,9887053,OCUBM,-41.13762885,0
24964624,9887053,OV90,-13.10962765,0
24964624,9887053,OVCAR3,-24.9069041,0
24964624,9887053,PA1,-22.30731087,0
24964624,9887053,RKO,-17.0946074,0
24964624,9887053,RPMI7951,-31.7843906,0
24964624,9887053,SKMEL30,-3.8687764,0
24964624,9887053,SKOV3,-24.96991714,0
24964624,9887053,SW620,-5.807655805,0
24964624,9887053,UACC62,-13.07668575,0
24964624,9887053,UWB1289BRCA1,-2.66539085,0
24964624,9887053,VCAP,-21.21168925,0
24964624,9887053,ZR751,-9.77087343,0
24964624,11520894,A2058,51.39896884,1
24964624,11520894,A2780,38.25235608,1
24964624,11520894,A375,40.99865157,1
24964624,11520894,A427,47.43161635,1
24964624,11520894,CAOV3,81.85686925,1
24964624,11520894,DLD1,41.25703676,1
24964624,11520894,HT144,46.10446714,1
24964624,11520894,HT29,43.3275163,1
24964624,11520894,KPL1,85.90195078,1
24964624,11520894,LOVO,30.82017418,1
24964624,11520894,MDAMB436,31.68517624,1
24964624,11520894,MSTO,74.83609048,1
24964624,11520894,NCIH1650,37.18265669,1
24964624,11520894,NCIH2122,40.5134608,1
24964624,11520894,NCIH520,31.05193118,1
24964624,11520894,OV90,79.39449774,1
24964624,11520894,PA1,52.89368293,1
24964624,11520894,RKO,40.77521737,1
24964624,11520894,RPMI7951,52.67032056,1
24964624,11520894,SKMEL30,57.99074065,1
24964624,11520894,SKMES1,50.55044864,1
24964624,11520894,SKOV3,79.35380752,1
24964624,11520894,UACC62,42.45413159,1
24964624,11520894,UWB1289,43.8837657,1
24964624,11520894,UWB1289BRCA1,31.16016459,1
24964624,11520894,ZR751,34.53419147,1
24964624,11960529,A2780,41.66715297,1
24964624,11960529,CAOV3,44.58182702,1
24964624,11960529,EFM192B,-6.531026478,0
24964624,11960529,ES2,-5.721984829,0
24964624,11960529,KPL1,32.40263584,1
24964624,11960529,LOVO,-2.037890754,0
24964624,11960529,MSTO,-2.182475002,0
24964624,11960529,NCIH23,-1.177994214,0
24964624,11960529,NCIH460,-6.799251203,0
24964624,11960529,T47D,-1.466143627,0
24964624,11977753,A2058,57.29083468,1
24964624,11977753,A2780,46.28015781,1
24964624,11977753,A375,48.88394339,1
24964624,11977753,A427,56.38448433,1
24964624,11977753,CAOV3,80.54547349,1
24964624,11977753,COLO320DM,44.51643171,1
24964624,11977753,DLD1,39.77738319,1
24964624,11977753,HCT116,47.09585372,1
24964624,11977753,HT29,45.72154735,1
24964624,11977753,KPL1,60.48163016,1
24964624,11977753,LNCAP,83.7343656,1
24964624,11977753,LOVO,34.68018858,1
24964624,11977753,MDAMB436,42.18533791,1
24964624,11977753,NCIH1650,40.36160508,1
24964624,11977753,NCIH2122,52.45911308,1
24964624,11977753,NCIH23,42.73329203,1
24964624,11977753,NCIH460,36.48709841,1
24964624,11977753,OV90,49.51245263,1
24964624,11977753,OVCAR3,31.98904394,1
24964624,11977753,PA1,52.15150414,1
24964624,11977753,RKO,32.23580867,1
24964624,11977753,RPMI7951,42.49059696,1
24964624,11977753,SKMEL30,55.44346212,1
24964624,11977753,SKMES1,34.64222861,1
24964624,11977753,SKOV3,41.00705113,1
24964624,11977753,SW620,39.25782587,1
24964624,11977753,SW837,42.21856907,1
24964624,11977753,T47D,84.54414889,1
24964624,11977753,UACC62,33.30443585,1
24964624,11977753,UWB1289,56.73857763,1
24964624,11977753,UWB1289BRCA1,64.82364584,1
24964624,11977753,VCAP,38.0703329,1
24964624,11977753,ZR751,36.75358024,1
24964624,16224745,CAOV3,51.24397386,1
24964624,16224745,HT144,32.06715543,1
24964624,16224745,HT29,32.56727692,1
24964624,16224745,KPL1,36.22384688,1
24964624,16224745,MSTO,34.5066659,1
24964624,16224745,NCIH2122,-9.815362915,0
24964624,16224745,RPMI7951,-11.07931925,0
24964624,16224745,SKOV3,-0.92917063,0
24964624,16224745,SW620,-11.87177244,0
24964624,16224745,T47D,-20.37842303,0
24964624,16224745,UACC62,31.72532947,1
24964624,16224745,UWB1289,-12.86063049,0
24964624,16224745,UWB1289BRCA1,-12.23624869,0
24964624,46926350,EFM192B,-9.487770168,0
24964624,46926350,LOVO,-3.322099861,0
24964624,46926350,NCIH1650,-1.318487171,0
24964624,46926350,OCUBM,-10.93076883,0
24964624,46926350,SKOV3,-0.318376124,0
24964624,46926350,SW837,-0.448306534,0
24964624,46926350,VCAP,-20.90269332,0
46926350,16224745,A375,30.12894009,1
46926350,16224745,CAOV3,-23.0551863,0
46926350,16224745,EFM192B,-0.959976307,0
46926350,16224745,ES2,-10.96302107,0
46926350,16224745,HT29,-1.788948796,0
46926350,16224745,LNCAP,45.43298162,1
46926350,16224745,LOVO,-7.508786888,0
46926350,16224745,MSTO,-23.72719533,0
46926350,16224745,NCIH1650,-14.64425297,0
46926350,16224745,NCIH2122,-22.23403754,0
46926350,16224745,NCIH23,-160.1475902,0
46926350,16224745,OV90,-14.1414729,0
46926350,16224745,OVCAR3,-2.897928607,0
46926350,16224745,RPMI7951,-14.74784278,0
46926350,16224745,SKMES1,-28.10017929,0
46926350,16224745,SKOV3,-7.571238901,0
46926350,16224745,SW837,-19.11557712,0
46926350,16224745,T47D,-4.20805721,0
46926350,16224745,UWB1289,-29.16981331,0
46926350,16224745,UWB1289BRCA1,-35.88570118,0
46926350,16224745,ZR751,-12.4741166,0
56841621,2907,A2058,-3.5525384,0
56841621,2907,A375,-3.254770439,0
56841621,2907,CAOV3,30.66667933,1
56841621,2907,ES2,-13.09375107,0
56841621,2907,HT144,-9.86729681,0
56841621,2907,KPL1,-2.910254041,0
56841621,2907,LNCAP,-24.11665086,0
56841621,2907,LOVO,-10.06942914,0
56841621,2907,MDAMB436,-5.975929813,0
56841621,2907,MSTO,-6.009564026,0
56841621,2907,NCIH460,-0.785429931,0
56841621,2907,NCIH520,-2.699352337,0
56841621,2907,OCUBM,-0.85923057,0
56841621,2907,OV90,-4.365040903,0
56841621,2907,RKO,-2.239036092,0
56841621,2907,SKMES1,-4.515016224,0
56841621,2907,SW620,-2.157759401,0
56841621,2907,T47D,-33.56754882,0
56841621,2907,UACC62,-8.234593164,0
56841621,2907,UWB1289,-6.49721408,0
56841621,2907,VCAP,-1.806522867,0
56841621,2907,ZR751,-4.661016511,0
56841621,3385,EFM192B,-8.735215925,0
56841621,3385,HCT116,-0.6542619,0
56841621,3385,KPL1,-1.948417936,0
56841621,3385,LNCAP,-8.420717605,0
56841621,3385,LOVO,-0.374344648,0
56841621,3385,MSTO,-46.93608306,0
56841621,3385,NCIH2122,-11.30174615,0
56841621,3385,NCIH460,-8.296710121,0
56841621,3385,NCIH520,-0.789850789,0
56841621,3385,OV90,-0.177027545,0
56841621,3385,RKO,-0.90157903,0
56841621,3385,T47D,-10.84738769,0
56841621,3385,UWB1289,-10.5857644,0
56841621,3385,ZR751,-7.16867818,0
56841621,4091,ES2,-2.651123695,0
56841621,4091,LNCAP,-0.602924597,0
56841621,4091,T47D,-3.468072324,0
56841621,4091,UWB1289BRCA1,-1.804655733,0
56841621,4091,ZR751,-21.81015091,0
56841621,5311,A2058,-0.587080465,0
56841621,5311,A2780,-0.952682516,0
56841621,5311,A427,-26.1766223,0
56841621,5311,ES2,-3.921618485,0
56841621,5311,HCT116,-2.640232672,0
56841621,5311,KPL1,-2.071468364,0
56841621,5311,MSTO,-3.53985058,0
56841621,5311,NCIH23,-5.45439378,0
56841621,5311,NCIH460,-1.315581625,0
56841621,5311,NCIH520,-6.444170588,0
56841621,5311,OCUBM,-7.240328797,0
56841621,5311,OVCAR3,30.10754368,1
56841621,5311,SKMEL30,-1.16227763,0
56841621,5311,SKOV3,31.10171948,1
56841621,5311,UWB1289,-0.906143684,0
56841621,5311,VCAP,31.14318797,1
56841621,5311,ZR751,-16.57586756,0
56841621,5394,EFM192B,-26.00954257,0
56841621,5394,HCT116,-3.070156827,0
56841621,5394,HT144,-13.70181069,0
56841621,5394,KPL1,-7.452720459,0
56841621,5394,LNCAP,-1.097172133,0
56841621,5394,LOVO,-8.392284233,0
56841621,5394,MSTO,-6.584405567,0
56841621,5394,NCIH1650,-17.82780988,0
56841621,5394,NCIH2122,-6.548105514,0
56841621,5394,NCIH23,-4.992054381,0
56841621,5394,NCIH460,-16.09786255,0
56841621,5394,NCIH520,-1.206547234,0
56841621,5394,OCUBM,-11.45039439,0
56841621,5394,OV90,-1.609629737,0
56841621,5394,RKO,-2.830459765,0
56841621,5394,SKOV3,-1.124527079,0
56841621,5394,SW837,-25.92718364,0
56841621,5394,T47D,-42.30758766,0
56841621,5394,UWB1289,-3.401227683,0
56841621,5394,VCAP,-0.106369466,0
56841621,5394,ZR751,-68.69003565,0
56841621,5743,A2058,-5.967280377,0
56841621,5743,ES2,-19.72496457,0
56841621,5743,HT144,-6.784934135,0
56841621,5743,LNCAP,-21.36099802,0
56841621,5743,NCIH2122,-20.66461599,0
56841621,5743,OV90,-3.212094541,0
56841621,5743,RPMI7951,-19.4869087,0
56841621,5743,T47D,-7.244304535,0
56841621,5743,UWB1289,-2.700394735,0
56841621,5743,VCAP,-3.647114038,0
56841621,5746,A2058,-1.783631557,0
56841621,5746,A427,-0.461918765,0
56841621,5746,CAOV3,-4.419063595,0
56841621,5746,DLD1,-9.650036721,0
56841621,5746,EFM192B,-5.982131585,0
56841621,5746,ES2,-8.832368338,0
56841621,5746,HCT116,-12.58149629,0
56841621,5746,LNCAP,-12.72371469,0
56841621,5746,MSTO,-14.50481543,0
56841621,5746,NCIH1650,-9.191629022,0
56841621,5746,NCIH2122,-24.18387012,0
56841621,5746,NCIH23,-1.883283617,0
56841621,5746,NCIH460,-21.52474653,0
56841621,5746,OCUBM,-7.166707677,0
56841621,5746,OV90,-4.533199973,0
56841621,5746,RKO,-9.27179112,0
56841621,5746,RPMI7951,-6.006977126,0
56841621,5746,SKMES1,-12.56344269,0
56841621,5746,SW837,-3.673122383,0
56841621,5746,UWB1289,-23.37720831,0
56841621,5746,ZR751,-7.965652086,0
56841621,13342,A2058,36.64266348,1
56841621,13342,CAOV3,-0.284479606,0
56841621,13342,ES2,32.68022609,1
56841621,13342,HT144,39.89326817,1
56841621,13342,HT29,-4.007458424,0
56841621,13342,MDAMB436,33.22404851,1
56841621,13342,NCIH2122,33.39389701,1
56841621,13342,OCUBM,42.86250174,1
56841621,13342,OVCAR3,36.0404414,1
56841621,13342,RKO,42.79292458,1
56841621,13342,SKMES1,34.92466259,1
56841621,13342,SKOV3,60.51595805,1
56841621,13342,UACC62,36.74187807,1
56841621,13342,VCAP,80.77168358,1
56841621,13342,ZR751,-2.903536471,0
56841621,31703,A2058,-1.048726728,0
56841621,31703,A427,-7.093802856,0
56841621,31703,COLO320DM,-8.557031198,0
56841621,31703,EFM192B,-14.94523307,0
56841621,31703,ES2,-4.024220801,0
56841621,31703,HCT116,-14.10937048,0
56841621,31703,HT29,-5.29092391,0
56841621,31703,KPL1,-7.87226582,0
56841621,31703,LNCAP,-17.38201423,0
56841621,31703,MDAMB436,-11.8464673,0
56841621,31703,MSTO,-30.17628088,0
56841621,31703,NCIH1650,-3.457295103,0
56841621,31703,NCIH2122,-17.00698015,0
56841621,31703,NCIH460,-7.874099335,0
56841621,31703,NCIH520,-8.361169397,0
56841621,31703,OV90,-19.99623629,0
56841621,31703,OVCAR3,-8.405893052,0
56841621,31703,PA1,-9.643284731,0
56841621,31703,RKO,-10.08227892,0
56841621,31703,RPMI7951,-1.32066908,0
56841621,31703,SKMES1,-0.948061225,0
56841621,31703,SKOV3,-21.22172075,0
56841621,31703,SW837,-12.61470596,0
56841621,31703,UWB1289,-17.30602624,0
56841621,31703,ZR751,-9.603966308,0
56841621,36314,A375,61.18937958,1
56841621,36314,COLO320DM,43.04488651,1
56841621,36314,ES2,44.62056798,1
56841621,36314,HT144,37.36052071,1
56841621,36314,LNCAP,-26.38808471,0
56841621,36314,MSTO,-8.406019911,0
56841621,36314,NCIH2122,-16.25319265,0
56841621,36314,OCUBM,-12.51010828,0
56841621,36314,RKO,-18.04446765,0
56841621,36314,SKMES1,41.1914245,1
56841621,36314,UWB1289,-3.659518507,0
56841621,36462,A2058,-0.742463241,0
56841621,36462,A427,-5.556151473,0
56841621,36462,CAOV3,99.79199539,1
56841621,36462,EFM192B,-2.289429854,0
56841621,36462,ES2,-2.708287166,0
56841621,36462,MSTO,-24.803394,0
56841621,36462,NCIH2122,-1.618527955,0
56841621,36462,NCIH23,-134.2947319,0
56841621,36462,NCIH460,-8.13016173,0
56841621,36462,NCIH520,-0.729358768,0
56841621,36462,PA1,-2.162744498,0
56841621,36462,UWB1289,-10.32994309,0
56841621,36462,ZR751,-1.629917375,0
56841621,60700,ES2,30.6828376,1
56841621,60700,LNCAP,-122.98712,0
56841621,60700,NCIH23,49.94887065,1
56841621,60700,OCUBM,-7.15353347,0
56841621,60700,OVCAR3,-0.815076575,0
56841621,60700,SKMES1,50.44560899,1
56841621,60700,SKOV3,50.65086449,1
56841621,60700,VCAP,33.14463431,1
56841621,60750,A375,-16.01027551,0
56841621,60750,A427,-1.961067268,0
56841621,60750,CAOV3,-0.052355073,0
56841621,60750,HCT116,-9.525287949,0
56841621,60750,MSTO,-12.82298693,0
56841621,60750,NCIH2122,-0.895063513,0
56841621,60750,NCIH23,-5.804342875,0
56841621,60750,OCUBM,-5.006834445,0
56841621,60750,OVCAR3,-8.883229752,0
56841621,60750,RKO,-13.20007836,0
56841621,60750,RPMI7951,-2.784551871,0
56841621,60750,SKMES1,-18.41925686,0
56841621,104842,A427,-3.76565118,0
56841621,104842,LNCAP,-1.573004821,0
56841621,104842,LOVO,-4.459780718,0
56841621,104842,NCIH520,-0.605565074,0
56841621,104842,OV90,-8.796350762,0
56841621,104842,PA1,31.35526371,1
56841621,104842,UWB1289,-8.807169197,0
56841621,126941,A2058,-11.78689083,0
56841621,126941,A2780,-7.93443879,0
56841621,126941,A427,-9.91845698,0
56841621,126941,DLD1,-1.43453354,0
56841621,126941,EFM192B,-2.184990655,0
56841621,126941,HCT116,-26.02290232,0
56841621,126941,HT144,-5.913918535,0
56841621,126941,HT29,-10.62429454,0
56841621,126941,KPL1,-10.63755703,0
56841621,126941,LNCAP,-17.42900874,0
56841621,126941,LOVO,-1.57809904,0
56841621,126941,MSTO,-10.76062272,0
56841621,126941,NCIH1650,-2.191361727,0
56841621,126941,NCIH23,-9.668439387,0
56841621,126941,NCIH460,-19.69008055,0
56841621,126941,NCIH520,-12.52320453,0
56841621,126941,OVCAR3,-23.98263167,0
56841621,126941,PA1,-24.27551074,0
56841621,126941,RKO,-24.15564438,0
56841621,126941,SKMEL30,-27.71425075,0
56841621,126941,SW837,-1.279434578,0
56841621,126941,VCAP,-2.095320291,0
56841621,126941,ZR751,-17.22399904,0
56841621,176870,ES2,-6.441437273,0
56841621,176870,LNCAP,-18.98522102,0
56841621,176870,MSTO,-26.99508519,0
56841621,176870,NCIH2122,30.42269649,1
56841621,176870,NCIH460,-0.594381403,0
56841621,176870,OV90,-2.899167745,0
56841621,176870,OVCAR3,40.79164805,1
56841621,176870,RKO,-3.433890547,0
56841621,176870,SW620,-2.562363642,0
56841621,208908,HT29,40.6697499,1
56841621,208908,LNCAP,-19.82882102,0
56841621,208908,LOVO,56.24164431,1
56841621,208908,NCIH2122,30.62610142,1
56841621,208908,NCIH23,-2.776892507,0
56841621,208908,OVCAR3,45.88696303,1
56841621,208908,PA1,34.63374586,1
56841621,208908,RPMI7951,32.88576015,1
56841621,208908,SKMEL30,41.94832492,1
56841621,208908,SKOV3,31.23952019,1
56841621,208908,SW837,43.25761808,1
56841621,216239,MSTO,-8.371746884,0
56841621,216239,ZR751,-2.696004205,0
56841621,216453,EFM192B,-1.206078007,0
56841621,216453,ES2,-1.674350433,0
56841621,216453,HCT116,-3.175676555,0
56841621,216453,NCIH1650,-0.707891647,0
56841621,216453,NCIH2122,-4.266335626,0
56841621,216453,NCIH460,-1.85473968,0
56841621,216453,RKO,-0.476379342,0
56841621,216453,ZR751,-11.57008372,0
56841621,387447,A2780,-16.88497689,0
56841621,387447,A427,-5.642082959,0
56841621,387447,EFM192B,-5.772176441,0
56841621,387447,HCT116,-1.995879415,0
56841621,387447,HT144,-0.978051566,0
56841621,387447,HT29,-13.09403784,0
56841621,387447,LNCAP,-2.769010712,0
56841621,387447,MDAMB436,-1.243087805,0
56841621,387447,MSTO,70.07591401,1
56841621,387447,NCIH1650,-7.265617163,0
56841621,387447,NCIH520,-20.52460047,0
56841621,387447,OCUBM,-3.974133518,0
56841621,387447,OV90,-7.312258127,0
56841621,387447,RKO,-8.047526524,0
56841621,387447,SKMEL30,-7.286690441,0
56841621,387447,SKMES1,-11.17998097,0
56841621,387447,SKOV3,-2.862308652,0
56841621,387447,UACC62,-3.714046448,0
56841621,387447,UWB1289,-27.67612246,0
56841621,387447,UWB1289BRCA1,-2.10042069,0
56841621,387447,ZR751,-22.61482513,0
56841621,426756,A375,-5.678433072,0
56841621,426756,DLD1,-7.676303427,0
56841621,426756,EFM192B,-15.27384368,0
56841621,426756,ES2,-8.643369968,0
56841621,426756,LNCAP,-9.651886387,0
56841621,426756,LOVO,-11.09833158,0
56841621,426756,MSTO,-18.45202428,0
56841621,426756,NCIH1650,-0.864687308,0
56841621,426756,NCIH2122,-4.212481911,0
56841621,426756,NCIH23,-4.11060028,0
56841621,426756,NCIH460,-14.24193962,0
56841621,426756,NCIH520,-5.127499155,0
56841621,426756,OCUBM,-4.585828528,0
56841621,426756,OV90,-6.397714962,0
56841621,426756,OVCAR3,-2.891704555,0
56841621,426756,RPMI7951,-5.420695401,0
56841621,426756,SKMES1,-3.222362305,0
56841621,426756,T47D,-36.19054664,0
56841621,426756,UACC62,-1.968944495,0
56841621,426756,UWB1289,-22.91203294,0
56841621,426756,UWB1289BRCA1,-9.706868946,0
56841621,426756,ZR751,-10.0253929,0
56841621,3062316,A2058,32.18828097,1
56841621,3062316,A2780,60.44362188,1
56841621,3062316,A427,47.88024928,1
56841621,3062316,EFM192B,36.85213245,1
56841621,3062316,ES2,-8.823827558,0
56841621,3062316,HCT116,-12.28766755,0
56841621,3062316,HT144,-41.84289743,0
56841621,3062316,HT29,37.46797033,1
56841621,3062316,KPL1,44.34441779,1
56841621,3062316,LOVO,44.17722855,1
56841621,3062316,MSTO,46.45779052,1
56841621,3062316,NCIH1650,39.38152611,1
56841621,3062316,NCIH2122,-25.42579406,0
56841621,3062316,NCIH520,58.17696562,1
56841621,3062316,OVCAR3,79.50156003,1
56841621,3062316,PA1,37.22303223,1
56841621,3062316,SKMEL30,-16.4038587,0
56841621,3062316,SKMES1,39.02816923,1
56841621,3062316,SW837,31.77808016,1
56841621,3062316,ZR751,-8.118411527,0
56841621,5288382,A2780,-12.66660278,0
56841621,5288382,CAOV3,-1.859794213,0
56841621,5288382,COLO320DM,-0.280700901,0
56841621,5288382,ES2,-19.89304695,0
56841621,5288382,HCT116,-8.245298449,0
56841621,5288382,HT29,-5.743229687,0
56841621,5288382,LNCAP,-3.906394502,0
56841621,5288382,LOVO,-2.922885508,0
56841621,5288382,MSTO,-5.294988925,0
56841621,5288382,NCIH1650,-0.567303577,0
56841621,5288382,NCIH2122,-3.710962057,0
56841621,5288382,NCIH23,-2.667509381,0
56841621,5288382,NCIH460,-8.383612325,0
56841621,5288382,NCIH520,-1.964927817,0
56841621,5288382,OCUBM,-8.825599982,0
56841621,5288382,OV90,-16.93916453,0
56841621,5288382,RKO,-26.91209811,0
56841621,5288382,RPMI7951,-13.58782852,0
56841621,5288382,SKMEL30,-14.61374633,0
56841621,5288382,SKOV3,-1.575495254,0
56841621,5288382,SW620,-15.40972882,0
56841621,5288382,SW837,-7.703849118,0
56841621,5288382,UACC62,-2.425176171,0
56841621,5288382,UWB1289,-37.0252866,0
56841621,5288382,UWB1289BRCA1,-25.35128631,0
56841621,5288382,ZR751,-15.71910754,0
56841621,5311497,A2780,-9.904476842,0
56841621,5311497,A375,35.52639689,1
56841621,5311497,A427,-10.03551187,0
56841621,5311497,CAOV3,-24.19881491,0
56841621,5311497,EFM192B,-17.35601816,0
56841621,5311497,HCT116,-13.91778017,0
56841621,5311497,HT29,-17.43154058,0
56841621,5311497,LNCAP,-1.33244645,0
56841621,5311497,MDAMB436,-0.235570831,0
56841621,5311497,MSTO,-6.832336909,0
56841621,5311497,NCIH2122,-22.65555036,0
56841621,5311497,OCUBM,-18.25545101,0
56841621,5311497,OV90,36.76331763,1
56841621,5311497,OVCAR3,-16.80002371,0
56841621,5311497,PA1,-9.525050801,0
56841621,5311497,RKO,-20.27390524,0
56841621,5311497,UWB1289,-8.448483729,0
56841621,5311497,UWB1289BRCA1,-8.362409428,0
56841621,5311497,VCAP,-11.29668194,0
56841621,5311497,ZR751,-15.26867252,0
56841621,5329102,ES2,-1.814823471,0
56841621,5329102,LNCAP,-10.25000138,0
56841621,5329102,NCIH460,-1.600910114,0
56841621,5329102,RKO,-2.623662474,0
56841621,5329102,SW837,-4.9816586,0
56841621,5329102,ZR751,-1.882474017,0
56841621,9826528,HCT116,-7.229214854,0
56841621,9826528,LNCAP,39.26101661,1
56841621,9826528,NCIH1650,-1.426432036,0
56841621,9826528,NCIH520,-1.15865418,0
56841621,9826528,OVCAR3,51.62670242,1
56841621,9826528,SKMEL30,-1.20790213,0
56841621,9826528,SW620,-5.540681379,0
56841621,9826528,ZR751,-1.74185497,0
56841621,9887053,A2780,-28.10423315,0
56841621,9887053,A375,-18.00420656,0
56841621,9887053,A427,-7.145218149,0
56841621,9887053,CAOV3,-24.54155202,0
56841621,9887053,DLD1,-11.80412128,0
56841621,9887053,EFM192B,-37.00959264,0
56841621,9887053,ES2,-25.81373858,0
56841621,9887053,HCT116,-15.95390796,0
56841621,9887053,HT144,-11.76477,0
56841621,9887053,HT29,-8.166496518,0
56841621,9887053,KPL1,-4.654067103,0
56841621,9887053,LNCAP,-15.54454972,0
56841621,9887053,LOVO,-24.23858389,0
56841621,9887053,MDAMB436,-27.05307902,0
56841621,9887053,MSTO,-17.04417767,0
56841621,9887053,NCIH1650,-14.85967662,0
56841621,9887053,NCIH2122,-16.54405671,0
56841621,9887053,NCIH23,-22.3910292,0
56841621,9887053,NCIH460,-49.67393913,0
56841621,9887053,NCIH520,-11.53572802,0
56841621,9887053,OCUBM,-7.815662756,0
56841621,9887053,OV90,-22.82255861,0
56841621,9887053,PA1,-32.73991917,0
56841621,9887053,RKO,-22.92432053,0
56841621,9887053,RPMI7951,-24.61408423,0
56841621,9887053,SKMEL30,-9.803836661,0
56841621,9887053,SKMES1,-7.269713383,0
56841621,9887053,SKOV3,-3.397576252,0
56841621,9887053,SW620,-16.46513547,0
56841621,9887053,SW837,-14.41130645,0
56841621,9887053,T47D,-36.18713523,0
56841621,9887053,UACC62,-22.29959493,0
56841621,9887053,UWB1289,-24.17888033,0
56841621,9887053,UWB1289BRCA1,-16.61545154,0
56841621,9887053,VCAP,-3.942389132,0
56841621,9887053,ZR751,-22.2414061,0
56841621,11520894,CAOV3,31.06830746,1
56841621,11520894,NCIH1650,33.2488083,1
56841621,11520894,NCIH460,-1.62414823,0
56841621,11520894,OVCAR3,52.83598927,1
56841621,11520894,PA1,32.34647923,1
56841621,11520894,SKOV3,40.08550533,1
56841621,11520894,T47D,38.439834,1
56841621,11960529,ES2,-11.81453934,0
56841621,11960529,HCT116,-3.857051871,0
56841621,11960529,HT144,-6.530799873,0
56841621,11960529,MDAMB436,-2.421651514,0
56841621,11960529,NCIH1650,-4.758914015,0
56841621,11960529,NCIH2122,-4.144220815,0
56841621,11960529,NCIH460,-2.870641791,0
56841621,11960529,SW837,-5.188426047,0
56841621,11960529,UWB1289,-1.466402241,0
56841621,11960529,ZR751,-18.40894358,0
56841621,11977753,A375,34.29024013,1
56841621,11977753,A427,32.23472051,1
56841621,11977753,CAOV3,47.31021095,1
56841621,11977753,LNCAP,78.42964487,1
56841621,11977753,OVCAR3,41.78390227,1
56841621,11977753,PA1,41.44326272,1
56841621,11977753,RPMI7951,32.7321409,1
56841621,11977753,T47D,103.2081093,1
56841621,11977753,VCAP,41.99838718,1
56841621,16224745,CAOV3,37.9456134,1
56841621,16224745,LNCAP,-1.28644515,0
56841621,16224745,MSTO,-11.67641589,0
56841621,16224745,NCIH2122,-13.27483884,0
56841621,16224745,NCIH460,-2.101358255,0
56841621,16224745,RKO,-3.848464078,0
56841621,16224745,SKMEL30,38.49761653,1
56841621,16224745,SW837,-17.80938865,0
56841621,16224745,UWB1289,-3.870762719,0
56841621,16224745,ZR751,-9.830431315,0
56841621,24748204,A2058,-4.042863815,0
56841621,24748204,EFM192B,-15.89077651,0
56841621,24748204,ES2,-9.365013864,0
56841621,24748204,HT144,-6.399787334,0
56841621,24748204,LNCAP,-33.88822665,0
56841621,24748204,LOVO,-0.916445312,0
56841621,24748204,MDAMB436,-3.563747659,0
56841621,24748204,MSTO,-8.815017627,0
56841621,24748204,NCIH2122,-22.05619751,0
56841621,24748204,NCIH460,-15.95630222,0
56841621,24748204,NCIH520,-1.937932973,0
56841621,24748204,OCUBM,-0.714019664,0
56841621,24748204,SW620,-1.481746644,0
56841621,24748204,T47D,-3.236148805,0
56841621,24748204,UWB1289,-11.51762899,0
56841621,24748204,ZR751,-10.25615397,0
56841621,24856436,A427,-0.590486604,0
56841621,24856436,EFM192B,-11.40533553,0
56841621,24856436,ES2,-2.661808407,0
56841621,24856436,HT29,-1.68495511,0
56841621,24856436,KPL1,-3.877839021,0
56841621,24856436,LNCAP,-13.44130693,0
56841621,24856436,MSTO,-14.39393188,0
56841621,24856436,NCIH2122,-0.21761657,0
56841621,24856436,NCIH460,-0.3082064,0
56841621,24856436,OCUBM,-1.211018163,0
56841621,24856436,OV90,-4.637070047,0
56841621,24856436,RKO,-3.328040312,0
56841621,24856436,SW620,-1.578169098,0
56841621,24856436,UWB1289,67.96326531,1
56841621,24856436,VCAP,-3.714111355,0
56841621,24856436,ZR751,-3.429415478,0
56841621,24958200,ES2,-9.642229233,0
56841621,24958200,HCT116,-2.437852972,0
56841621,24958200,LNCAP,-6.246231846,0
56841621,24958200,MSTO,-6.378261661,0
56841621,24958200,NCIH460,-0.400266727,0
56841621,24958200,OCUBM,42.54056516,1
56841621,24958200,OV90,-5.721829717,0
56841621,24958200,OVCAR3,35.22367905,1
56841621,24958200,PA1,36.67663104,1
56841621,24958200,T47D,33.61059192,1
56841621,24958200,UWB1289,-2.815561207,0
56841621,24958200,UWB1289BRCA1,-15.60972641,0
56841621,24964624,A2780,31.07556128,1
56841621,24964624,CAOV3,67.16029107,1
56841621,24964624,EFM192B,-3.142078871,0
56841621,24964624,ES2,-0.290616217,0
56841621,24964624,HT29,31.77448288,1
56841621,24964624,NCIH1650,41.67576786,1
56841621,24964624,NCIH460,-1.917655377,0
56841621,24964624,OVCAR3,33.86543274,1
56841621,24964624,PA1,32.72115737,1
56841621,24964624,SKOV3,35.88559234,1
56841621,24964624,T47D,33.36781248,1
56841621,46926350,A2058,-6.532206677,0
56841621,46926350,A2780,-4.596459751,0
56841621,46926350,A427,-8.228689517,0
56841621,46926350,CAOV3,-4.039396949,0
56841621,46926350,EFM192B,-12.6009958,0
56841621,46926350,HCT116,-14.82703116,0
56841621,46926350,HT144,-3.505548798,0
56841621,46926350,HT29,-6.266163805,0
56841621,46926350,KPL1,-10.91130246,0
56841621,46926350,LNCAP,-5.557848343,0
56841621,46926350,LOVO,-7.185271386,0
56841621,46926350,MDAMB436,-3.520558408,0
56841621,46926350,MSTO,-13.13813959,0
56841621,46926350,NCIH2122,-9.329988379,0
56841621,46926350,NCIH460,-10.03595636,0
56841621,46926350,NCIH520,-4.483571009,0
56841621,46926350,OCUBM,-12.06527706,0
56841621,46926350,OV90,-8.48677191,0
56841621,46926350,PA1,-2.067040977,0
56841621,46926350,RKO,-12.23043416,0
56841621,46926350,SKMEL30,-6.328372538,0
56841621,46926350,SW620,-5.497578374,0
56841621,46926350,SW837,-12.4398598,0
56841621,46926350,T47D,-28.64086619,0
56841621,46926350,UACC62,-0.046774119,0
56841621,46926350,UWB1289,-16.6789468,0
56841621,46926350,ZR751,-21.16692096,0
59691338,2907,ES2,-2.333077561,0
59691338,2907,HT144,-0.17810138,0
59691338,2907,LNCAP,-20.49412615,0
59691338,2907,LOVO,-7.130174418,0
59691338,2907,MDAMB436,-4.788691584,0
59691338,2907,NCIH1650,-4.083397188,0
59691338,2907,NCIH2122,-2.784524392,0
59691338,2907,NCIH23,-1.195498474,0
59691338,2907,NCIH460,-1.315735945,0
59691338,2907,OVCAR3,-4.879753192,0
59691338,2907,RPMI7951,-0.904349036,0
59691338,2907,SW837,-10.23827028,0
59691338,2907,UWB1289,-21.02239478,0
59691338,2907,UWB1289BRCA1,-8.148210888,0
59691338,2907,ZR751,-23.79049404,0
59691338,3385,EFM192B,-7.718890468,0
59691338,3385,HT144,-7.527043135,0
59691338,3385,KPL1,-5.648161914,0
59691338,3385,LOVO,-16.46662416,0
59691338,3385,MSTO,-80.26122358,0
59691338,3385,NCIH1650,-1.112977951,0
59691338,3385,NCIH23,-9.29143896,0
59691338,3385,NCIH460,-0.891262209,0
59691338,3385,NCIH520,-4.043481965,0
59691338,3385,OV90,-8.997266918,0
59691338,3385,OVCAR3,-5.692790831,0
59691338,3385,RPMI7951,-1.771860172,0
59691338,3385,SKMES1,-7.634056037,0
59691338,3385,SKOV3,-5.473316984,0
59691338,3385,SW620,-2.471803122,0
59691338,3385,SW837,-9.588295701,0
59691338,3385,UWB1289,-0.418224139,0
59691338,3385,ZR751,-1.786734332,0
59691338,4091,A375,-8.605667144,0
59691338,4091,A427,-10.79575491,0
59691338,4091,CAOV3,-24.92982538,0
59691338,4091,DLD1,-1.624451635,0
59691338,4091,EFM192B,-18.21712256,0
59691338,4091,ES2,-7.638984234,0
59691338,4091,HCT116,-6.390749183,0
59691338,4091,HT144,-21.52873817,0
59691338,4091,HT29,-1.677786892,0
59691338,4091,KPL1,-3.611421137,0
59691338,4091,LNCAP,-2.801808653,0
59691338,4091,LOVO,-19.04047143,0
59691338,4091,MDAMB436,-4.600857262,0
59691338,4091,NCIH1650,-1.049489886,0
59691338,4091,NCIH2122,-7.223287592,0
59691338,4091,NCIH23,-10.31186256,0
59691338,4091,NCIH460,-19.44614151,0
59691338,4091,NCIH520,-5.713922073,0
59691338,4091,OCUBM,-2.195960983,0
59691338,4091,OV90,-4.701716846,0
59691338,4091,OVCAR3,-26.28728008,0
59691338,4091,PA1,-1.669427151,0
59691338,4091,RPMI7951,-23.78638601,0
59691338,4091,SKMEL30,-10.31542204,0
59691338,4091,SKMES1,-2.545853445,0
59691338,4091,SW837,-14.29219213,0
59691338,4091,T47D,32.36395088,1
59691338,4091,UACC62,-28.57114731,0
59691338,4091,UWB1289,-4.224060646,0
59691338,4091,UWB1289BRCA1,-17.33872807,0
59691338,4091,ZR751,-40.9699228,0
59691338,5311,A2058,-3.004405981,0
59691338,5311,A375,-0.726728037,0
59691338,5311,A427,-16.52897251,0
59691338,5311,CAOV3,31.67795731,1
59691338,5311,COLO320DM,-87.10151706,0
59691338,5311,EFM192B,34.2437533,1
59691338,5311,ES2,-6.751959017,0
59691338,5311,LNCAP,-49.74103375,0
59691338,5311,MSTO,-92.62813758,0
59691338,5311,NCIH23,-5.485544842,0
59691338,5311,OCUBM,-12.25059565,0
59691338,5311,OV90,-5.715239319,0
59691338,5311,OVCAR3,36.56315737,1
59691338,5311,VCAP,38.09223417,1
59691338,5311,ZR751,-27.19938225,0
59691338,5394,A2780,-9.20450495,0
59691338,5394,A375,-8.790643119,0
59691338,5394,A427,-4.372360538,0
59691338,5394,CAOV3,-76.24592241,0
59691338,5394,DLD1,-11.7547722,0
59691338,5394,EFM192B,-29.40136524,0
59691338,5394,ES2,-5.450481229,0
59691338,5394,HCT116,-13.0870727,0
59691338,5394,HT144,-38.14640254,0
59691338,5394,HT29,-1.863726811,0
59691338,5394,KPL1,-12.13544383,0
59691338,5394,LOVO,-25.83721348,0
59691338,5394,MSTO,-52.30395806,0
59691338,5394,NCIH1650,-31.78925685,0
59691338,5394,NCIH2122,-9.382785833,0
59691338,5394,NCIH23,-15.42192659,0
59691338,5394,NCIH460,-11.95171647,0
59691338,5394,NCIH520,-5.413539765,0
59691338,5394,OCUBM,-30.05125596,0
59691338,5394,OV90,-11.80664104,0
59691338,5394,OVCAR3,-39.92452914,0
59691338,5394,PA1,-4.830420727,0
59691338,5394,RPMI7951,-2.616085102,0
59691338,5394,SKMES1,-7.940254375,0
59691338,5394,SKOV3,-18.15850524,0
59691338,5394,SW837,-28.68353523,0
59691338,5394,T47D,-106.2566397,0
59691338,5394,UACC62,-3.683832583,0
59691338,5394,UWB1289,-17.724308,0
59691338,5394,ZR751,-102.1366254,0
59691338,5743,A2058,-17.56799826,0
59691338,5743,A2780,-0.167535285,0
59691338,5743,EFM192B,-22.67480653,0
59691338,5743,ES2,-23.33116342,0
59691338,5743,HCT116,-4.008741659,0
59691338,5743,HT144,-19.25473646,0
59691338,5743,KPL1,30.02765884,1
59691338,5743,MDAMB436,-6.077017006,0
59691338,5743,MSTO,-10.86263142,0
59691338,5743,NCIH460,-8.059242007,0
59691338,5743,OCUBM,42.54038777,1
59691338,5743,OV90,-7.03144289,0
59691338,5743,RPMI7951,-32.8420192,0
59691338,5743,T47D,-49.52034458,0
59691338,5743,UWB1289,-4.110502561,0
59691338,5743,UWB1289BRCA1,-7.420302627,0
59691338,5743,VCAP,-15.87893439,0
59691338,5746,A375,-3.296079948,0
59691338,5746,A427,-3.408571715,0
59691338,5746,CAOV3,-1.345398105,0
59691338,5746,COLO320DM,-5.758704492,0
59691338,5746,DLD1,-9.473183759,0
59691338,5746,HCT116,-4.676399883,0
59691338,5746,HT144,-9.485755862,0
59691338,5746,LNCAP,-8.139992249,0
59691338,5746,MSTO,-3.098628624,0
59691338,5746,NCIH1650,-12.72748923,0
59691338,5746,NCIH23,-7.358652916,0
59691338,5746,NCIH460,-6.569666138,0
59691338,5746,NCIH520,-3.752754624,0
59691338,5746,OV90,-8.538330365,0
59691338,5746,OVCAR3,-1.132447207,0
59691338,5746,RKO,-2.699192523,0
59691338,5746,RPMI7951,-1.035581873,0
59691338,5746,SKMEL30,-14.0438474,0
59691338,5746,SKMES1,-1.975216045,0
59691338,5746,SKOV3,-1.356441483,0
59691338,5746,T47D,-23.5248105,0
59691338,5746,VCAP,48.40918293,1
59691338,5746,ZR751,-30.91898109,0
59691338,13342,A2058,33.85344713,1
59691338,13342,A2780,-15.67595423,0
59691338,13342,A375,-18.74375604,0
59691338,13342,A427,-35.00450486,0
59691338,13342,CAOV3,-61.97072364,0
59691338,13342,COLO320DM,-1.677279738,0
59691338,13342,DLD1,-3.354351345,0
59691338,13342,ES2,-5.338554525,0
59691338,13342,HCT116,-26.4678392,0
59691338,13342,HT144,-7.238562934,0
59691338,13342,HT29,-4.846277078,0
59691338,13342,KPL1,41.91425433,1
59691338,13342,LNCAP,-9.952796566,0
59691338,13342,LOVO,-8.207478608,0
59691338,13342,MDAMB436,-24.58798415,0
59691338,13342,MSTO,-34.85469642,0
59691338,13342,NCIH1650,-16.65592701,0
59691338,13342,NCIH2122,-14.73960046,0
59691338,13342,NCIH23,-36.76465236,0
59691338,13342,NCIH460,-11.0591356,0
59691338,13342,NCIH520,-21.04863761,0
59691338,13342,OV90,-20.6522219,0
59691338,13342,OVCAR3,-29.93947615,0
59691338,13342,PA1,-15.32442673,0
59691338,13342,RPMI7951,-18.49715303,0
59691338,13342,SKMEL30,-4.497508222,0
59691338,13342,SKMES1,-10.54323827,0
59691338,13342,SW620,-0.79096829,0
59691338,13342,SW837,-2.401971578,0
59691338,13342,T47D,-34.7084705,0
59691338,13342,UACC62,-13.06306657,0
59691338,13342,UWB1289,-12.41285437,0
59691338,13342,UWB1289BRCA1,-0.878665519,0
59691338,13342,ZR751,-31.69281871,0
59691338,31703,A375,-0.327362293,0
59691338,31703,COLO320DM,32.3693342,1
59691338,31703,LNCAP,-3.743115822,0
59691338,31703,NCIH520,-0.710108141,0
59691338,31703,OV90,-6.928251473,0
59691338,31703,OVCAR3,-7.536110647,0
59691338,31703,PA1,-10.91505082,0
59691338,31703,RPMI7951,-1.717470075,0
59691338,31703,UACC62,-11.19333676,0
59691338,31703,VCAP,44.06061044,1
59691338,36314,A2058,-11.78576068,0
59691338,36314,A2780,-3.988615222,0
59691338,36314,A375,37.22125826,1
59691338,36314,A427,-1.138447132,0
59691338,36314,CAOV3,-1.831483153,0
59691338,36314,ES2,39.92994577,1
59691338,36314,HCT116,-8.079837971,0
59691338,36314,LNCAP,-8.72104233,0
59691338,36314,NCIH2122,-15.54260375,0
59691338,36314,NCIH23,-2.547857555,0
59691338,36314,NCIH460,30.74831332,1
59691338,36314,OVCAR3,-4.230089164,0
59691338,36314,UACC62,-3.347847605,0
59691338,36314,UWB1289,-15.68483261,0
59691338,36314,VCAP,39.85968008,1
59691338,36314,ZR751,-11.79778565,0
59691338,36462,A375,-62.83437606,0
59691338,36462,A427,-7.004504041,0
59691338,36462,CAOV3,118.3452354,1
59691338,36462,HT144,-1.837614489,0
59691338,36462,NCIH520,-1.684618365,0
59691338,36462,PA1,-10.76418724,0
59691338,36462,SKMES1,-1.243341585,0
59691338,36462,SW837,-10.91519142,0
59691338,36462,VCAP,47.61284483,1
59691338,60700,A375,-0.567608031,0
59691338,60700,HT144,-4.367384902,0
59691338,60700,LNCAP,-141.5350423,0
59691338,60700,NCIH460,-10.32833641,0
59691338,60700,OCUBM,-2.67818762,0
59691338,60700,PA1,-6.261293484,0
59691338,60700,VCAP,54.93715218,1
59691338,60750,A375,-23.87533102,0
59691338,60750,CAOV3,-0.746602048,0
59691338,60750,HCT116,-4.392345674,0
59691338,60750,LNCAP,-73.65865034,0
59691338,60750,MSTO,-9.398949257,0
59691338,60750,NCIH1650,-16.83661806,0
59691338,60750,NCIH23,-11.52303894,0
59691338,60750,OV90,-0.267632079,0
59691338,60750,OVCAR3,-5.596974549,0
59691338,60750,PA1,-6.639465604,0
59691338,60750,RKO,-9.02593922,0
59691338,60750,RPMI7951,-6.465008294,0
59691338,60750,SKMES1,-25.42066062,0
59691338,60750,SKOV3,-2.007882144,0
59691338,60750,T47D,-3.45367718,0
59691338,60750,UWB1289,-6.510093639,0
59691338,104842,CAOV3,-13.30267374,0
59691338,104842,COLO320DM,-10.35150146,0
59691338,104842,DLD1,-4.375059464,0
59691338,104842,EFM192B,-8.409555926,0
59691338,104842,ES2,-6.947626271,0
59691338,104842,HCT116,-4.434407991,0
59691338,104842,HT144,-4.926631131,0
59691338,104842,LOVO,-22.55975815,0
59691338,104842,MDAMB436,-3.310103497,0
59691338,104842,NCIH1650,-14.41569713,0
59691338,104842,NCIH23,-4.538005239,0
59691338,104842,NCIH460,-1.822775842,0
59691338,104842,NCIH520,-0.422034642,0
59691338,104842,OV90,-9.961950247,0
59691338,104842,SKMES1,-0.098812773,0
59691338,104842,SW620,-1.307077557,0
59691338,104842,SW837,-19.45240073,0
59691338,104842,T47D,-14.14591222,0
59691338,104842,UACC62,-2.626674551,0
59691338,104842,ZR751,-4.790868621,0
59691338,126941,A2058,-20.84096181,0
59691338,126941,A2780,-0.723322523,0
59691338,126941,A375,-4.840496388,0
59691338,126941,HCT116,-28.08825895,0
59691338,126941,HT144,-8.315901629,0
59691338,126941,HT29,-1.829718623,0
59691338,126941,KPL1,-16.75429397,0
59691338,126941,LNCAP,-8.631330538,0
59691338,126941,LOVO,-29.07732432,0
59691338,126941,MDAMB436,-3.979347284,0
59691338,126941,MSTO,-18.75517254,0
59691338,126941,NCIH1650,-3.882415828,0
59691338,126941,NCIH23,-12.52234819,0
59691338,126941,NCIH460,-18.50643243,0
59691338,126941,NCIH520,-13.94258454,0
59691338,126941,OVCAR3,-39.48900259,0
59691338,126941,PA1,-20.12204008,0
59691338,126941,RKO,-26.71086103,0
59691338,126941,SKMES1,-0.974313628,0
59691338,126941,SW620,-4.153790369,0
59691338,126941,SW837,-9.966294979,0
59691338,126941,T47D,-25.47469103,0
59691338,126941,UWB1289,-3.368062148,0
59691338,126941,UWB1289BRCA1,-4.282975881,0
59691338,126941,VCAP,-9.149003716,0
59691338,126941,ZR751,-27.46660601,0
59691338,176870,A2780,76.39988629,1
59691338,176870,COLO320DM,48.51297418,1
59691338,176870,MDAMB436,-3.290961924,0
59691338,176870,NCIH1650,-3.896489294,0
59691338,176870,NCIH23,-17.90054438,0
59691338,176870,NCIH520,-2.289208573,0
59691338,176870,OVCAR3,-13.36920164,0
59691338,176870,RKO,-20.22994781,0
59691338,176870,RPMI7951,59.72697223,1
59691338,176870,SKMEL30,-3.95845481,0
59691338,176870,SW620,-4.543976206,0
59691338,176870,T47D,42.91153743,1
59691338,176870,UWB1289,35.79889298,1
59691338,176870,VCAP,40.73762885,1
59691338,208908,A375,-2.711411405,0
59691338,208908,A427,-29.14380045,0
59691338,208908,CAOV3,31.07862605,1
59691338,208908,HT144,-3.352400491,0
59691338,208908,NCIH23,-2.079720796,0
59691338,208908,NCIH460,-12.86600215,0
59691338,208908,NCIH520,-2.601540441,0
59691338,208908,OV90,-20.31573882,0
59691338,208908,RKO,-0.73752855,0
59691338,208908,RPMI7951,-2.938434911,0
59691338,208908,SW620,-1.68451153,0
59691338,208908,UACC62,-0.393372598,0
59691338,208908,VCAP,37.23268044,1
59691338,216239,CAOV3,-0.22068293,0
59691338,216239,LOVO,-5.475117065,0
59691338,216239,MDAMB436,-0.820016601,0
59691338,216239,MSTO,-7.739490222,0
59691338,216239,OVCAR3,-23.70782935,0
59691338,216239,ZR751,-28.64290107,0
59691338,216453,HCT116,-2.276418363,0
59691338,216453,HT144,-5.646711017,0
59691338,216453,KPL1,-6.238251063,0
59691338,216453,OVCAR3,-23.61631259,0
59691338,216453,RPMI7951,-3.647235183,0
59691338,216453,T47D,-25.27060432,0
59691338,216453,UWB1289BRCA1,-8.930495057,0
59691338,216453,ZR751,-0.871131019,0
59691338,387447,A2780,-9.140127016,0
59691338,387447,EFM192B,-8.64041118,0
59691338,387447,HT144,-13.79735638,0
59691338,387447,HT29,-21.35681594,0
59691338,387447,MDAMB436,-5.866758076,0
59691338,387447,MSTO,102.9030202,1
59691338,387447,NCIH1650,-15.45725566,0
59691338,387447,NCIH23,-7.112623424,0
59691338,387447,NCIH520,-26.90833485,0
59691338,387447,OV90,-10.10813869,0
59691338,387447,OVCAR3,-15.98264765,0
59691338,387447,SKMES1,-17.97968249,0
59691338,387447,SW837,-7.606378534,0
59691338,387447,T47D,-20.03386423,0
59691338,387447,UACC62,-13.40678056,0
59691338,387447,UWB1289,-7.816323005,0
59691338,387447,UWB1289BRCA1,-13.40250237,0
59691338,387447,ZR751,-48.4043743,0
59691338,426756,CAOV3,-4.721598332,0
59691338,426756,DLD1,-4.316698529,0
59691338,426756,ES2,-3.839132643,0
59691338,426756,KPL1,44.37667897,1
59691338,426756,LNCAP,-5.198983517,0
59691338,426756,LOVO,-0.024954089,0
59691338,426756,NCIH1650,-4.708399916,0
59691338,426756,NCIH23,-6.633564616,0
59691338,426756,NCIH520,-15.52708844,0
59691338,426756,OCUBM,60.62477186,1
59691338,426756,OVCAR3,-25.54590572,0
59691338,426756,PA1,-1.146915876,0
59691338,426756,RPMI7951,-8.235199885,0
59691338,426756,SKMES1,-6.994524482,0
59691338,426756,SW837,-20.47369661,0
59691338,426756,T47D,-24.75621273,0
59691338,426756,UWB1289,-7.488320174,0
59691338,3062316,A2780,52.36875011,1
59691338,3062316,A375,-14.13381544,0
59691338,3062316,COLO320DM,-7.658378518,0
59691338,3062316,EFM192B,50.19569201,1
59691338,3062316,ES2,-5.148565983,0
59691338,3062316,HCT116,-46.79594408,0
59691338,3062316,HT144,-50.26877682,0
59691338,3062316,LNCAP,60.51946754,1
59691338,3062316,LOVO,37.64561986,1
59691338,3062316,MSTO,113.5542337,1
59691338,3062316,NCIH2122,-108.3448162,0
59691338,3062316,NCIH23,-7.354246793,0
59691338,3062316,NCIH460,-14.60038501,0
59691338,3062316,OCUBM,34.65372253,1
59691338,3062316,OV90,-3.526247839,0
59691338,3062316,OVCAR3,68.33643074,1
59691338,3062316,RKO,-26.61419328,0
59691338,3062316,SKMEL30,-45.27256755,0
59691338,3062316,SW837,31.28263401,1
59691338,3062316,T47D,-4.443396988,0
59691338,3062316,UACC62,-5.412556344,0
59691338,3062316,UWB1289,-2.31110135,0
59691338,3062316,ZR751,-41.64119829,0
59691338,5288382,A2058,-1.750643588,0
59691338,5288382,CAOV3,-17.62116237,0
59691338,5288382,HT144,-8.202778153,0
59691338,5288382,HT29,-1.418296677,0
59691338,5288382,LNCAP,46.13193589,1
59691338,5288382,MSTO,-2.534506931,0
59691338,5288382,NCIH23,-13.18961957,0
59691338,5288382,NCIH460,-2.283537313,0
59691338,5288382,OCUBM,34.48504355,1
59691338,5288382,OV90,-7.515114606,0
59691338,5288382,OVCAR3,-1.932082574,0
59691338,5288382,RPMI7951,-11.12793657,0
59691338,5288382,SKOV3,-14.10888823,0
59691338,5288382,SW620,-7.118264697,0
59691338,5288382,SW837,-6.27196819,0
59691338,5288382,T47D,-7.112547232,0
59691338,5288382,UACC62,-8.483347181,0
59691338,5288382,UWB1289,-3.477577302,0
59691338,5288382,UWB1289BRCA1,-44.83807234,0
59691338,5288382,VCAP,32.7253206,1
59691338,5288382,ZR751,-8.129937165,0
59691338,5311497,A2058,-18.8844755,0
59691338,5311497,A2780,-11.09076282,0
59691338,5311497,A427,-30.87460459,0
59691338,5311497,CAOV3,-49.62158208,0
59691338,5311497,EFM192B,-13.2703892,0
59691338,5311497,HCT116,-22.02198169,0
59691338,5311497,HT144,-14.05754324,0
59691338,5311497,HT29,-18.37192803,0
59691338,5311497,KPL1,-2.498879051,0
59691338,5311497,LOVO,-0.188559385,0
59691338,5311497,MSTO,-31.26805768,0
59691338,5311497,NCIH2122,-19.48779066,0
59691338,5311497,NCIH23,-10.07199231,0
59691338,5311497,NCIH520,-2.340506411,0
59691338,5311497,OCUBM,-4.512732152,0
59691338,5311497,OVCAR3,-34.51792151,0
59691338,5311497,PA1,-16.69382983,0
59691338,5311497,RKO,-11.04263592,0
59691338,5311497,RPMI7951,-15.3226363,0
59691338,5311497,SW620,-2.559811355,0
59691338,5311497,SW837,-15.26961977,0
59691338,5311497,T47D,-9.730919343,0
59691338,5311497,UACC62,-16.30389212,0
59691338,5311497,UWB1289,-9.578621425,0
59691338,5311497,UWB1289BRCA1,-12.86138348,0
59691338,5311497,VCAP,-5.069764461,0
59691338,5311497,ZR751,-29.20033682,0
59691338,5329102,EFM192B,-4.757422885,0
59691338,5329102,LNCAP,-1.315709623,0
59691338,5329102,NCIH1650,-6.919208946,0
59691338,5329102,RPMI7951,-4.337526859,0
59691338,5329102,SW837,-17.64643235,0
59691338,5329102,T47D,40.42639192,1
59691338,5329102,UWB1289,38.55098932,1
59691338,9826528,CAOV3,48.73145904,1
59691338,9826528,EFM192B,-1.43152494,0
59691338,9826528,HCT116,-3.752902898,0
59691338,9826528,HT144,-0.366034001,0
59691338,9826528,LNCAP,49.12093858,1
59691338,9826528,LOVO,-2.294369107,0
59691338,9826528,MDAMB436,-1.1904488,0
59691338,9826528,MSTO,-18.22695392,0
59691338,9826528,NCIH1650,-3.323477921,0
59691338,9826528,NCIH23,-15.30336986,0
59691338,9826528,OCUBM,31.62224419,1
59691338,9826528,OV90,-10.32708744,0
59691338,9826528,PA1,31.90313553,1
59691338,9826528,RPMI7951,-14.48418103,0
59691338,9826528,SW837,-3.262984777,0
59691338,9826528,UACC62,-7.986508657,0
59691338,9826528,UWB1289BRCA1,-21.4780286,0
59691338,9887053,A2058,-2.425393861,0
59691338,9887053,A2780,-16.8155369,0
59691338,9887053,A375,-20.43932523,0
59691338,9887053,CAOV3,-8.744787352,0
59691338,9887053,DLD1,-3.247872748,0
59691338,9887053,ES2,-14.25233293,0
59691338,9887053,HT144,-17.9582803,0
59691338,9887053,LOVO,-19.74773562,0
59691338,9887053,MDAMB436,-12.53936222,0
59691338,9887053,MSTO,-7.021868963,0
59691338,9887053,NCIH1650,-0.727763844,0
59691338,9887053,NCIH23,-21.86630034,0
59691338,9887053,NCIH460,-24.92284761,0
59691338,9887053,NCIH520,-4.014635526,0
59691338,9887053,OV90,-24.0421876,0
59691338,9887053,OVCAR3,-0.096947308,0
59691338,9887053,PA1,-25.37859088,0
59691338,9887053,RKO,-5.681230827,0
59691338,9887053,RPMI7951,-27.45304846,0
59691338,9887053,SKMES1,-5.666511732,0
59691338,9887053,UACC62,-24.36535474,0
59691338,11520894,A2780,35.58460478,1
59691338,11520894,A427,42.73712743,1
59691338,11520894,CAOV3,34.35302189,1
59691338,11520894,EFM192B,31.27795024,1
59691338,11520894,HCT116,-4.481794449,0
59691338,11520894,HT144,-10.29756889,0
59691338,11520894,KPL1,42.25740356,1
59691338,11520894,LNCAP,44.7739012,1
59691338,11520894,MDAMB436,-6.734398381,0
59691338,11520894,NCIH460,-5.051717382,0
59691338,11520894,NCIH520,-0.2008299,0
59691338,11520894,SKMEL30,30.75360453,1
59691338,11520894,SW837,-9.049714983,0
59691338,11520894,VCAP,-9.444521038,0
59691338,11520894,ZR751,30.64852232,1
59691338,11960529,A375,-2.931919871,0
59691338,11960529,EFM192B,-3.494799639,0
59691338,11960529,ES2,-3.244305382,0
59691338,11960529,HCT116,-12.57239664,0
59691338,11960529,HT144,-3.578041243,0
59691338,11960529,LNCAP,34.64841764,1
59691338,11960529,LOVO,-2.763945186,0
59691338,11960529,NCIH1650,-6.8275167,0
59691338,11960529,NCIH2122,-5.243410715,0
59691338,11960529,NCIH23,-5.232170296,0
59691338,11960529,NCIH460,-15.519045,0
59691338,11960529,OCUBM,37.19949889,1
59691338,11960529,OV90,-4.191866854,0
59691338,11960529,OVCAR3,-2.418502648,0
59691338,11960529,RKO,-3.486079077,0
59691338,11960529,RPMI7951,-8.328130131,0
59691338,11960529,SKMEL30,-13.51838807,0
59691338,11960529,SW837,-9.544528115,0
59691338,11960529,T47D,-16.1532543,0
59691338,11960529,UACC62,-18.06682227,0
59691338,11960529,UWB1289BRCA1,-11.50841711,0
59691338,11960529,ZR751,-17.20156062,0
59691338,11977753,A2780,33.6374407,1
59691338,11977753,CAOV3,-0.185509761,0
59691338,11977753,LNCAP,103.2094953,1
59691338,11977753,OCUBM,40.02260102,1
59691338,11977753,PA1,34.3854162,1
59691338,11977753,SKMEL30,37.68878854,1
59691338,11977753,T47D,137.2835902,1
59691338,11977753,UWB1289,36.22927981,1
59691338,11977753,VCAP,41.95459309,1
59691338,16224745,A427,-12.92264233,0
59691338,16224745,COLO320DM,-2.220498508,0
59691338,16224745,DLD1,-1.537357284,0
59691338,16224745,ES2,-0.278225362,0
59691338,16224745,HCT116,-7.068213336,0
59691338,16224745,MSTO,-4.911441248,0
59691338,16224745,NCIH1650,-11.42042242,0
59691338,16224745,NCIH2122,-18.43308839,0
59691338,16224745,NCIH23,-2.015835598,0
59691338,16224745,NCIH520,-13.51758559,0
59691338,16224745,OVCAR3,-0.00872283,0
59691338,16224745,RPMI7951,-14.90142879,0
59691338,16224745,SKMES1,-12.25989055,0
59691338,16224745,SW837,-16.89029911,0
59691338,16224745,T47D,-47.33893948,0
59691338,16224745,UWB1289,-14.3243822,0
59691338,16224745,UWB1289BRCA1,-11.40889996,0
59691338,16224745,VCAP,41.15436443,1
59691338,16224745,ZR751,-6.623396182,0
59691338,24748204,A2780,-0.218121761,0
59691338,24748204,A427,-1.029423329,0
59691338,24748204,CAOV3,-12.4603851,0
59691338,24748204,LNCAP,-20.54402628,0
59691338,24748204,MSTO,-8.878577763,0
59691338,24748204,NCIH1650,-1.266502415,0
59691338,24748204,NCIH23,-2.041604755,0
59691338,24748204,NCIH460,-11.05488659,0
59691338,24748204,OV90,-1.706931766,0
59691338,24748204,OVCAR3,-13.59166101,0
59691338,24748204,RKO,35.6515734,1
59691338,24748204,SKMES1,-8.293811599,0
59691338,24748204,SW837,-5.479726197,0
59691338,24748204,UWB1289,-4.313139132,0
59691338,24748204,ZR751,-11.87635436,0
59691338,24856436,HCT116,-7.038232534,0
59691338,24856436,LNCAP,-13.39307381,0
59691338,24856436,NCIH2122,-0.390336701,0
59691338,24856436,NCIH460,-2.524403738,0
59691338,24856436,OV90,-6.361245142,0
59691338,24856436,SW837,-4.140664186,0
59691338,24856436,T47D,-10.92011243,0
59691338,24856436,UWB1289,93.77139048,1
59691338,24856436,ZR751,-8.860479122,0
59691338,24958200,A375,-11.71029171,0
59691338,24958200,A427,-8.635831575,0
59691338,24958200,DLD1,-1.89974782,0
59691338,24958200,ES2,-5.692645451,0
59691338,24958200,HT144,-8.96997892,0
59691338,24958200,NCIH23,-0.112574712,0
59691338,24958200,NCIH460,-3.218597308,0
59691338,24958200,OV90,-5.384924246,0
59691338,24958200,OVCAR3,37.26311752,1
59691338,24958200,RPMI7951,-4.394425076,0
59691338,24958200,SKMES1,-8.235665126,0
59691338,24958200,SW837,-1.466996266,0
59691338,24958200,UACC62,-20.27978177,0
59691338,24958200,VCAP,49.38584587,1
59691338,24964624,A375,-14.12001798,0
59691338,24964624,A427,-8.117014907,0
59691338,24964624,CAOV3,83.63078317,1
59691338,24964624,ES2,-5.847819848,0
59691338,24964624,HCT116,-2.935686846,0
59691338,24964624,HT29,34.32233987,1
59691338,24964624,KPL1,38.50374435,1
59691338,24964624,NCIH460,-2.843961452,0
59691338,24964624,SW620,-1.966761065,0
59691338,24964624,T47D,-6.319955356,0
59691338,24964624,UWB1289,34.30489468,1
59691338,24964624,UWB1289BRCA1,36.01308059,1
59691338,24964624,VCAP,46.73735528,1
59691338,46926350,CAOV3,-3.800005738,0
59691338,46926350,COLO320DM,-4.158385314,0
59691338,46926350,DLD1,-0.499414037,0
59691338,46926350,HCT116,-3.622583924,0
59691338,46926350,HT144,-5.685459634,0
59691338,46926350,LNCAP,39.42786979,1
59691338,46926350,LOVO,-6.929982074,0
59691338,46926350,MSTO,-3.847940554,0
59691338,46926350,NCIH520,-2.249505411,0
59691338,46926350,OV90,-14.68197608,0
59691338,46926350,RPMI7951,-4.022046316,0
59691338,46926350,SW837,-6.54210455,0
59691338,46926350,T47D,-53.059033,0
59691338,46926350,UWB1289,-5.290366233,0
59691338,46926350,UWB1289BRCA1,-1.463781939,0
59691338,46926350,ZR751,-7.188980825,0
59691338,56841621,ES2,-2.014862576,0
59691338,56841621,HT144,-9.84921267,0
59691338,56841621,KPL1,-12.93098449,0
59691338,56841621,LOVO,-6.64121962,0
59691338,56841621,MDAMB436,-2.111136915,0
59691338,56841621,MSTO,-27.68547122,0
59691338,56841621,NCIH1650,-3.254722468,0
59691338,56841621,OV90,-5.560683202,0
59691338,56841621,SW620,-4.20304878,0
59691338,56841621,SW837,-0.564810213,0
59691338,56841621,UACC62,-4.362399542,0
59691338,56841621,ZR751,-12.08599226,0
